ISO-10303-21;
HEADER;
/* Generated by software containing ST-Developer
 * from STEP Tools, Inc. (www.steptools.com) 
 */

FILE_DESCRIPTION(
/* description */ (''),
/* implementation_level */ '2;1');

FILE_NAME(
/* name */ 
'C:/Users/noahb/OneDrive/Documents/GitHub/Tilt-Pico-2/enclosure/Tilt-P
ico-Case-v2-4-3dp-parts x1.stp',
/* time_stamp */ '2025-09-21T10:24:34-07:00',
/* author */ (''),
/* organization */ (''),
/* preprocessor_version */ 'ST-DEVELOPER v15.2',
/* originating_system */ 'Autodesk Translator Framework v2.0.0.5431',
/* authorisation */ '');

FILE_SCHEMA (('AUTOMOTIVE_DESIGN { 1 0 10303 214 3 1 1 }'));
ENDSEC;

DATA;
#10=LINE($,#3977,#86);
#11=LINE($,#3979,#87);
#12=LINE($,#3980,#88);
#13=LINE($,#3983,#89);
#14=LINE($,#3985,#90);
#15=LINE($,#3987,#91);
#16=LINE($,#3989,#92);
#17=LINE($,#3991,#93);
#18=LINE($,#3993,#94);
#19=LINE($,#3995,#95);
#20=LINE($,#4005,#96);
#21=LINE($,#4007,#97);
#22=LINE($,#4008,#98);
#23=LINE($,#4013,#99);
#24=LINE($,#4038,#100);
#25=LINE($,#4041,#101);
#26=LINE($,#4043,#102);
#27=LINE($,#4045,#103);
#28=LINE($,#4046,#104);
#29=LINE($,#4050,#105);
#30=LINE($,#4054,#106);
#31=LINE($,#4059,#107);
#32=LINE($,#4063,#108);
#33=LINE($,#4068,#109);
#34=LINE($,#4072,#110);
#35=LINE($,#4077,#111);
#36=LINE($,#4081,#112);
#37=LINE($,#4118,#113);
#38=LINE($,#4120,#114);
#39=LINE($,#4122,#115);
#40=LINE($,#4123,#116);
#41=LINE($,#4133,#117);
#42=LINE($,#4135,#118);
#43=LINE($,#4144,#119);
#44=LINE($,#4147,#120);
#45=LINE($,#4151,#121);
#46=LINE($,#4154,#122);
#47=LINE($,#4178,#123);
#48=LINE($,#4180,#124);
#49=LINE($,#4193,#125);
#50=LINE($,#4195,#126);
#51=LINE($,#4196,#127);
#52=LINE($,#4199,#128);
#53=LINE($,#4200,#129);
#54=LINE($,#4201,#130);
#55=LINE($,#4202,#131);
#56=LINE($,#4204,#132);
#57=LINE($,#4208,#133);
#58=LINE($,#4210,#134);
#59=LINE($,#4212,#135);
#60=LINE($,#4213,#136);
#61=LINE($,#4215,#137);
#62=LINE($,#4225,#138);
#63=LINE($,#4226,#139);
#64=LINE($,#4228,#140);
#65=LINE($,#4230,#141);
#66=LINE($,#4232,#142);
#67=LINE($,#4246,#143);
#68=LINE($,#4248,#144);
#69=LINE($,#4249,#145);
#70=LINE($,#4252,#146);
#71=LINE($,#4254,#147);
#72=LINE($,#4255,#148);
#73=LINE($,#4257,#149);
#74=LINE($,#4260,#150);
#75=LINE($,#4261,#151);
#76=LINE($,#4263,#152);
#77=LINE($,#4264,#153);
#78=LINE($,#4267,#154);
#79=LINE($,#4268,#155);
#80=LINE($,#4271,#156);
#81=LINE($,#4272,#157);
#82=LINE($,#4274,#158);
#83=LINE($,#4275,#159);
#84=LINE($,#4277,#160);
#85=LINE($,#4281,#161);
#86=VECTOR($,#2399,0.40487391978048);
#87=VECTOR($,#2400,0.550000005960464);
#88=VECTOR($,#2401,0.40487391978048);
#89=VECTOR($,#2404,0.356193221824775);
#90=VECTOR($,#2405,0.300000000000001);
#91=VECTOR($,#2406,0.25672234575153);
#92=VECTOR($,#2407,0.392339706420898);
#93=VECTOR($,#2408,0.156722345751536);
#94=VECTOR($,#2409,0.307661130982945);
#95=VECTOR($,#2410,0.0500000000000007);
#96=VECTOR($,#2415,0.404873919780476);
#97=VECTOR($,#2416,0.550000005960464);
#98=VECTOR($,#2417,0.404873919780476);
#99=VECTOR($,#2422,2.2);
#100=VECTOR($,#2427,2.61238644364578);
#101=VECTOR($,#2428,2.4);
#102=VECTOR($,#2429,0.392339706420898);
#103=VECTOR($,#2430,2.4);
#104=VECTOR($,#2431,0.392339706420898);
#105=VECTOR($,#2434,0.149999999999988);
#106=VECTOR($,#2437,0.149999999999988);
#107=VECTOR($,#2442,0.149999999999984);
#108=VECTOR($,#2445,0.149999999999988);
#109=VECTOR($,#2450,0.149999999999991);
#110=VECTOR($,#2453,0.149999999999991);
#111=VECTOR($,#2458,0.149999999999984);
#112=VECTOR($,#2461,0.149999999999991);
#113=VECTOR($,#2490,2.1);
#114=VECTOR($,#2491,0.307661130982945);
#115=VECTOR($,#2492,2.1);
#116=VECTOR($,#2493,0.307661130982945);
#117=VECTOR($,#2498,0.149999999999995);
#118=VECTOR($,#2499,0.149999999999995);
#119=VECTOR($,#2502,0.149999999999991);
#120=VECTOR($,#2505,0.149999999999995);
#121=VECTOR($,#2510,0.149999999999995);
#122=VECTOR($,#2513,0.149999999999995);
#123=VECTOR($,#2522,0.149999999999995);
#124=VECTOR($,#2523,0.149999999999995);
#125=VECTOR($,#2534,0.550000005960464);
#126=VECTOR($,#2535,0.392339706420898);
#127=VECTOR($,#2536,0.550000005960464);
#128=VECTOR($,#2539,0.143277654248468);
#129=VECTOR($,#2540,0.350000005960464);
#130=VECTOR($,#2541,0.350000005960464);
#131=VECTOR($,#2542,0.550000005960464);
#132=VECTOR($,#2545,0.550000005960464);
#133=VECTOR($,#2548,0.110000000000003);
#134=VECTOR($,#2549,0.299999162596158);
#135=VECTOR($,#2550,0.110000000000003);
#136=VECTOR($,#2551,0.299999162596158);
#137=VECTOR($,#2554,0.349999982118607);
#138=VECTOR($,#2559,0.0500000000000007);
#139=VECTOR($,#2560,0.307661130982945);
#140=VECTOR($,#2561,0.243277654248462);
#141=VECTOR($,#2562,0.300000000000001);
#142=VECTOR($,#2563,0.356193221821002);
#143=VECTOR($,#2568,2.1);
#144=VECTOR($,#2569,2.1);
#145=VECTOR($,#2570,0.299999162596158);
#146=VECTOR($,#2573,0.110000000000003);
#147=VECTOR($,#2574,0.110000000000003);
#148=VECTOR($,#2575,0.299999162596158);
#149=VECTOR($,#2578,0.349999982118607);
#150=VECTOR($,#2581,0.239999982118604);
#151=VECTOR($,#2582,0.0999999999999979);
#152=VECTOR($,#2583,0.0999999999999979);
#153=VECTOR($,#2584,0.239999982118604);
#154=VECTOR($,#2587,0.300000000000001);
#155=VECTOR($,#2588,0.0999999999999979);
#156=VECTOR($,#2591,0.300000000000001);
#157=VECTOR($,#2592,0.240000005960461);
#158=VECTOR($,#2595,0.550000005960464);
#159=VECTOR($,#2596,0.550000005960464);
#160=VECTOR($,#2599,0.0999999999999979);
#161=VECTOR($,#2606,0.240000005960461);
#162=ELLIPSE($,#2151,0.16977611490103,0.169757017456194);
#163=ELLIPSE($,#2152,0.16977611490103,0.169757017456194);
#164=ELLIPSE($,#2153,0.16977611490103,0.169757017456194);
#165=ELLIPSE($,#2154,0.16977611490103,0.169757017456194);
#166=ELLIPSE($,#2155,0.16977611490103,0.169757017456194);
#167=ELLIPSE($,#2156,0.16977611490103,0.169757017456194);
#168=ELLIPSE($,#2157,0.123087683303247,0.123073837655741);
#169=ELLIPSE($,#2158,0.123087683303247,0.123073837655741);
#170=ELLIPSE($,#2159,0.16977611490103,0.169757017456194);
#171=ELLIPSE($,#2160,0.16977611490103,0.169757017456194);
#172=ELLIPSE($,#2161,0.16977611490103,0.169757017456194);
#173=ELLIPSE($,#2162,0.123087683303245,0.123073837655739);
#174=ELLIPSE($,#2163,0.16977611490103,0.169757017456194);
#175=ELLIPSE($,#2173,0.16977611490103,0.169757017456194);
#176=ELLIPSE($,#2186,0.1025,0.0250000000000001);
#177=ELLIPSE($,#2187,0.1025,0.0250000000000001);
#178=ELLIPSE($,#2188,0.1025,0.0250000000000001);
#179=ELLIPSE($,#2189,0.1025,0.0250000000000001);
#180=ELLIPSE($,#2191,0.1025,0.0250000000000002);
#181=ELLIPSE($,#2193,0.1025,0.0250000000000002);
#182=ELLIPSE($,#2195,0.1025,0.0250000000000002);
#183=ELLIPSE($,#2197,0.1025,0.0250000000000002);
#184=ELLIPSE($,#2199,0.1025,0.0250000000000001);
#185=ELLIPSE($,#2200,0.1025,0.0250000000000001);
#186=ELLIPSE($,#2201,0.1025,0.0250000000000002);
#187=ELLIPSE($,#2202,0.1025,0.0250000000000002);
#188=ELLIPSE($,#2207,0.1025,0.0250000000000001);
#189=ELLIPSE($,#2208,0.1025,0.0250000000000001);
#190=ELLIPSE($,#2210,0.1025,0.0250000000000002);
#191=ELLIPSE($,#2211,0.1025,0.0250000000000002);
#192=ELLIPSE($,#2221,0.16977611490103,0.169757017456194);
#193=ELLIPSE($,#2237,0.16977611490103,0.169757017456194);
#194=ELLIPSE($,#2238,0.16977611490103,0.169757017456194);
#195=ELLIPSE($,#2239,0.16977611490103,0.169757017456194);
#196=ELLIPSE($,#2240,0.16977611490103,0.169757017456194);
#197=ELLIPSE($,#2241,0.123087683303247,0.123073837655741);
#198=ELLIPSE($,#2242,0.123087683303247,0.123073837655741);
#199=ELLIPSE($,#2243,0.16977611490103,0.169757017456194);
#200=ELLIPSE($,#2244,0.16977611490103,0.169757017456194);
#201=ELLIPSE($,#2245,0.16977611490103,0.169757017456194);
#202=ELLIPSE($,#2246,0.16977611490103,0.169757017456194);
#203=ELLIPSE($,#2247,0.123087683303245,0.123073837655739);
#204=(
BOUNDED_SURFACE()
B_SPLINE_SURFACE(1,2,((#2787,#2788,#2789),(#2790,#2791,#2792)),
 .UNSPECIFIED.,.F.,.F.,.F.)
B_SPLINE_SURFACE_WITH_KNOTS((2,2),(3,3),(-1.76703294367382,-0.912967057176194),
(1.71080427526053,3.00678448441861),.UNSPECIFIED.)
GEOMETRIC_REPRESENTATION_ITEM()
RATIONAL_B_SPLINE_SURFACE(((1.,0.797298551154621,1.),(1.,0.797298551154621,
1.)))
REPRESENTATION_ITEM($)
SURFACE()
);
#205=(
BOUNDED_SURFACE()
B_SPLINE_SURFACE(1,2,((#2819,#2820,#2821),(#2822,#2823,#2824)),
 .UNSPECIFIED.,.F.,.F.,.F.)
B_SPLINE_SURFACE_WITH_KNOTS((2,2),(3,3),(-5.8606594960665,-5.00659350424549),
(1.71048152698207,3.00709896721677),.UNSPECIFIED.)
GEOMETRIC_REPRESENTATION_ITEM()
RATIONAL_B_SPLINE_SURFACE(((1.,0.797106199084591,1.),(1.,0.797106199084591,
1.)))
REPRESENTATION_ITEM($)
SURFACE()
);
#206=(
BOUNDED_SURFACE()
B_SPLINE_SURFACE(1,2,((#3397,#3398,#3399),(#3400,#3401,#3402)),
 .UNSPECIFIED.,.F.,.F.,.F.)
B_SPLINE_SURFACE_WITH_KNOTS((2,2),(3,3),(-5.8606594960665,-0.912967057176195),
(-1.43111112660772,-0.144800775989632),.UNSPECIFIED.)
GEOMETRIC_REPRESENTATION_ITEM()
RATIONAL_B_SPLINE_SURFACE(((1.,0.800207512218413,1.),(1.,0.800207512218413,
1.)))
REPRESENTATION_ITEM($)
SURFACE()
);
#207=(
BOUNDED_SURFACE()
B_SPLINE_SURFACE(2,2,((#3423,#3424,#3425,#3426,#3427,#3428,#3429,#3430,
#3431),(#3432,#3433,#3434,#3435,#3436,#3437,#3438,#3439,#3440),(#3441,#3442,
#3443,#3444,#3445,#3446,#3447,#3448,#3449),(#3450,#3451,#3452,#3453,#3454,
#3455,#3456,#3457,#3458),(#3459,#3460,#3461,#3462,#3463,#3464,#3465,#3466,
#3467),(#3468,#3469,#3470,#3471,#3472,#3473,#3474,#3475,#3476),(#3477,#3478,
#3479,#3480,#3481,#3482,#3483,#3484,#3485),(#3486,#3487,#3488,#3489,#3490,
#3491,#3492,#3493,#3494),(#3495,#3496,#3497,#3498,#3499,#3500,#3501,#3502,
#3503)),.UNSPECIFIED.,.T.,.T.,.F.)
B_SPLINE_SURFACE_WITH_KNOTS((3,2,2,2,3),(3,2,2,2,3),(-3.14159265358979,
-1.5707963267949,0.,1.5707963267949,3.14159265358979),(0.,1.5707963267949,
3.14159265358979,4.71238898038469,6.28318530717959),.UNSPECIFIED.)
GEOMETRIC_REPRESENTATION_ITEM()
RATIONAL_B_SPLINE_SURFACE(((1.,0.707106781186548,1.,0.707106781186548,1.,
0.707106781186548,1.,0.707106781186548,1.),(0.70710678118656,0.500000000000009,
0.70710678118656,0.500000000000009,0.70710678118656,0.500000000000009,0.70710678118656,
0.500000000000009,0.70710678118656),(1.,0.707106781186548,1.,0.707106781186548,
1.,0.707106781186548,1.,0.707106781186548,1.),(0.70710678118656,0.500000000000009,
0.70710678118656,0.500000000000009,0.70710678118656,0.500000000000009,0.70710678118656,
0.500000000000009,0.70710678118656),(1.,0.707106781186548,1.,0.707106781186548,
1.,0.707106781186548,1.,0.707106781186548,1.),(0.70710678118656,0.500000000000009,
0.70710678118656,0.500000000000009,0.70710678118656,0.500000000000009,0.70710678118656,
0.500000000000009,0.70710678118656),(1.,0.707106781186548,1.,0.707106781186548,
1.,0.707106781186548,1.,0.707106781186548,1.),(0.70710678118656,0.500000000000009,
0.70710678118656,0.500000000000009,0.70710678118656,0.500000000000009,0.70710678118656,
0.500000000000009,0.70710678118656),(1.,0.707106781186548,1.,0.707106781186548,
1.,0.707106781186548,1.,0.707106781186548,1.)))
REPRESENTATION_ITEM($)
SURFACE()
);
#208=(
BOUNDED_SURFACE()
B_SPLINE_SURFACE(2,2,((#3872,#3873,#3874,#3875,#3876,#3877,#3878,#3879,
#3880),(#3881,#3882,#3883,#3884,#3885,#3886,#3887,#3888,#3889),(#3890,#3891,
#3892,#3893,#3894,#3895,#3896,#3897,#3898),(#3899,#3900,#3901,#3902,#3903,
#3904,#3905,#3906,#3907),(#3908,#3909,#3910,#3911,#3912,#3913,#3914,#3915,
#3916),(#3917,#3918,#3919,#3920,#3921,#3922,#3923,#3924,#3925),(#3926,#3927,
#3928,#3929,#3930,#3931,#3932,#3933,#3934),(#3935,#3936,#3937,#3938,#3939,
#3940,#3941,#3942,#3943),(#3944,#3945,#3946,#3947,#3948,#3949,#3950,#3951,
#3952)),.UNSPECIFIED.,.T.,.T.,.F.)
B_SPLINE_SURFACE_WITH_KNOTS((3,2,2,2,3),(3,2,2,2,3),(-3.14159265358979,
-1.5707963267949,0.,1.5707963267949,3.14159265358979),(0.,1.5707963267949,
3.14159265358979,4.71238898038469,6.28318530717959),.UNSPECIFIED.)
GEOMETRIC_REPRESENTATION_ITEM()
RATIONAL_B_SPLINE_SURFACE(((1.,0.707106781186548,1.,0.707106781186548,1.,
0.707106781186548,1.,0.707106781186548,1.),(0.707106781186578,0.500000000000022,
0.707106781186578,0.500000000000022,0.707106781186578,0.500000000000022,
0.707106781186578,0.500000000000022,0.707106781186578),(1.,0.707106781186548,
1.,0.707106781186548,1.,0.707106781186548,1.,0.707106781186548,1.),(0.707106781186578,
0.500000000000022,0.707106781186578,0.500000000000022,0.707106781186578,
0.500000000000022,0.707106781186578,0.500000000000022,0.707106781186578),
(1.,0.707106781186548,1.,0.707106781186548,1.,0.707106781186548,1.,0.707106781186548,
1.),(0.707106781186578,0.500000000000022,0.707106781186578,0.500000000000022,
0.707106781186578,0.500000000000022,0.707106781186578,0.500000000000022,
0.707106781186578),(1.,0.707106781186548,1.,0.707106781186548,1.,0.707106781186548,
1.,0.707106781186548,1.),(0.707106781186578,0.500000000000022,0.707106781186578,
0.500000000000022,0.707106781186578,0.500000000000022,0.707106781186578,
0.500000000000022,0.707106781186578),(1.,0.707106781186548,1.,0.707106781186548,
1.,0.707106781186548,1.,0.707106781186548,1.)))
REPRESENTATION_ITEM($)
SURFACE()
);
#209=(
BOUNDED_SURFACE()
B_SPLINE_SURFACE(1,2,((#3961,#3962,#3963),(#3964,#3965,#3966)),
 .UNSPECIFIED.,.F.,.F.,.F.)
B_SPLINE_SURFACE_WITH_KNOTS((2,2),(3,3),(-5.8606594960665,-0.912967057176194),
(0.127415964692269,1.43111112660768),.UNSPECIFIED.)
GEOMETRIC_REPRESENTATION_ITEM()
RATIONAL_B_SPLINE_SURFACE(((1.,0.794964309568402,1.),(1.,0.794964309568402,
1.)))
REPRESENTATION_ITEM($)
SURFACE()
);
#210=(
BOUNDED_SURFACE()
B_SPLINE_SURFACE(1,2,((#3967,#3968,#3969),(#3970,#3971,#3972)),
 .UNSPECIFIED.,.F.,.F.,.F.)
B_SPLINE_SURFACE_WITH_KNOTS((2,2),(3,3),(-5.8606594960665,-0.912967057176173),
(-2.98971493581042,-1.71048152698205),.UNSPECIFIED.)
GEOMETRIC_REPRESENTATION_ITEM()
RATIONAL_B_SPLINE_SURFACE(((1.,0.80232460133508,1.),(1.,0.80232460133508,
1.)))
REPRESENTATION_ITEM($)
SURFACE()
);
#211=(
BOUNDED_SURFACE()
B_SPLINE_SURFACE(1,2,((#4083,#4084,#4085),(#4086,#4087,#4088)),
 .UNSPECIFIED.,.F.,.F.,.F.)
B_SPLINE_SURFACE_WITH_KNOTS((2,2),(3,3),(-1.55317067355641,-0.0897560394101218),
(-0.516079652095307,0.516079652095183),.UNSPECIFIED.)
GEOMETRIC_REPRESENTATION_ITEM()
RATIONAL_B_SPLINE_SURFACE(((1.,0.869760448891914,1.),(1.,0.869760448891914,
1.)))
REPRESENTATION_ITEM($)
SURFACE()
);
#212=(
BOUNDED_SURFACE()
B_SPLINE_SURFACE(1,2,((#4091,#4092,#4093),(#4094,#4095,#4096)),
 .UNSPECIFIED.,.F.,.F.,.F.)
B_SPLINE_SURFACE_WITH_KNOTS((2,2),(3,3),(-1.55317067355644,-0.0897560394101213),
(-0.516079652095153,0.516079652095085),.UNSPECIFIED.)
GEOMETRIC_REPRESENTATION_ITEM()
RATIONAL_B_SPLINE_SURFACE(((1.,0.869760448891976,1.),(1.,0.869760448891976,
1.)))
REPRESENTATION_ITEM($)
SURFACE()
);
#213=(
BOUNDED_SURFACE()
B_SPLINE_SURFACE(1,2,((#4126,#4127,#4128),(#4129,#4130,#4131)),
 .UNSPECIFIED.,.F.,.F.,.F.)
B_SPLINE_SURFACE_WITH_KNOTS((2,2),(3,3),(-1.55317067355641,-0.0897560394101224),
(2.62551300149438,3.65767230568523),.UNSPECIFIED.)
GEOMETRIC_REPRESENTATION_ITEM()
RATIONAL_B_SPLINE_SURFACE(((1.,0.869760448891825,1.),(1.,0.869760448891825,
1.)))
REPRESENTATION_ITEM($)
SURFACE()
);
#214=(
BOUNDED_SURFACE()
B_SPLINE_SURFACE(1,2,((#4137,#4138,#4139),(#4140,#4141,#4142)),
 .UNSPECIFIED.,.F.,.F.,.F.)
B_SPLINE_SURFACE_WITH_KNOTS((2,2),(3,3),(-1.55317067355641,-0.0897560394101218),
(-0.516079652095165,0.516079652095166),.UNSPECIFIED.)
GEOMETRIC_REPRESENTATION_ITEM()
RATIONAL_B_SPLINE_SURFACE(((1.,0.869760448891953,1.),(1.,0.869760448891953,
1.)))
REPRESENTATION_ITEM($)
SURFACE()
);
#215=(
BOUNDED_SURFACE()
B_SPLINE_SURFACE(1,2,((#4156,#4157,#4158),(#4159,#4160,#4161)),
 .UNSPECIFIED.,.F.,.F.,.F.)
B_SPLINE_SURFACE_WITH_KNOTS((2,2),(3,3),(-1.55317067355638,-0.0897560394101227),
(2.62551300149461,3.6576723056851),.UNSPECIFIED.)
GEOMETRIC_REPRESENTATION_ITEM()
RATIONAL_B_SPLINE_SURFACE(((1.,0.869760448891913,1.),(1.,0.869760448891913,
1.)))
REPRESENTATION_ITEM($)
SURFACE()
);
#216=(
BOUNDED_SURFACE()
B_SPLINE_SURFACE(1,2,((#4163,#4164,#4165),(#4166,#4167,#4168)),
 .UNSPECIFIED.,.F.,.F.,.F.)
B_SPLINE_SURFACE_WITH_KNOTS((2,2),(3,3),(-1.55317067355641,-0.0897560394101222),
(2.62551300149443,3.65767230568515),.UNSPECIFIED.)
GEOMETRIC_REPRESENTATION_ITEM()
RATIONAL_B_SPLINE_SURFACE(((1.,0.869760448891857,1.),(1.,0.869760448891857,
1.)))
REPRESENTATION_ITEM($)
SURFACE()
);
#217=(
BOUNDED_SURFACE()
B_SPLINE_SURFACE(1,2,((#4171,#4172,#4173),(#4174,#4175,#4176)),
 .UNSPECIFIED.,.F.,.F.,.F.)
B_SPLINE_SURFACE_WITH_KNOTS((2,2),(3,3),(-1.55317067355641,-0.0897560394101227),
(2.62551300149461,3.65767230568499),.UNSPECIFIED.)
GEOMETRIC_REPRESENTATION_ITEM()
RATIONAL_B_SPLINE_SURFACE(((1.,0.86976044889194,1.),(1.,0.86976044889194,
1.)))
REPRESENTATION_ITEM($)
SURFACE()
);
#218=(
BOUNDED_SURFACE()
B_SPLINE_SURFACE(1,2,((#4182,#4183,#4184),(#4185,#4186,#4187)),
 .UNSPECIFIED.,.F.,.F.,.F.)
B_SPLINE_SURFACE_WITH_KNOTS((2,2),(3,3),(-1.55317067355641,-0.0897560394101218),
(-0.516079652095182,0.516079652095198),.UNSPECIFIED.)
GEOMETRIC_REPRESENTATION_ITEM()
RATIONAL_B_SPLINE_SURFACE(((1.,0.869760448891941,1.),(1.,0.869760448891941,
1.)))
REPRESENTATION_ITEM($)
SURFACE()
);
#219=(
BOUNDED_SURFACE()
B_SPLINE_SURFACE(1,2,((#4406,#4407,#4408),(#4409,#4410,#4411)),
 .UNSPECIFIED.,.F.,.F.,.F.)
B_SPLINE_SURFACE_WITH_KNOTS((2,2),(3,3),(-5.8606594960665,-5.00659350424549),
(-2.98971493581042,-1.71048152698205),.UNSPECIFIED.)
GEOMETRIC_REPRESENTATION_ITEM()
RATIONAL_B_SPLINE_SURFACE(((1.,0.80232460133508,1.),(1.,0.80232460133508,
1.)))
REPRESENTATION_ITEM($)
SURFACE()
);
#220=(
BOUNDED_SURFACE()
B_SPLINE_SURFACE(1,2,((#4423,#4424,#4425),(#4426,#4427,#4428)),
 .UNSPECIFIED.,.F.,.F.,.F.)
B_SPLINE_SURFACE_WITH_KNOTS((2,2),(3,3),(-1.76703294367382,-0.912967057176173),
(-2.98939968898032,-1.71080427526051),.UNSPECIFIED.)
GEOMETRIC_REPRESENTATION_ITEM()
RATIONAL_B_SPLINE_SURFACE(((1.,0.802514966308498,1.),(1.,0.802514966308498,
1.)))
REPRESENTATION_ITEM($)
SURFACE()
);
#221=(
BOUNDED_SURFACE()
B_SPLINE_SURFACE(1,2,((#4873,#4874,#4875),(#4876,#4877,#4878)),
 .UNSPECIFIED.,.F.,.F.,.F.)
B_SPLINE_SURFACE_WITH_KNOTS((2,2),(3,3),(-5.8606594960665,-0.912967057176195),
(-1.43111112660772,-0.144800775989632),.UNSPECIFIED.)
GEOMETRIC_REPRESENTATION_ITEM()
RATIONAL_B_SPLINE_SURFACE(((1.,0.800207512218413,1.),(1.,0.800207512218413,
1.)))
REPRESENTATION_ITEM($)
SURFACE()
);
#222=(
BOUNDED_SURFACE()
B_SPLINE_SURFACE(2,2,((#4891,#4892,#4893,#4894,#4895,#4896,#4897,#4898,
#4899),(#4900,#4901,#4902,#4903,#4904,#4905,#4906,#4907,#4908),(#4909,#4910,
#4911,#4912,#4913,#4914,#4915,#4916,#4917),(#4918,#4919,#4920,#4921,#4922,
#4923,#4924,#4925,#4926),(#4927,#4928,#4929,#4930,#4931,#4932,#4933,#4934,
#4935),(#4936,#4937,#4938,#4939,#4940,#4941,#4942,#4943,#4944),(#4945,#4946,
#4947,#4948,#4949,#4950,#4951,#4952,#4953),(#4954,#4955,#4956,#4957,#4958,
#4959,#4960,#4961,#4962),(#4963,#4964,#4965,#4966,#4967,#4968,#4969,#4970,
#4971)),.UNSPECIFIED.,.T.,.T.,.F.)
B_SPLINE_SURFACE_WITH_KNOTS((3,2,2,2,3),(3,2,2,2,3),(-3.14159265358979,
-1.5707963267949,0.,1.5707963267949,3.14159265358979),(0.,1.5707963267949,
3.14159265358979,4.71238898038469,6.28318530717959),.UNSPECIFIED.)
GEOMETRIC_REPRESENTATION_ITEM()
RATIONAL_B_SPLINE_SURFACE(((1.,0.707106781186548,1.,0.707106781186548,1.,
0.707106781186548,1.,0.707106781186548,1.),(0.70710678118656,0.500000000000009,
0.70710678118656,0.500000000000009,0.70710678118656,0.500000000000009,0.70710678118656,
0.500000000000009,0.70710678118656),(1.,0.707106781186548,1.,0.707106781186548,
1.,0.707106781186548,1.,0.707106781186548,1.),(0.70710678118656,0.500000000000009,
0.70710678118656,0.500000000000009,0.70710678118656,0.500000000000009,0.70710678118656,
0.500000000000009,0.70710678118656),(1.,0.707106781186548,1.,0.707106781186548,
1.,0.707106781186548,1.,0.707106781186548,1.),(0.70710678118656,0.500000000000009,
0.70710678118656,0.500000000000009,0.70710678118656,0.500000000000009,0.70710678118656,
0.500000000000009,0.70710678118656),(1.,0.707106781186548,1.,0.707106781186548,
1.,0.707106781186548,1.,0.707106781186548,1.),(0.70710678118656,0.500000000000009,
0.70710678118656,0.500000000000009,0.70710678118656,0.500000000000009,0.70710678118656,
0.500000000000009,0.70710678118656),(1.,0.707106781186548,1.,0.707106781186548,
1.,0.707106781186548,1.,0.707106781186548,1.)))
REPRESENTATION_ITEM($)
SURFACE()
);
#223=(
BOUNDED_SURFACE()
B_SPLINE_SURFACE(1,2,((#5012,#5013,#5014),(#5015,#5016,#5017)),
 .UNSPECIFIED.,.F.,.F.,.F.)
B_SPLINE_SURFACE_WITH_KNOTS((2,2),(3,3),(-5.8606594960665,-0.912967057176194),
(1.71048152698207,3.00709896721677),.UNSPECIFIED.)
GEOMETRIC_REPRESENTATION_ITEM()
RATIONAL_B_SPLINE_SURFACE(((1.,0.797106199084591,1.),(1.,0.797106199084591,
1.)))
REPRESENTATION_ITEM($)
SURFACE()
);
#224=(
BOUNDED_SURFACE()
B_SPLINE_SURFACE(2,2,((#5407,#5408,#5409,#5410,#5411,#5412,#5413,#5414,
#5415),(#5416,#5417,#5418,#5419,#5420,#5421,#5422,#5423,#5424),(#5425,#5426,
#5427,#5428,#5429,#5430,#5431,#5432,#5433),(#5434,#5435,#5436,#5437,#5438,
#5439,#5440,#5441,#5442),(#5443,#5444,#5445,#5446,#5447,#5448,#5449,#5450,
#5451),(#5452,#5453,#5454,#5455,#5456,#5457,#5458,#5459,#5460),(#5461,#5462,
#5463,#5464,#5465,#5466,#5467,#5468,#5469),(#5470,#5471,#5472,#5473,#5474,
#5475,#5476,#5477,#5478),(#5479,#5480,#5481,#5482,#5483,#5484,#5485,#5486,
#5487)),.UNSPECIFIED.,.T.,.T.,.F.)
B_SPLINE_SURFACE_WITH_KNOTS((3,2,2,2,3),(3,2,2,2,3),(-3.14159265358979,
-1.5707963267949,0.,1.5707963267949,3.14159265358979),(0.,1.5707963267949,
3.14159265358979,4.71238898038469,6.28318530717959),.UNSPECIFIED.)
GEOMETRIC_REPRESENTATION_ITEM()
RATIONAL_B_SPLINE_SURFACE(((1.,0.707106781186548,1.,0.707106781186548,1.,
0.707106781186548,1.,0.707106781186548,1.),(0.707106781186578,0.500000000000022,
0.707106781186578,0.500000000000022,0.707106781186578,0.500000000000022,
0.707106781186578,0.500000000000022,0.707106781186578),(1.,0.707106781186548,
1.,0.707106781186548,1.,0.707106781186548,1.,0.707106781186548,1.),(0.707106781186578,
0.500000000000022,0.707106781186578,0.500000000000022,0.707106781186578,
0.500000000000022,0.707106781186578,0.500000000000022,0.707106781186578),
(1.,0.707106781186548,1.,0.707106781186548,1.,0.707106781186548,1.,0.707106781186548,
1.),(0.707106781186578,0.500000000000022,0.707106781186578,0.500000000000022,
0.707106781186578,0.500000000000022,0.707106781186578,0.500000000000022,
0.707106781186578),(1.,0.707106781186548,1.,0.707106781186548,1.,0.707106781186548,
1.,0.707106781186548,1.),(0.707106781186578,0.500000000000022,0.707106781186578,
0.500000000000022,0.707106781186578,0.500000000000022,0.707106781186578,
0.500000000000022,0.707106781186578),(1.,0.707106781186548,1.,0.707106781186548,
1.,0.707106781186548,1.,0.707106781186548,1.)))
REPRESENTATION_ITEM($)
SURFACE()
);
#225=(
BOUNDED_SURFACE()
B_SPLINE_SURFACE(1,2,((#5495,#5496,#5497),(#5498,#5499,#5500)),
 .UNSPECIFIED.,.F.,.F.,.F.)
B_SPLINE_SURFACE_WITH_KNOTS((2,2),(3,3),(-5.8606594960665,-0.912967057176194),
(0.127415964692269,1.43111112660768),.UNSPECIFIED.)
GEOMETRIC_REPRESENTATION_ITEM()
RATIONAL_B_SPLINE_SURFACE(((1.,0.794964309568402,1.),(1.,0.794964309568402,
1.)))
REPRESENTATION_ITEM($)
SURFACE()
);
#226=B_SPLINE_CURVE_WITH_KNOTS($,3,(#2747,#2748,#2749,#2750),
 .UNSPECIFIED.,.F.,.F.,(4,4),(0.29981278496021,0.299926995244026),
 .UNSPECIFIED.);
#227=B_SPLINE_CURVE_WITH_KNOTS($,3,(#2752,#2753,#2754,#2755),
 .UNSPECIFIED.,.F.,.F.,(4,4),(0.0500000000000043,0.600000005960469),
 .UNSPECIFIED.);
#228=B_SPLINE_CURVE_WITH_KNOTS($,3,(#2757,#2758,#2759,#2760),
 .UNSPECIFIED.,.F.,.F.,(4,4),(0.263003214692952,0.263078940839585),
 .UNSPECIFIED.);
#229=B_SPLINE_CURVE_WITH_KNOTS($,3,(#2762,#2763,#2764,#2765),
 .UNSPECIFIED.,.F.,.F.,(4,4),(0.680487804878056,1.30273960490752),
 .UNSPECIFIED.);
#230=B_SPLINE_CURVE_WITH_KNOTS($,3,(#2767,#2768,#2769,#2770),
 .UNSPECIFIED.,.F.,.F.,(4,4),(2.62277058250945,3.14159265358979),
 .UNSPECIFIED.);
#231=B_SPLINE_CURVE_WITH_KNOTS($,3,(#2772,#2773,#2774,#2775,#2776,#2777),
 .UNSPECIFIED.,.F.,.F.,(4,2,4),(0.,0.277469678464175,0.828629311707534),
 .UNSPECIFIED.);
#232=B_SPLINE_CURVE_WITH_KNOTS($,3,(#2779,#2780,#2781,#2782),
 .UNSPECIFIED.,.F.,.F.,(4,4),(3.14159265358979,3.66041472466992),
 .UNSPECIFIED.);
#233=B_SPLINE_CURVE_WITH_KNOTS($,3,(#2783,#2784,#2785,#2786),
 .UNSPECIFIED.,.F.,.F.,(4,4),(3.75050807779463,4.36829268292683),
 .UNSPECIFIED.);
#234=B_SPLINE_CURVE_WITH_KNOTS($,3,(#2797,#2798,#2799,#2800),
 .UNSPECIFIED.,.F.,.F.,(4,4),(0.688812781869871,0.828629311707534),
 .UNSPECIFIED.);
#235=B_SPLINE_CURVE_WITH_KNOTS($,3,(#2802,#2803,#2804,#2805),
 .UNSPECIFIED.,.F.,.F.,(4,4),(4.40518732603047E-010,0.00518149169888696),
 .UNSPECIFIED.);
#236=B_SPLINE_CURVE_WITH_KNOTS($,3,(#2809,#2810,#2811,#2812),
 .UNSPECIFIED.,.F.,.F.,(4,4),(0.,0.00518140370091823),.UNSPECIFIED.);
#237=B_SPLINE_CURVE_WITH_KNOTS($,3,(#2813,#2814,#2815,#2816,#2817,#2818),
 .UNSPECIFIED.,.F.,.F.,(4,2,4),(0.,0.136857676308562,0.139816529837662),
 .UNSPECIFIED.);
#238=B_SPLINE_CURVE_WITH_KNOTS($,3,(#2829,#2830,#2831,#2832,#2833,#2834),
 .UNSPECIFIED.,.F.,.F.,(4,2,4),(0.689816535798126,0.732586422935434,0.828629311707534),
 .UNSPECIFIED.);
#239=B_SPLINE_CURVE_WITH_KNOTS($,3,(#2836,#2837,#2838,#2839),
 .UNSPECIFIED.,.F.,.F.,(4,4),(8.41460234823527E-011,0.0061839336586446),
 .UNSPECIFIED.);
#240=B_SPLINE_CURVE_WITH_KNOTS($,3,(#2843,#2844,#2845,#2846),
 .UNSPECIFIED.,.F.,.F.,(4,4),(7.38055430355209E-009,0.00618366835898666),
 .UNSPECIFIED.);
#241=B_SPLINE_CURVE_WITH_KNOTS($,3,(#2847,#2848,#2849,#2850),
 .UNSPECIFIED.,.F.,.F.,(4,4),(0.,0.138812775909408),.UNSPECIFIED.);
#242=B_SPLINE_CURVE_WITH_KNOTS($,3,(#2867,#2868,#2869,#2870),
 .UNSPECIFIED.,.F.,.F.,(4,4),(0.228545880633027,0.263003214692952),
 .UNSPECIFIED.);
#243=B_SPLINE_CURVE_WITH_KNOTS($,3,(#2871,#2872,#2873,#2874),
 .UNSPECIFIED.,.F.,.F.,(4,4),(-3.14159265358979,-2.62277058250967),
 .UNSPECIFIED.);
#244=B_SPLINE_CURVE_WITH_KNOTS($,3,(#2891,#2892,#2893,#2894,#2895,#2896,
#2897,#2898,#2899,#2900),.UNSPECIFIED.,.F.,.F.,(4,2,2,2,4),(0.299926995244026,
0.306722387175366,0.315534593714677,0.331130528616505,0.352369020290932),
 .UNSPECIFIED.);
#245=B_SPLINE_CURVE_WITH_KNOTS($,3,(#2901,#2902,#2903,#2904),
 .UNSPECIFIED.,.F.,.F.,(4,4),(2.62277058251552,3.14159265358979),
 .UNSPECIFIED.);
#246=B_SPLINE_CURVE_WITH_KNOTS($,3,(#2973,#2974,#2975,#2976),
 .UNSPECIFIED.,.F.,.F.,(4,4),(8.4135365341408E-011,0.00618394561235627),
 .UNSPECIFIED.);
#247=B_SPLINE_CURVE_WITH_KNOTS($,3,(#2978,#2979,#2980,#2981,#2982,#2983,
#2984,#2985,#2986,#2987,#2988,#2989,#2990),.UNSPECIFIED.,.F.,.F.,(4,3,3,
3,4),(2.60637751822224,2.68254712921263,2.75871674020302,2.91105596218381,
3.14159265358979),.UNSPECIFIED.);
#248=B_SPLINE_CURVE_WITH_KNOTS($,3,(#2991,#2992,#2993,#2994,#2995,#2996,
#2997,#2998,#2999,#3000,#3001,#3002,#3003),.UNSPECIFIED.,.F.,.F.,(4,3,3,
3,4),(3.14159265358979,3.44410256511234,3.52023677196116,3.59637097880998,
3.6725051856588),.UNSPECIFIED.);
#249=B_SPLINE_CURVE_WITH_KNOTS($,3,(#3004,#3005,#3006,#3007,#3008,#3009,
#3010,#3011,#3012,#3013,#3014,#3015,#3016),.UNSPECIFIED.,.F.,.F.,(4,3,3,
3,4),(3.5844000911469E-011,0.0611156242157568,0.112172955017156,0.174949509331905,
0.189752574260581),.UNSPECIFIED.);
#250=B_SPLINE_CURVE_WITH_KNOTS($,3,(#3043,#3044,#3045,#3046,#3047,#3048,
#3049),.UNSPECIFIED.,.F.,.F.,(4,3,4),(0.0857155223308215,0.124277316187402,
0.154484248426721),.UNSPECIFIED.);
#251=B_SPLINE_CURVE_WITH_KNOTS($,3,(#3051,#3052,#3053,#3054,#3055,#3056,
#3057,#3058,#3059,#3060),.UNSPECIFIED.,.F.,.F.,(4,3,3,4),(-7.71807242277349,
-7.30815932479559,-6.8981697170637,-6.28318530717968),.UNSPECIFIED.);
#252=B_SPLINE_CURVE_WITH_KNOTS($,3,(#3062,#3063,#3064,#3065),
 .UNSPECIFIED.,.F.,.F.,(4,4),(3.26140722286571E-015,0.506501674034754),
 .UNSPECIFIED.);
#253=B_SPLINE_CURVE_WITH_KNOTS($,3,(#3066,#3067,#3068,#3069),
 .UNSPECIFIED.,.F.,.F.,(4,4),(7.38212039359109E-009,0.00618370768259185),
 .UNSPECIFIED.);
#254=B_SPLINE_CURVE_WITH_KNOTS($,3,(#3095,#3096,#3097,#3098,#3099,#3100,
#3101),.UNSPECIFIED.,.F.,.F.,(4,3,4),(3.5847199399148E-011,0.0623019998973915,
0.0857155223308215),.UNSPECIFIED.);
#255=B_SPLINE_CURVE_WITH_KNOTS($,3,(#3103,#3104,#3105,#3106),
 .UNSPECIFIED.,.F.,.F.,(4,4),(8.41637870507897E-011,0.00618392310980793),
 .UNSPECIFIED.);
#256=B_SPLINE_CURVE_WITH_KNOTS($,3,(#3107,#3108,#3109,#3110),
 .UNSPECIFIED.,.F.,.F.,(4,4),(5.78098760954718,6.28318530717959),
 .UNSPECIFIED.);
#257=B_SPLINE_CURVE_WITH_KNOTS($,3,(#3128,#3129,#3130,#3131,#3132,#3133),
 .UNSPECIFIED.,.F.,.F.,(4,2,4),(0.,0.414314655853765,0.828629311707534),
 .UNSPECIFIED.);
#258=B_SPLINE_CURVE_WITH_KNOTS($,3,(#3135,#3136,#3137,#3138),
 .UNSPECIFIED.,.F.,.F.,(4,4),(-3.14159265358979,-2.60637751821307),
 .UNSPECIFIED.);
#259=B_SPLINE_CURVE_WITH_KNOTS($,3,(#3139,#3140,#3141,#3142),
 .UNSPECIFIED.,.F.,.F.,(4,4),(0.680487804878056,4.36829268292683),
 .UNSPECIFIED.);
#260=B_SPLINE_CURVE_WITH_KNOTS($,3,(#3160,#3161,#3162,#3163,#3164,#3165,
#3166,#3167,#3168,#3169),.UNSPECIFIED.,.F.,.F.,(4,2,2,2,4),(0.246047157027545,
0.262734417554048,0.281544360825738,0.292363606879693,0.298045795040546),
 .UNSPECIFIED.);
#261=B_SPLINE_CURVE_WITH_KNOTS($,3,(#3170,#3171,#3172,#3173),
 .UNSPECIFIED.,.F.,.F.,(4,4),(2.61068012152064,3.1415926535903),
 .UNSPECIFIED.);
#262=B_SPLINE_CURVE_WITH_KNOTS($,3,(#3175,#3176,#3177,#3178),
 .UNSPECIFIED.,.F.,.F.,(4,4),(0.266212384091387,0.300930876390245),
 .UNSPECIFIED.);
#263=B_SPLINE_CURVE_WITH_KNOTS($,3,(#3179,#3180,#3181,#3182),
 .UNSPECIFIED.,.F.,.F.,(4,4),(0.050000000000001,0.600000005960465),
 .UNSPECIFIED.);
#264=B_SPLINE_CURVE_WITH_KNOTS($,3,(#3204,#3205,#3206,#3207,#3208,#3209),
 .UNSPECIFIED.,.F.,.F.,(4,2,4),(0.,0.414314655853765,0.828629311707534),
 .UNSPECIFIED.);
#265=B_SPLINE_CURVE_WITH_KNOTS($,3,(#3211,#3212,#3213,#3214,#3215,#3216,
#3217),.UNSPECIFIED.,.F.,.F.,(4,3,4),(-0.506501674018295,-0.00215198509971992,
0.502197703818854),.UNSPECIFIED.);
#266=B_SPLINE_CURVE_WITH_KNOTS($,3,(#3218,#3219,#3220,#3221,#3222,#3223),
 .UNSPECIFIED.,.F.,.F.,(4,2,4),(0.,0.133027728001181,0.828629311707534),
 .UNSPECIFIED.);
#267=B_SPLINE_CURVE_WITH_KNOTS($,3,(#3285,#3286,#3287,#3288),
 .UNSPECIFIED.,.F.,.F.,(4,4),(3.59293331684327E-009,0.00518142045903586),
 .UNSPECIFIED.);
#268=B_SPLINE_CURVE_WITH_KNOTS($,3,(#3290,#3291,#3292,#3293,#3294,#3295,
#3296),.UNSPECIFIED.,.F.,.F.,(4,3,4),(0.0974768462489865,0.150418213275692,
0.228082239506901),.UNSPECIFIED.);
#269=B_SPLINE_CURVE_WITH_KNOTS($,3,(#3297,#3298,#3299,#3300,#3301,#3302,
#3303,#3304,#3305,#3306),.UNSPECIFIED.,.F.,.F.,(4,3,3,4),(-7.81710044778383,
-7.15972139099586,-6.72145334460141,-6.28318530717958),.UNSPECIFIED.);
#270=B_SPLINE_CURVE_WITH_KNOTS($,3,(#3337,#3338,#3339,#3340,#3341,#3342,
#3343),.UNSPECIFIED.,.F.,.F.,(4,3,4),(3.57943492935698E-011,0.0588659920463383,
0.0974768462489865),.UNSPECIFIED.);
#271=B_SPLINE_CURVE_WITH_KNOTS($,3,(#3375,#3376,#3377,#3378),
 .UNSPECIFIED.,.F.,.F.,(4,4),(3.59341830275079E-009,0.00518139393866686),
 .UNSPECIFIED.);
#272=B_SPLINE_CURVE_WITH_KNOTS($,3,(#3380,#3381,#3382,#3383,#3384,#3385,
#3386,#3387,#3388,#3389,#3390,#3391,#3392),.UNSPECIFIED.,.F.,.F.,(4,3,3,
3,4),(3.57890351693718E-011,0.0607338667051998,0.113842775963589,0.194913183197783,
0.255079907521872),.UNSPECIFIED.);
#273=B_SPLINE_CURVE_WITH_KNOTS($,3,(#3393,#3394,#3395,#3396),
 .UNSPECIFIED.,.F.,.F.,(4,4),(4.40596892303877E-010,0.00518152848550987),
 .UNSPECIFIED.);
#274=B_SPLINE_CURVE_WITH_KNOTS($,3,(#3406,#3407,#3408,#3409),
 .UNSPECIFIED.,.F.,.F.,(4,4),(1.06684613294103E-014,0.00518140370092083),
 .UNSPECIFIED.);
#275=B_SPLINE_CURVE_WITH_KNOTS($,3,(#3411,#3412,#3413,#3414,#3415,#3416),
 .UNSPECIFIED.,.F.,.F.,(4,2,4),(0.,0.414314655853765,0.828629311707534),
 .UNSPECIFIED.);
#276=B_SPLINE_CURVE_WITH_KNOTS($,3,(#3418,#3419,#3420,#3421),
 .UNSPECIFIED.,.F.,.F.,(4,4),(8.41424707687508E-011,0.006183933658462),
 .UNSPECIFIED.);
#277=B_SPLINE_CURVE_WITH_KNOTS($,3,(#3505,#3506,#3507,#3508,#3509,#3510,
#3511),.UNSPECIFIED.,.F.,.F.,(4,3,4),(3.58434965866316E-011,0.0618178373515318,
0.0902009287347518),.UNSPECIFIED.);
#278=B_SPLINE_CURVE_WITH_KNOTS($,3,(#3513,#3514,#3515,#3516),
 .UNSPECIFIED.,.F.,.F.,(4,4),(-1.5707963267949,-1.06147354137127),
 .UNSPECIFIED.);
#279=B_SPLINE_CURVE_WITH_KNOTS($,3,(#3521,#3522,#3523,#3524,#3525,#3526,
#3527),.UNSPECIFIED.,.F.,.F.,(4,3,4),(0.0902009287347518,0.133513640461884,
0.180011124351166),.UNSPECIFIED.);
#280=B_SPLINE_CURVE_WITH_KNOTS($,3,(#3530,#3531,#3532,#3533,#3534,#3535,
#3536,#3537,#3538,#3539,#3540,#3541,#3542),.UNSPECIFIED.,.F.,.F.,(4,3,3,
3,4),(3.58470911462364E-011,0.0619611755257051,0.107178521140786,0.166187305848628,
0.18029010146458),.UNSPECIFIED.);
#281=B_SPLINE_CURVE_WITH_KNOTS($,3,(#3576,#3577,#3578,#3579,#3580,#3581,
#3582),.UNSPECIFIED.,.F.,.F.,(4,3,4),(3.57898679776343E-011,0.0622561216454231,
0.0948087655091294),.UNSPECIFIED.);
#282=B_SPLINE_CURVE_WITH_KNOTS($,3,(#3583,#3584,#3585,#3586),
 .UNSPECIFIED.,.F.,.F.,(4,4),(4.4056847059393E-010,0.00518150913389995),
 .UNSPECIFIED.);
#283=B_SPLINE_CURVE_WITH_KNOTS($,3,(#3587,#3588,#3589,#3590,#3591,#3592,
#3593,#3594,#3595,#3596),.UNSPECIFIED.,.F.,.F.,(4,3,3,4),(-7.78809472975947,
-7.35812060645881,-6.92814648315808,-6.28318530717958),.UNSPECIFIED.);
#284=B_SPLINE_CURVE_WITH_KNOTS($,3,(#3663,#3664,#3665,#3666,#3667,#3668,
#3669),.UNSPECIFIED.,.F.,.F.,(4,3,4),(0.0948087655091294,0.132035555351412,
0.167910823331764),.UNSPECIFIED.);
#285=B_SPLINE_CURVE_WITH_KNOTS($,3,(#3692,#3693,#3694,#3695,#3696,#3697,
#3698,#3699),.UNSPECIFIED.,.F.,.F.,(4,2,2,4),(0.,0.136844977389579,0.530566847460626,
0.828629311707534),.UNSPECIFIED.);
#286=B_SPLINE_CURVE_WITH_KNOTS($,3,(#3701,#3702,#3703,#3704),
 .UNSPECIFIED.,.F.,.F.,(4,4),(3.26140722286571E-015,0.518822071079937),
 .UNSPECIFIED.);
#287=B_SPLINE_CURVE_WITH_KNOTS($,3,(#3705,#3706,#3707,#3708),
 .UNSPECIFIED.,.F.,.F.,(4,4),(5.76436323610549,6.28318530717959),
 .UNSPECIFIED.);
#288=B_SPLINE_CURVE_WITH_KNOTS($,3,(#3709,#3710,#3711,#3712,#3713,#3714,
#3715),.UNSPECIFIED.,.F.,.F.,(4,3,4),(-0.518822102485164,-8.43740621814248E-009,
0.518822085610352),.UNSPECIFIED.);
#289=B_SPLINE_CURVE_WITH_KNOTS($,3,(#3746,#3747,#3748,#3749,#3750,#3751,
#3752,#3753,#3754,#3755),.UNSPECIFIED.,.F.,.F.,(4,3,3,4),(-7.74941488998879,
-7.33049215155368,-6.91156941311857,-6.28318530717968),.UNSPECIFIED.);
#290=B_SPLINE_CURVE_WITH_KNOTS($,3,(#3786,#3787,#3788,#3789),
 .UNSPECIFIED.,.F.,.F.,(4,4),(0.,0.00618367992715357),.UNSPECIFIED.);
#291=B_SPLINE_CURVE_WITH_KNOTS($,3,(#3820,#3821,#3822,#3823),
 .UNSPECIFIED.,.F.,.F.,(4,4),(0.,0.00618367992711461),.UNSPECIFIED.);
#292=B_SPLINE_CURVE_WITH_KNOTS($,3,(#3855,#3856,#3857,#3858),
 .UNSPECIFIED.,.F.,.F.,(4,4),(4.40561365167004E-010,0.00518150913379396),
 .UNSPECIFIED.);
#293=B_SPLINE_CURVE_WITH_KNOTS($,3,(#3859,#3860,#3861,#3862,#3863,#3864,
#3865,#3866,#3867,#3868,#3869,#3870,#3871),.UNSPECIFIED.,.F.,.F.,(4,3,3,
3,4),(3.57897068858086E-011,0.0624655625570477,0.108074718118541,0.139497312604769,
0.167910822588681),.UNSPECIFIED.);
#294=B_SPLINE_CURVE_WITH_KNOTS($,3,(#3955,#3956,#3957,#3958),
 .UNSPECIFIED.,.F.,.F.,(4,4),(-1.5707963267949,-1.10631858948872),
 .UNSPECIFIED.);
#295=B_SPLINE_CURVE_WITH_KNOTS($,3,(#4000,#4001,#4002,#4003),
 .UNSPECIFIED.,.F.,.F.,(4,4),(-0.60000000596046,-0.0499999999999963),
 .UNSPECIFIED.);
#296=B_SPLINE_CURVE_WITH_KNOTS($,3,(#4016,#4017,#4018,#4019),
 .UNSPECIFIED.,.F.,.F.,(4,4),(-0.300046848409768,-0.298045084400917),
 .UNSPECIFIED.);
#297=B_SPLINE_CURVE_WITH_KNOTS($,3,(#4021,#4022,#4023,#4024,#4025,#4026,
#4027,#4028,#4029,#4030),.UNSPECIFIED.,.F.,.F.,(4,2,2,2,4),(-0.354349272946914,
-0.330926412475698,-0.315492638151904,-0.306768161014477,-0.300046848409768),
 .UNSPECIFIED.);
#298=B_SPLINE_CURVE_WITH_KNOTS($,3,(#4034,#4035,#4036,#4037),
 .UNSPECIFIED.,.F.,.F.,(4,4),(-0.262110790276352,-0.227920537431867),
 .UNSPECIFIED.);
#299=B_SPLINE_CURVE_WITH_KNOTS($,3,(#4218,#4219,#4220,#4221),
 .UNSPECIFIED.,.F.,.F.,(4,4),(-0.26621238409125,-0.264874691231026),
 .UNSPECIFIED.);
#300=B_SPLINE_CURVE_WITH_KNOTS($,3,(#4234,#4235,#4236,#4237),
 .UNSPECIFIED.,.F.,.F.,(4,4),(-0.336372826864099,-0.29005162407114),
 .UNSPECIFIED.);
#301=B_SPLINE_CURVE_WITH_KNOTS($,3,(#4240,#4241,#4242,#4243),
 .UNSPECIFIED.,.F.,.F.,(4,4),(-0.264874691231026,-0.228638855284678),
 .UNSPECIFIED.);
#302=B_SPLINE_CURVE_WITH_KNOTS($,3,(#4283,#4284,#4285,#4286),
 .UNSPECIFIED.,.F.,.F.,(4,4),(-0.600000005960464,-0.0499999999999995),
 .UNSPECIFIED.);
#303=B_SPLINE_CURVE_WITH_KNOTS($,3,(#4307,#4308,#4309,#4310),
 .UNSPECIFIED.,.F.,.F.,(4,4),(3.75050807779463,4.36829268292683),
 .UNSPECIFIED.);
#304=B_SPLINE_CURVE_WITH_KNOTS($,3,(#4312,#4313,#4314,#4315),
 .UNSPECIFIED.,.F.,.F.,(4,4),(2.60637751822224,3.14159265358979),
 .UNSPECIFIED.);
#305=B_SPLINE_CURVE_WITH_KNOTS($,3,(#4316,#4317,#4318,#4319),
 .UNSPECIFIED.,.F.,.F.,(4,4),(0.689816535798126,0.828629311707534),
 .UNSPECIFIED.);
#306=B_SPLINE_CURVE_WITH_KNOTS($,3,(#4337,#4338,#4339,#4340),
 .UNSPECIFIED.,.F.,.F.,(4,4),(0.,0.139816529837663),.UNSPECIFIED.);
#307=B_SPLINE_CURVE_WITH_KNOTS($,3,(#4342,#4343,#4344,#4345),
 .UNSPECIFIED.,.F.,.F.,(4,4),(-3.14159265358976,-2.60637751821307),
 .UNSPECIFIED.);
#308=B_SPLINE_CURVE_WITH_KNOTS($,3,(#4346,#4347,#4348,#4349),
 .UNSPECIFIED.,.F.,.F.,(4,4),(0.680487804878056,1.30273960490752),
 .UNSPECIFIED.);
#309=B_SPLINE_CURVE_WITH_KNOTS($,3,(#4371,#4372,#4373,#4374,#4375,#4376),
 .UNSPECIFIED.,.F.,.F.,(4,2,4),(0.,0.136844977389579,0.138812775909408),
 .UNSPECIFIED.);
#310=B_SPLINE_CURVE_WITH_KNOTS($,3,(#4378,#4379,#4380,#4381),
 .UNSPECIFIED.,.F.,.F.,(4,4),(3.26140722286571E-015,0.518822071079937),
 .UNSPECIFIED.);
#311=B_SPLINE_CURVE_WITH_KNOTS($,3,(#4383,#4384,#4385,#4386),
 .UNSPECIFIED.,.F.,.F.,(4,4),(5.76436323610549,6.28318530717959),
 .UNSPECIFIED.);
#312=B_SPLINE_CURVE_WITH_KNOTS($,3,(#4388,#4389,#4390,#4391,#4392,#4393),
 .UNSPECIFIED.,.F.,.F.,(4,2,4),(0.,0.414314655853765,0.828629311707534),
 .UNSPECIFIED.);
#313=B_SPLINE_CURVE_WITH_KNOTS($,3,(#4395,#4396,#4397,#4398,#4399,#4400,
#4401),.UNSPECIFIED.,.F.,.F.,(4,3,4),(-0.518822102485164,-8.43740621814248E-009,
0.518822085610352),.UNSPECIFIED.);
#314=B_SPLINE_CURVE_WITH_KNOTS($,3,(#4402,#4403,#4404,#4405),
 .UNSPECIFIED.,.F.,.F.,(4,4),(0.688812781869871,0.828629311707534),
 .UNSPECIFIED.);
#315=B_SPLINE_CURVE_WITH_KNOTS($,3,(#4413,#4414,#4415,#4416),
 .UNSPECIFIED.,.F.,.F.,(4,4),(8.4135365341408E-011,0.00618394561235627),
 .UNSPECIFIED.);
#316=B_SPLINE_CURVE_WITH_KNOTS($,3,(#4419,#4420,#4421,#4422),
 .UNSPECIFIED.,.F.,.F.,(4,4),(0.,0.00618367992711461),.UNSPECIFIED.);
#317=B_SPLINE_CURVE_WITH_KNOTS($,3,(#4430,#4431,#4432,#4433),
 .UNSPECIFIED.,.F.,.F.,(4,4),(4.40561365167004E-010,0.00518150913379396),
 .UNSPECIFIED.);
#318=B_SPLINE_CURVE_WITH_KNOTS($,3,(#4436,#4437,#4438,#4439),
 .UNSPECIFIED.,.F.,.F.,(4,4),(3.59293331684327E-009,0.00518142045903586),
 .UNSPECIFIED.);
#319=B_SPLINE_CURVE_WITH_KNOTS($,3,(#4507,#4508,#4509,#4510,#4511,#4512,
#4513,#4514,#4515,#4516,#4517,#4518,#4519),.UNSPECIFIED.,.F.,.F.,(4,3,3,
3,4),(3.14159265358979,3.44410256511234,3.52023677196116,3.59637097880998,
3.6725051856588),.UNSPECIFIED.);
#320=B_SPLINE_CURVE_WITH_KNOTS($,3,(#4521,#4522,#4523,#4524),
 .UNSPECIFIED.,.F.,.F.,(4,4),(7.38055430355209E-009,0.00618366835898666),
 .UNSPECIFIED.);
#321=B_SPLINE_CURVE_WITH_KNOTS($,3,(#4525,#4526,#4527,#4528,#4529,#4530,
#4531,#4532,#4533,#4534,#4535,#4536,#4537),.UNSPECIFIED.,.F.,.F.,(4,3,3,
3,4),(3.5844000911469E-011,0.0611156242157568,0.112172955017156,0.174949509331905,
0.189752574260581),.UNSPECIFIED.);
#322=B_SPLINE_CURVE_WITH_KNOTS($,3,(#4564,#4565,#4566,#4567,#4568,#4569,
#4570),.UNSPECIFIED.,.F.,.F.,(4,3,4),(0.0857155223308215,0.124277316187402,
0.154484248426721),.UNSPECIFIED.);
#323=B_SPLINE_CURVE_WITH_KNOTS($,3,(#4572,#4573,#4574,#4575,#4576,#4577,
#4578,#4579,#4580,#4581),.UNSPECIFIED.,.F.,.F.,(4,3,3,4),(-7.71807242277349,
-7.30815932479559,-6.8981697170637,-6.28318530717968),.UNSPECIFIED.);
#324=B_SPLINE_CURVE_WITH_KNOTS($,3,(#4583,#4584,#4585,#4586),
 .UNSPECIFIED.,.F.,.F.,(4,4),(3.26140722286571E-015,0.506501674034754),
 .UNSPECIFIED.);
#325=B_SPLINE_CURVE_WITH_KNOTS($,3,(#4587,#4588,#4589,#4590),
 .UNSPECIFIED.,.F.,.F.,(4,4),(7.38212039359109E-009,0.00618370768259185),
 .UNSPECIFIED.);
#326=B_SPLINE_CURVE_WITH_KNOTS($,3,(#4616,#4617,#4618,#4619,#4620,#4621,
#4622),.UNSPECIFIED.,.F.,.F.,(4,3,4),(3.5847199399148E-011,0.0623019998973915,
0.0857155223308215),.UNSPECIFIED.);
#327=B_SPLINE_CURVE_WITH_KNOTS($,3,(#4624,#4625,#4626,#4627),
 .UNSPECIFIED.,.F.,.F.,(4,4),(8.41637870507897E-011,0.00618392310980793),
 .UNSPECIFIED.);
#328=B_SPLINE_CURVE_WITH_KNOTS($,3,(#4628,#4629,#4630,#4631),
 .UNSPECIFIED.,.F.,.F.,(4,4),(5.78098760954718,6.28318530717959),
 .UNSPECIFIED.);
#329=B_SPLINE_CURVE_WITH_KNOTS($,3,(#4649,#4650,#4651,#4652),
 .UNSPECIFIED.,.F.,.F.,(4,4),(2.61068012152064,3.14159265358979),
 .UNSPECIFIED.);
#330=B_SPLINE_CURVE_WITH_KNOTS($,3,(#4653,#4654,#4655,#4656,#4657,#4658),
 .UNSPECIFIED.,.F.,.F.,(4,2,4),(0.,0.140601397549627,0.828629311707534),
 .UNSPECIFIED.);
#331=B_SPLINE_CURVE_WITH_KNOTS($,3,(#4680,#4681,#4682,#4683,#4684,#4685),
 .UNSPECIFIED.,.F.,.F.,(4,2,4),(0.,0.414314655853765,0.828629311707534),
 .UNSPECIFIED.);
#332=B_SPLINE_CURVE_WITH_KNOTS($,3,(#4687,#4688,#4689,#4690,#4691,#4692,
#4693),.UNSPECIFIED.,.F.,.F.,(4,3,4),(-0.506501674018295,-0.00215198509971992,
0.502197703818854),.UNSPECIFIED.);
#333=B_SPLINE_CURVE_WITH_KNOTS($,3,(#4694,#4695,#4696,#4697,#4698,#4699),
 .UNSPECIFIED.,.F.,.F.,(4,2,4),(0.,0.133027728001181,0.828629311707534),
 .UNSPECIFIED.);
#334=B_SPLINE_CURVE_WITH_KNOTS($,3,(#4761,#4762,#4763,#4764,#4765,#4766,
#4767),.UNSPECIFIED.,.F.,.F.,(4,3,4),(0.0974768462489865,0.150418213275692,
0.228082239506901),.UNSPECIFIED.);
#335=B_SPLINE_CURVE_WITH_KNOTS($,3,(#4768,#4769,#4770,#4771,#4772,#4773,
#4774,#4775,#4776,#4777),.UNSPECIFIED.,.F.,.F.,(4,3,3,4),(-7.81710044778383,
-7.15972139099586,-6.72145334460141,-6.28318530717958),.UNSPECIFIED.);
#336=B_SPLINE_CURVE_WITH_KNOTS($,3,(#4809,#4810,#4811,#4812),
 .UNSPECIFIED.,.F.,.F.,(4,4),(4.40518732603047E-010,0.00518149169888696),
 .UNSPECIFIED.);
#337=B_SPLINE_CURVE_WITH_KNOTS($,3,(#4813,#4814,#4815,#4816,#4817,#4818,
#4819),.UNSPECIFIED.,.F.,.F.,(4,3,4),(3.57943492935698E-011,0.0588659920463383,
0.0974768462489865),.UNSPECIFIED.);
#338=B_SPLINE_CURVE_WITH_KNOTS($,3,(#4851,#4852,#4853,#4854),
 .UNSPECIFIED.,.F.,.F.,(4,4),(3.59341830275079E-009,0.00518139393866686),
 .UNSPECIFIED.);
#339=B_SPLINE_CURVE_WITH_KNOTS($,3,(#4856,#4857,#4858,#4859,#4860,#4861,
#4862,#4863,#4864,#4865,#4866,#4867,#4868),.UNSPECIFIED.,.F.,.F.,(4,3,3,
3,4),(3.57890351693718E-011,0.0607338667051998,0.113842775963589,0.194913183197783,
0.255079907521872),.UNSPECIFIED.);
#340=B_SPLINE_CURVE_WITH_KNOTS($,3,(#4869,#4870,#4871,#4872),
 .UNSPECIFIED.,.F.,.F.,(4,4),(4.40596892303877E-010,0.00518152848550987),
 .UNSPECIFIED.);
#341=B_SPLINE_CURVE_WITH_KNOTS($,3,(#4881,#4882,#4883,#4884),
 .UNSPECIFIED.,.F.,.F.,(4,4),(1.06684613294103E-014,0.00518140370092083),
 .UNSPECIFIED.);
#342=B_SPLINE_CURVE_WITH_KNOTS($,3,(#4886,#4887,#4888,#4889),
 .UNSPECIFIED.,.F.,.F.,(4,4),(8.41424707687508E-011,0.006183933658462),
 .UNSPECIFIED.);
#343=B_SPLINE_CURVE_WITH_KNOTS($,3,(#4973,#4974,#4975,#4976,#4977,#4978,
#4979),.UNSPECIFIED.,.F.,.F.,(4,3,4),(3.58434965866316E-011,0.0618178373515318,
0.0902009287347518),.UNSPECIFIED.);
#344=B_SPLINE_CURVE_WITH_KNOTS($,3,(#4981,#4982,#4983,#4984),
 .UNSPECIFIED.,.F.,.F.,(4,4),(-1.5707963267949,-1.06147354137127),
 .UNSPECIFIED.);
#345=B_SPLINE_CURVE_WITH_KNOTS($,3,(#4988,#4989,#4990,#4991,#4992,#4993,
#4994),.UNSPECIFIED.,.F.,.F.,(4,3,4),(0.0902009287347518,0.133513640461884,
0.180011124351166),.UNSPECIFIED.);
#346=B_SPLINE_CURVE_WITH_KNOTS($,3,(#4998,#4999,#5000,#5001,#5002,#5003,
#5004,#5005,#5006,#5007,#5008,#5009,#5010),.UNSPECIFIED.,.F.,.F.,(4,3,3,
3,4),(3.58470911462364E-011,0.0619611755257051,0.107178521140786,0.166187305848628,
0.18029010146458),.UNSPECIFIED.);
#347=B_SPLINE_CURVE_WITH_KNOTS($,3,(#5021,#5022,#5023,#5024),
 .UNSPECIFIED.,.F.,.F.,(4,4),(0.,0.00518140370091823),.UNSPECIFIED.);
#348=B_SPLINE_CURVE_WITH_KNOTS($,3,(#5026,#5027,#5028,#5029,#5030,#5031,
#5032,#5033,#5034,#5035,#5036,#5037,#5038,#5039,#5040,#5041,#5042,#5043),
 .UNSPECIFIED.,.F.,.F.,(4,2,2,2,2,2,2,2,4),(0.,0.136857676308562,0.205280166181797,
0.273740744567068,0.410649205952513,0.479169804914935,0.573445079080209,
0.732586422935434,0.828629311707534),.UNSPECIFIED.);
#349=B_SPLINE_CURVE_WITH_KNOTS($,3,(#5044,#5045,#5046,#5047),
 .UNSPECIFIED.,.F.,.F.,(4,4),(8.41460234823527E-011,0.0061839336586446),
 .UNSPECIFIED.);
#350=B_SPLINE_CURVE_WITH_KNOTS($,3,(#5080,#5081,#5082,#5083,#5084,#5085,
#5086),.UNSPECIFIED.,.F.,.F.,(4,3,4),(3.57898679776343E-011,0.0622561216454231,
0.0948087655091294),.UNSPECIFIED.);
#351=B_SPLINE_CURVE_WITH_KNOTS($,3,(#5088,#5089,#5090,#5091),
 .UNSPECIFIED.,.F.,.F.,(4,4),(4.4056847059393E-010,0.00518150913389995),
 .UNSPECIFIED.);
#352=B_SPLINE_CURVE_WITH_KNOTS($,3,(#5093,#5094,#5095,#5096,#5097,#5098,
#5099),.UNSPECIFIED.,.F.,.F.,(4,3,4),(2.62277058250945,2.84512289868675,
3.14159265358979),.UNSPECIFIED.);
#353=B_SPLINE_CURVE_WITH_KNOTS($,3,(#5100,#5101,#5102,#5103,#5104,#5105,
#5106,#5107,#5108,#5109),.UNSPECIFIED.,.F.,.F.,(4,3,3,4),(-7.78809472975947,
-7.35812060645881,-6.92814648315808,-6.28318530717958),.UNSPECIFIED.);
#354=B_SPLINE_CURVE_WITH_KNOTS($,3,(#5176,#5177,#5178,#5179,#5180,#5181,
#5182),.UNSPECIFIED.,.F.,.F.,(4,3,4),(0.0948087655091294,0.132035555351412,
0.167910823331764),.UNSPECIFIED.);
#355=B_SPLINE_CURVE_WITH_KNOTS($,3,(#5183,#5184,#5185,#5186,#5187,#5188,
#5189,#5190,#5191,#5192,#5193,#5194,#5195,#5196,#5197,#5198,#5199,#5200,
#5201,#5202,#5203,#5204,#5205,#5206,#5207),.UNSPECIFIED.,.F.,.F.,(4,3,3,
3,3,3,3,3,4),(-3.14159265358979,-3.10453393422695,-3.06747521486408,-2.99335777613834,
-2.84512289868687,-2.77100545996114,-2.6968880212354,-2.65982930187254,
-2.62277058250967),.UNSPECIFIED.);
#356=B_SPLINE_CURVE_WITH_KNOTS($,3,(#5225,#5226,#5227,#5228,#5229,#5230),
 .UNSPECIFIED.,.F.,.F.,(4,2,4),(0.,0.277469678464175,0.828629311707534),
 .UNSPECIFIED.);
#357=B_SPLINE_CURVE_WITH_KNOTS($,3,(#5232,#5233,#5234,#5235),
 .UNSPECIFIED.,.F.,.F.,(4,4),(3.14159265358979,3.66041472466992),
 .UNSPECIFIED.);
#358=B_SPLINE_CURVE_WITH_KNOTS($,3,(#5236,#5237,#5238,#5239),
 .UNSPECIFIED.,.F.,.F.,(4,4),(0.680487804878056,4.36829268292683),
 .UNSPECIFIED.);
#359=B_SPLINE_CURVE_WITH_KNOTS($,3,(#5256,#5257,#5258,#5259),
 .UNSPECIFIED.,.F.,.F.,(4,4),(2.62277058251552,3.14159265358979),
 .UNSPECIFIED.);
#360=B_SPLINE_CURVE_WITH_KNOTS($,3,(#5290,#5291,#5292,#5293,#5294,#5295,
#5296,#5297,#5298,#5299),.UNSPECIFIED.,.F.,.F.,(4,3,3,4),(-7.74941488998879,
-7.33049215155368,-6.91156941311857,-6.28318530717968),.UNSPECIFIED.);
#361=B_SPLINE_CURVE_WITH_KNOTS($,3,(#5330,#5331,#5332,#5333),
 .UNSPECIFIED.,.F.,.F.,(4,4),(0.,0.00618367992715357),.UNSPECIFIED.);
#362=B_SPLINE_CURVE_WITH_KNOTS($,3,(#5394,#5395,#5396,#5397,#5398,#5399,
#5400,#5401,#5402,#5403,#5404,#5405,#5406),.UNSPECIFIED.,.F.,.F.,(4,3,3,
3,4),(3.57897068858086E-011,0.0624655625570477,0.108074718118541,0.139497312604769,
0.167910822588681),.UNSPECIFIED.);
#363=B_SPLINE_CURVE_WITH_KNOTS($,3,(#5490,#5491,#5492,#5493),
 .UNSPECIFIED.,.F.,.F.,(4,4),(-1.5707963267949,-1.10631858948872),
 .UNSPECIFIED.);
#364=B_SPLINE_SURFACE_WITH_KNOTS($,3,3,((#2729,#2730,#2731,#2732),(#2733,
#2734,#2735,#2736),(#2737,#2738,#2739,#2740),(#2741,#2742,#2743,#2744)),
 .UNSPECIFIED.,.F.,.F.,.F.,(4,4),(4,4),(-4.36829268292683,-0.680487804878056),
(2.62277058250945,3.14471637771533),.UNSPECIFIED.);
#365=B_SPLINE_SURFACE_WITH_KNOTS($,3,3,((#2851,#2852,#2853,#2854),(#2855,
#2856,#2857,#2858),(#2859,#2860,#2861,#2862),(#2863,#2864,#2865,#2866)),
 .UNSPECIFIED.,.F.,.F.,.F.,(4,4),(4,4),(-1.30364882113432,-0.680487804878056),
(-3.14250186981654,-2.62186136629486),.UNSPECIFIED.);
#366=B_SPLINE_SURFACE_WITH_KNOTS($,3,3,((#2875,#2876,#2877,#2878),(#2879,
#2880,#2881,#2882),(#2883,#2884,#2885,#2886),(#2887,#2888,#2889,#2890)),
 .UNSPECIFIED.,.F.,.F.,.F.,(4,4),(4,4),(-4.36829268292683,-3.74845868721306),
(3.13954326300826,3.66246412205088),.UNSPECIFIED.);
#367=B_SPLINE_SURFACE_WITH_KNOTS($,3,3,((#2905,#2906,#2907,#2908,#2909,
#2910,#2911,#2912,#2913,#2914,#2915),(#2916,#2917,#2918,#2919,#2920,#2921,
#2922,#2923,#2924,#2925,#2926),(#2927,#2928,#2929,#2930,#2931,#2932,#2933,
#2934,#2935,#2936,#2937),(#2938,#2939,#2940,#2941,#2942,#2943,#2944,#2945,
#2946,#2947,#2948),(#2949,#2950,#2951,#2952,#2953,#2954,#2955,#2956,#2957,
#2958,#2959),(#2960,#2961,#2962,#2963,#2964,#2965,#2966,#2967,#2968,#2969,
#2970)),.UNSPECIFIED.,.F.,.F.,.F.,(4,1,1,4),(4,1,1,1,1,1,1,1,4),(6.28318530546582,
6.71080715685917,7.13842900825251,7.77986178534253),(2.59462783252311,2.67246961032984,
2.75031138813657,2.90599494375003,3.13952027717021,3.45088738839712,3.52872916620385,
3.60657094401058,3.68441272181731),.UNSPECIFIED.);
#368=B_SPLINE_SURFACE_WITH_KNOTS($,3,3,((#3017,#3018,#3019,#3020),(#3021,
#3022,#3023,#3024),(#3025,#3026,#3027,#3028),(#3029,#3030,#3031,#3032),
(#3033,#3034,#3035,#3036),(#3037,#3038,#3039,#3040)),.UNSPECIFIED.,.F.,
 .F.,.F.,(4,1,1,4),(4,4),(6.28318530546582,6.8981697170637,7.30815932479562,
7.71814893252753),(-3.08647422920464E-014,0.519260382337335),
 .UNSPECIFIED.);
#369=B_SPLINE_SURFACE_WITH_KNOTS($,3,3,((#3070,#3071,#3072,#3073),(#3074,
#3075,#3076,#3077),(#3078,#3079,#3080,#3081),(#3082,#3083,#3084,#3085),
(#3086,#3087,#3088,#3089),(#3090,#3091,#3092,#3093)),.UNSPECIFIED.,.F.,
 .F.,.F.,(4,1,1,4),(4,4),(6.28318530546582,6.89813692716917,7.3081046749714,
7.71807242277363),(5.76808700121356,6.28318530717959),.UNSPECIFIED.);
#370=B_SPLINE_SURFACE_WITH_KNOTS($,3,3,((#3111,#3112,#3113,#3114),(#3115,
#3116,#3117,#3118),(#3119,#3120,#3121,#3122),(#3123,#3124,#3125,#3126)),
 .UNSPECIFIED.,.F.,.F.,.F.,(4,4),(4,4),(-4.36829268292683,-0.680487804878056),
(-3.14159265358979,-2.60637751821307),.UNSPECIFIED.);
#371=B_SPLINE_SURFACE_WITH_KNOTS($,3,3,((#3143,#3144,#3145,#3146),(#3147,
#3148,#3149,#3150),(#3151,#3152,#3153,#3154),(#3155,#3156,#3157,#3158)),
 .UNSPECIFIED.,.F.,.F.,.F.,(4,4),(4,4),(-4.36829268292683,-0.680487804878056),
(2.60870242151478,3.1415926535903),.UNSPECIFIED.);
#372=B_SPLINE_SURFACE_WITH_KNOTS($,3,3,((#3183,#3184,#3185,#3186,#3187),
(#3188,#3189,#3190,#3191,#3192),(#3193,#3194,#3195,#3196,#3197),(#3198,
#3199,#3200,#3201,#3202)),.UNSPECIFIED.,.F.,.F.,.F.,(4,4),(4,1,4),(-4.36829268292683,
-0.680487804878056),(-0.506501674034758,-0.00215198510793868,0.502197703818881),
 .UNSPECIFIED.);
#373=B_SPLINE_SURFACE_WITH_KNOTS($,3,3,((#3224,#3225,#3226,#3227,#3228,
#3229,#3230,#3231,#3232,#3233),(#3234,#3235,#3236,#3237,#3238,#3239,#3240,
#3241,#3242,#3243),(#3244,#3245,#3246,#3247,#3248,#3249,#3250,#3251,#3252,
#3253),(#3254,#3255,#3256,#3257,#3258,#3259,#3260,#3261,#3262,#3263),(#3264,
#3265,#3266,#3267,#3268,#3269,#3270,#3271,#3272,#3273),(#3274,#3275,#3276,
#3277,#3278,#3279,#3280,#3281,#3282,#3283)),.UNSPECIFIED.,.F.,.F.,.F.,(4,
1,1,4),(4,1,1,1,1,1,1,4),(6.28318529820712,6.72145334460154,7.15972139099596,
7.81712346058759),(-3.92998238261045E-014,0.0390689157910722,0.0781378315821838,
0.23441349474663,0.390689157911076,0.468826989493299,0.507895905284411,
0.546964821075522),.UNSPECIFIED.);
#374=B_SPLINE_SURFACE_WITH_KNOTS($,3,3,((#3307,#3308,#3309,#3310,#3311),
(#3312,#3313,#3314,#3315,#3316),(#3317,#3318,#3319,#3320,#3321),(#3322,
#3323,#3324,#3325,#3326),(#3327,#3328,#3329,#3330,#3331),(#3332,#3333,#3334,
#3335,#3336)),.UNSPECIFIED.,.F.,.F.,.F.,(4,1,1,4),(4,1,4),(6.28318529820712,
6.94057750516861,7.37883897647626,7.81710044778392),(5.74036523895195,5.97300241104953,
6.28318530717963),.UNSPECIFIED.);
#375=B_SPLINE_SURFACE_WITH_KNOTS($,3,3,((#3344,#3345,#3346,#3347,#3348),
(#3349,#3350,#3351,#3352,#3353),(#3354,#3355,#3356,#3357,#3358),(#3359,
#3360,#3361,#3362,#3363),(#3364,#3365,#3366,#3367,#3368),(#3369,#3370,#3371,
#3372,#3373)),.UNSPECIFIED.,.F.,.F.,.F.,(4,1,1,4),(4,1,4),(6.28318529820712,
6.91535909701793,7.33680829622514,7.75825749543235),(2.6223322712684,3.13951161840428,
3.65669096554016),.UNSPECIFIED.);
#376=B_SPLINE_SURFACE_WITH_KNOTS($,3,3,((#3544,#3545,#3546,#3547,#3548),
(#3549,#3550,#3551,#3552,#3553),(#3554,#3555,#3556,#3557,#3558),(#3559,
#3560,#3561,#3562,#3563),(#3564,#3565,#3566,#3567,#3568),(#3569,#3570,#3571,
#3572,#3573)),.UNSPECIFIED.,.F.,.F.,.F.,(4,1,1,4),(4,1,4),(6.28318529820712,
6.92814648315818,7.35812060645888,7.78809472975959),(5.75202448152603,5.97966483537756,
6.2831853071796),.UNSPECIFIED.);
#377=B_SPLINE_SURFACE_WITH_KNOTS($,3,3,((#3597,#3598,#3599,#3600,#3601,
#3602,#3603,#3604,#3605,#3606,#3607),(#3608,#3609,#3610,#3611,#3612,#3613,
#3614,#3615,#3616,#3617,#3618),(#3619,#3620,#3621,#3622,#3623,#3624,#3625,
#3626,#3627,#3628,#3629),(#3630,#3631,#3632,#3633,#3634,#3635,#3636,#3637,
#3638,#3639,#3640),(#3641,#3642,#3643,#3644,#3645,#3646,#3647,#3648,#3649,
#3650,#3651),(#3652,#3653,#3654,#3655,#3656,#3657,#3658,#3659,#3660,#3661,
#3662)),.UNSPECIFIED.,.F.,.F.,.F.,(4,1,1,4),(4,1,1,1,1,1,1,1,4),(6.28318529820712,
6.71315942150783,7.14313354480854,7.78809472975961),(-1.04883507285954E-014,
0.0379400589752306,0.0758801179504716,0.151760235900954,0.303520471801918,
0.3794005897524,0.455280707702882,0.493220766678123,0.531160825653364),
 .UNSPECIFIED.);
#378=B_SPLINE_SURFACE_WITH_KNOTS($,3,3,((#3670,#3671,#3672,#3673,#3674),
(#3675,#3676,#3677,#3678,#3679),(#3680,#3681,#3682,#3683,#3684),(#3685,
#3686,#3687,#3688,#3689)),.UNSPECIFIED.,.F.,.F.,.F.,(4,4),(4,1,4),(-4.36829268292683,
-0.680487804878056),(-0.518822102485168,-8.43740652345382E-009,0.518822085610355),
 .UNSPECIFIED.);
#379=B_SPLINE_SURFACE_WITH_KNOTS($,3,3,((#3716,#3717,#3718,#3719,#3720),
(#3721,#3722,#3723,#3724,#3725),(#3726,#3727,#3728,#3729,#3730),(#3731,
#3732,#3733,#3734,#3735),(#3736,#3737,#3738,#3739,#3740),(#3741,#3742,#3743,
#3744,#3745)),.UNSPECIFIED.,.F.,.F.,.F.,(4,1,1,4),(4,1,4),(6.28318530546582,
6.91156941311852,7.33049215155365,7.74941488998878),(5.75202448153202,5.97966483538097,
6.28318530717958),.UNSPECIFIED.);
#380=B_SPLINE_SURFACE_WITH_KNOTS($,3,3,((#3756,#3757,#3758,#3759,#3760),
(#3761,#3762,#3763,#3764,#3765),(#3766,#3767,#3768,#3769,#3770),(#3771,
#3772,#3773,#3774,#3775),(#3776,#3777,#3778,#3779,#3780),(#3781,#3782,#3783,
#3784,#3785)),.UNSPECIFIED.,.F.,.F.,.F.,(4,1,1,4),(4,1,4),(6.28318530546582,
6.91166093195076,7.33064468294072,7.74962843393067),(2.61043182794209,3.14159265359262,
3.67275347924316),.UNSPECIFIED.);
#381=B_SPLINE_SURFACE_WITH_KNOTS($,3,3,((#3790,#3791,#3792,#3793,#3794),
(#3795,#3796,#3797,#3798,#3799),(#3800,#3801,#3802,#3803,#3804),(#3805,
#3806,#3807,#3808,#3809),(#3810,#3811,#3812,#3813,#3814),(#3815,#3816,#3817,
#3818,#3819)),.UNSPECIFIED.,.F.,.F.,.F.,(4,1,1,4),(4,1,4),(6.28318530546582,
6.91156941311863,7.33049215155384,7.74941488998905),(-2.99836157193674E-014,
0.22764035385136,0.531160825653212),.UNSPECIFIED.);
#382=B_SPLINE_SURFACE_WITH_KNOTS($,3,3,((#3824,#3825,#3826,#3827,#3828),
(#3829,#3830,#3831,#3832,#3833),(#3834,#3835,#3836,#3837,#3838),(#3839,
#3840,#3841,#3842,#3843),(#3844,#3845,#3846,#3847,#3848),(#3849,#3850,#3851,
#3852,#3853)),.UNSPECIFIED.,.F.,.F.,.F.,(4,1,1,4),(4,1,4),(6.28318529820712,
6.9282398239496,7.35827617444459,7.78831252493958),(2.61043179762727,3.1415926454468,
3.67275349326633),.UNSPECIFIED.);
#383=B_SPLINE_SURFACE_WITH_KNOTS($,3,3,((#4290,#4291,#4292,#4293),(#4294,
#4295,#4296,#4297),(#4298,#4299,#4300,#4301),(#4302,#4303,#4304,#4305)),
 .UNSPECIFIED.,.F.,.F.,.F.,(4,4),(4,4),(-4.36829268292683,-3.74850250224822),
(3.13958707804338,3.67881336997688),.UNSPECIFIED.);
#384=B_SPLINE_SURFACE_WITH_KNOTS($,3,3,((#4320,#4321,#4322,#4323),(#4324,
#4325,#4326,#4327),(#4328,#4329,#4330,#4331),(#4332,#4333,#4334,#4335)),
 .UNSPECIFIED.,.F.,.F.,.F.,(4,4),(4,4),(-1.30369342661777,-0.680487804878056),
(-3.1425464753,-2.60542369651233),.UNSPECIFIED.);
#385=B_SPLINE_SURFACE_WITH_KNOTS($,3,3,((#4350,#4351,#4352,#4353,#4354),
(#4355,#4356,#4357,#4358,#4359),(#4360,#4361,#4362,#4363,#4364),(#4365,
#4366,#4367,#4368,#4369)),.UNSPECIFIED.,.F.,.F.,.F.,(4,4),(4,1,4),(-4.36829268292683,
-0.680487804878056),(-0.52086800088854,-0.00102295763909271,0.518822085610355),
 .UNSPECIFIED.);
#386=B_SPLINE_SURFACE_WITH_KNOTS($,3,3,((#4440,#4441,#4442,#4443,#4444,
#4445,#4446,#4447,#4448,#4449,#4450),(#4451,#4452,#4453,#4454,#4455,#4456,
#4457,#4458,#4459,#4460,#4461),(#4462,#4463,#4464,#4465,#4466,#4467,#4468,
#4469,#4470,#4471,#4472),(#4473,#4474,#4475,#4476,#4477,#4478,#4479,#4480,
#4481,#4482,#4483),(#4484,#4485,#4486,#4487,#4488,#4489,#4490,#4491,#4492,
#4493,#4494),(#4495,#4496,#4497,#4498,#4499,#4500,#4501,#4502,#4503,#4504,
#4505)),.UNSPECIFIED.,.F.,.F.,.F.,(4,1,1,4),(4,1,1,1,1,1,1,1,4),(6.28318530546582,
6.71080715685917,7.13842900825251,7.77986178534253),(2.59462783252311,2.67246961032984,
2.75031138813657,2.90599494375003,3.13952027717021,3.45088738839712,3.52872916620385,
3.60657094401058,3.68441272181731),.UNSPECIFIED.);
#387=B_SPLINE_SURFACE_WITH_KNOTS($,3,3,((#4538,#4539,#4540,#4541),(#4542,
#4543,#4544,#4545),(#4546,#4547,#4548,#4549),(#4550,#4551,#4552,#4553),
(#4554,#4555,#4556,#4557),(#4558,#4559,#4560,#4561)),.UNSPECIFIED.,.F.,
 .F.,.F.,(4,1,1,4),(4,4),(6.28318530546582,6.8981697170637,7.30815932479562,
7.71814893252753),(-3.08647422920464E-014,0.519260382337335),
 .UNSPECIFIED.);
#388=B_SPLINE_SURFACE_WITH_KNOTS($,3,3,((#4591,#4592,#4593,#4594),(#4595,
#4596,#4597,#4598),(#4599,#4600,#4601,#4602),(#4603,#4604,#4605,#4606),
(#4607,#4608,#4609,#4610),(#4611,#4612,#4613,#4614)),.UNSPECIFIED.,.F.,
 .F.,.F.,(4,1,1,4),(4,4),(6.28318530546582,6.89813692716917,7.3081046749714,
7.71807242277363),(5.76808700121356,6.28318530717959),.UNSPECIFIED.);
#389=B_SPLINE_SURFACE_WITH_KNOTS($,3,3,((#4632,#4633,#4634,#4635),(#4636,
#4637,#4638,#4639),(#4640,#4641,#4642,#4643),(#4644,#4645,#4646,#4647)),
 .UNSPECIFIED.,.F.,.F.,.F.,(4,4),(4,4),(-4.36829268292683,-0.680487804878056),
(-3.67250518565933,-3.13847879512123),.UNSPECIFIED.);
#390=B_SPLINE_SURFACE_WITH_KNOTS($,3,3,((#4659,#4660,#4661,#4662,#4663),
(#4664,#4665,#4666,#4667,#4668),(#4669,#4670,#4671,#4672,#4673),(#4674,
#4675,#4676,#4677,#4678)),.UNSPECIFIED.,.F.,.F.,.F.,(4,4),(4,1,4),(-4.36829268292683,
-0.680487804878056),(-0.506501674034758,-0.00215198510793868,0.502197703818881),
 .UNSPECIFIED.);
#391=B_SPLINE_SURFACE_WITH_KNOTS($,3,3,((#4700,#4701,#4702,#4703,#4704,
#4705,#4706,#4707,#4708,#4709),(#4710,#4711,#4712,#4713,#4714,#4715,#4716,
#4717,#4718,#4719),(#4720,#4721,#4722,#4723,#4724,#4725,#4726,#4727,#4728,
#4729),(#4730,#4731,#4732,#4733,#4734,#4735,#4736,#4737,#4738,#4739),(#4740,
#4741,#4742,#4743,#4744,#4745,#4746,#4747,#4748,#4749),(#4750,#4751,#4752,
#4753,#4754,#4755,#4756,#4757,#4758,#4759)),.UNSPECIFIED.,.F.,.F.,.F.,(4,
1,1,4),(4,1,1,1,1,1,1,4),(6.28318529820712,6.72145334460154,7.15972139099596,
7.81712346058759),(-3.92998238261045E-014,0.0390689157910722,0.0781378315821838,
0.23441349474663,0.390689157911076,0.468826989493299,0.507895905284411,
0.546964821075522),.UNSPECIFIED.);
#392=B_SPLINE_SURFACE_WITH_KNOTS($,3,3,((#4778,#4779,#4780,#4781,#4782),
(#4783,#4784,#4785,#4786,#4787),(#4788,#4789,#4790,#4791,#4792),(#4793,
#4794,#4795,#4796,#4797),(#4798,#4799,#4800,#4801,#4802),(#4803,#4804,#4805,
#4806,#4807)),.UNSPECIFIED.,.F.,.F.,.F.,(4,1,1,4),(4,1,4),(6.28318529820712,
6.94057750516861,7.37883897647626,7.81710044778392),(5.74036523895195,5.97300241104953,
6.28318530717963),.UNSPECIFIED.);
#393=B_SPLINE_SURFACE_WITH_KNOTS($,3,3,((#4820,#4821,#4822,#4823,#4824),
(#4825,#4826,#4827,#4828,#4829),(#4830,#4831,#4832,#4833,#4834),(#4835,
#4836,#4837,#4838,#4839),(#4840,#4841,#4842,#4843,#4844),(#4845,#4846,#4847,
#4848,#4849)),.UNSPECIFIED.,.F.,.F.,.F.,(4,1,1,4),(4,1,4),(6.28318529820712,
6.91535909701793,7.33680829622514,7.75825749543235),(2.6223322712684,3.13951161840428,
3.65669096554016),.UNSPECIFIED.);
#394=B_SPLINE_SURFACE_WITH_KNOTS($,3,3,((#5048,#5049,#5050,#5051,#5052),
(#5053,#5054,#5055,#5056,#5057),(#5058,#5059,#5060,#5061,#5062),(#5063,
#5064,#5065,#5066,#5067),(#5068,#5069,#5070,#5071,#5072),(#5073,#5074,#5075,
#5076,#5077)),.UNSPECIFIED.,.F.,.F.,.F.,(4,1,1,4),(4,1,4),(6.28318529820712,
6.92814648315818,7.35812060645888,7.78809472975959),(5.75202448152603,5.97966483537756,
6.2831853071796),.UNSPECIFIED.);
#395=B_SPLINE_SURFACE_WITH_KNOTS($,3,3,((#5110,#5111,#5112,#5113,#5114,
#5115,#5116,#5117,#5118,#5119,#5120),(#5121,#5122,#5123,#5124,#5125,#5126,
#5127,#5128,#5129,#5130,#5131),(#5132,#5133,#5134,#5135,#5136,#5137,#5138,
#5139,#5140,#5141,#5142),(#5143,#5144,#5145,#5146,#5147,#5148,#5149,#5150,
#5151,#5152,#5153),(#5154,#5155,#5156,#5157,#5158,#5159,#5160,#5161,#5162,
#5163,#5164),(#5165,#5166,#5167,#5168,#5169,#5170,#5171,#5172,#5173,#5174,
#5175)),.UNSPECIFIED.,.F.,.F.,.F.,(4,1,1,4),(4,1,1,1,1,1,1,1,4),(6.28318529820712,
6.71315942150783,7.14313354480854,7.78809472975961),(-1.04883507285954E-014,
0.0379400589752306,0.0758801179504716,0.151760235900954,0.303520471801918,
0.3794005897524,0.455280707702882,0.493220766678123,0.531160825653364),
 .UNSPECIFIED.);
#396=B_SPLINE_SURFACE_WITH_KNOTS($,3,3,((#5208,#5209,#5210,#5211),(#5212,
#5213,#5214,#5215),(#5216,#5217,#5218,#5219),(#5220,#5221,#5222,#5223)),
 .UNSPECIFIED.,.F.,.F.,.F.,(4,4),(4,4),(-4.36829268292683,-0.680487804878056),
(2.62277058250945,3.14159265358979),.UNSPECIFIED.);
#397=B_SPLINE_SURFACE_WITH_KNOTS($,3,3,((#5240,#5241,#5242,#5243),(#5244,
#5245,#5246,#5247),(#5248,#5249,#5250,#5251),(#5252,#5253,#5254,#5255)),
 .UNSPECIFIED.,.F.,.F.,.F.,(4,4),(4,4),(-4.36829268292683,-0.680487804878056),
(-3.14159265358979,-2.62277058250967),.UNSPECIFIED.);
#398=B_SPLINE_SURFACE_WITH_KNOTS($,3,3,((#5260,#5261,#5262,#5263,#5264),
(#5265,#5266,#5267,#5268,#5269),(#5270,#5271,#5272,#5273,#5274),(#5275,
#5276,#5277,#5278,#5279),(#5280,#5281,#5282,#5283,#5284),(#5285,#5286,#5287,
#5288,#5289)),.UNSPECIFIED.,.F.,.F.,.F.,(4,1,1,4),(4,1,4),(6.28318530546582,
6.91156941311852,7.33049215155365,7.74941488998878),(5.75202448153202,5.97966483538097,
6.28318530717958),.UNSPECIFIED.);
#399=B_SPLINE_SURFACE_WITH_KNOTS($,3,3,((#5300,#5301,#5302,#5303,#5304),
(#5305,#5306,#5307,#5308,#5309),(#5310,#5311,#5312,#5313,#5314),(#5315,
#5316,#5317,#5318,#5319),(#5320,#5321,#5322,#5323,#5324),(#5325,#5326,#5327,
#5328,#5329)),.UNSPECIFIED.,.F.,.F.,.F.,(4,1,1,4),(4,1,4),(6.28318530546582,
6.91166093195076,7.33064468294072,7.74962843393067),(2.61043182794209,3.14159265359262,
3.67275347924316),.UNSPECIFIED.);
#400=B_SPLINE_SURFACE_WITH_KNOTS($,3,3,((#5334,#5335,#5336,#5337,#5338),
(#5339,#5340,#5341,#5342,#5343),(#5344,#5345,#5346,#5347,#5348),(#5349,
#5350,#5351,#5352,#5353),(#5354,#5355,#5356,#5357,#5358),(#5359,#5360,#5361,
#5362,#5363)),.UNSPECIFIED.,.F.,.F.,.F.,(4,1,1,4),(4,1,4),(6.28318530546582,
6.91156941311863,7.33049215155384,7.74941488998905),(-2.99836157193674E-014,
0.22764035385136,0.531160825653212),.UNSPECIFIED.);
#401=B_SPLINE_SURFACE_WITH_KNOTS($,3,3,((#5364,#5365,#5366,#5367,#5368),
(#5369,#5370,#5371,#5372,#5373),(#5374,#5375,#5376,#5377,#5378),(#5379,
#5380,#5381,#5382,#5383),(#5384,#5385,#5386,#5387,#5388),(#5389,#5390,#5391,
#5392,#5393)),.UNSPECIFIED.,.F.,.F.,.F.,(4,1,1,4),(4,1,4),(6.28318529820712,
6.9282398239496,7.35827617444459,7.78831252493958),(2.61043179762727,3.1415926454468,
3.67275349326633),.UNSPECIFIED.);
#402=SHAPE_REPRESENTATION_RELATIONSHIP('SRR','None',#5517,#403);
#403=ADVANCED_BREP_SHAPE_REPRESENTATION($,(#2082,#2083,#2084,#2085,#2086,
#2087,#2088,#2089,#2090,#2091,#2092,#2093,#2094),#5511);
#404=STYLED_ITEM($,(#5525),#2082);
#405=STYLED_ITEM($,(#5525),#2083);
#406=STYLED_ITEM($,(#5525),#2084);
#407=STYLED_ITEM($,(#5525),#2085);
#408=STYLED_ITEM($,(#5525),#2086);
#409=STYLED_ITEM($,(#5525),#2087);
#410=STYLED_ITEM($,(#5525),#2088);
#411=STYLED_ITEM($,(#5525),#2089);
#412=STYLED_ITEM($,(#5525),#2090);
#413=STYLED_ITEM($,(#5525),#2091);
#414=STYLED_ITEM($,(#5525),#2092);
#415=STYLED_ITEM($,(#5526),#2093);
#416=STYLED_ITEM($,(#5525),#2094);
#417=PLANE($,#2099);
#418=PLANE($,#2100);
#419=PLANE($,#2104);
#420=PLANE($,#2105);
#421=PLANE($,#2109);
#422=PLANE($,#2110);
#423=PLANE($,#2114);
#424=PLANE($,#2115);
#425=PLANE($,#2119);
#426=PLANE($,#2120);
#427=PLANE($,#2124);
#428=PLANE($,#2125);
#429=PLANE($,#2129);
#430=PLANE($,#2130);
#431=PLANE($,#2134);
#432=PLANE($,#2135);
#433=PLANE($,#2139);
#434=PLANE($,#2140);
#435=PLANE($,#2144);
#436=PLANE($,#2145);
#437=PLANE($,#2149);
#438=PLANE($,#2150);
#439=PLANE($,#2164);
#440=PLANE($,#2165);
#441=PLANE($,#2166);
#442=PLANE($,#2167);
#443=PLANE($,#2169);
#444=PLANE($,#2170);
#445=PLANE($,#2190);
#446=PLANE($,#2209);
#447=PLANE($,#2214);
#448=PLANE($,#2215);
#449=PLANE($,#2216);
#450=PLANE($,#2217);
#451=PLANE($,#2218);
#452=PLANE($,#2219);
#453=PLANE($,#2222);
#454=PLANE($,#2223);
#455=PLANE($,#2224);
#456=PLANE($,#2225);
#457=PLANE($,#2226);
#458=PLANE($,#2227);
#459=PLANE($,#2228);
#460=PLANE($,#2229);
#461=PLANE($,#2232);
#462=PLANE($,#2233);
#463=PLANE($,#2236);
#464=PLANE($,#2248);
#465=PLANE($,#2249);
#466=PLANE($,#2253);
#467=PLANE($,#2254);
#468=FACE_BOUND($,#617,.T.);
#469=FACE_BOUND($,#621,.T.);
#470=FACE_BOUND($,#625,.T.);
#471=FACE_BOUND($,#629,.T.);
#472=FACE_BOUND($,#633,.T.);
#473=FACE_BOUND($,#637,.T.);
#474=FACE_BOUND($,#641,.T.);
#475=FACE_BOUND($,#645,.T.);
#476=FACE_BOUND($,#649,.T.);
#477=FACE_BOUND($,#653,.T.);
#478=FACE_BOUND($,#657,.T.);
#479=FACE_BOUND($,#692,.T.);
#480=FACE_BOUND($,#699,.T.);
#481=FACE_BOUND($,#700,.T.);
#482=FACE_BOUND($,#701,.T.);
#483=FACE_BOUND($,#761,.T.);
#484=FACE_OUTER_BOUND($,#616,.T.);
#485=FACE_OUTER_BOUND($,#618,.T.);
#486=FACE_OUTER_BOUND($,#619,.T.);
#487=FACE_OUTER_BOUND($,#620,.T.);
#488=FACE_OUTER_BOUND($,#622,.T.);
#489=FACE_OUTER_BOUND($,#623,.T.);
#490=FACE_OUTER_BOUND($,#624,.T.);
#491=FACE_OUTER_BOUND($,#626,.T.);
#492=FACE_OUTER_BOUND($,#627,.T.);
#493=FACE_OUTER_BOUND($,#628,.T.);
#494=FACE_OUTER_BOUND($,#630,.T.);
#495=FACE_OUTER_BOUND($,#631,.T.);
#496=FACE_OUTER_BOUND($,#632,.T.);
#497=FACE_OUTER_BOUND($,#634,.T.);
#498=FACE_OUTER_BOUND($,#635,.T.);
#499=FACE_OUTER_BOUND($,#636,.T.);
#500=FACE_OUTER_BOUND($,#638,.T.);
#501=FACE_OUTER_BOUND($,#639,.T.);
#502=FACE_OUTER_BOUND($,#640,.T.);
#503=FACE_OUTER_BOUND($,#642,.T.);
#504=FACE_OUTER_BOUND($,#643,.T.);
#505=FACE_OUTER_BOUND($,#644,.T.);
#506=FACE_OUTER_BOUND($,#646,.T.);
#507=FACE_OUTER_BOUND($,#647,.T.);
#508=FACE_OUTER_BOUND($,#648,.T.);
#509=FACE_OUTER_BOUND($,#650,.T.);
#510=FACE_OUTER_BOUND($,#651,.T.);
#511=FACE_OUTER_BOUND($,#652,.T.);
#512=FACE_OUTER_BOUND($,#654,.T.);
#513=FACE_OUTER_BOUND($,#655,.T.);
#514=FACE_OUTER_BOUND($,#656,.T.);
#515=FACE_OUTER_BOUND($,#658,.T.);
#516=FACE_OUTER_BOUND($,#659,.T.);
#517=FACE_OUTER_BOUND($,#660,.T.);
#518=FACE_OUTER_BOUND($,#661,.T.);
#519=FACE_OUTER_BOUND($,#662,.T.);
#520=FACE_OUTER_BOUND($,#663,.T.);
#521=FACE_OUTER_BOUND($,#664,.T.);
#522=FACE_OUTER_BOUND($,#665,.T.);
#523=FACE_OUTER_BOUND($,#666,.T.);
#524=FACE_OUTER_BOUND($,#667,.T.);
#525=FACE_OUTER_BOUND($,#668,.T.);
#526=FACE_OUTER_BOUND($,#669,.T.);
#527=FACE_OUTER_BOUND($,#670,.T.);
#528=FACE_OUTER_BOUND($,#671,.T.);
#529=FACE_OUTER_BOUND($,#672,.T.);
#530=FACE_OUTER_BOUND($,#673,.T.);
#531=FACE_OUTER_BOUND($,#674,.T.);
#532=FACE_OUTER_BOUND($,#675,.T.);
#533=FACE_OUTER_BOUND($,#676,.T.);
#534=FACE_OUTER_BOUND($,#677,.T.);
#535=FACE_OUTER_BOUND($,#678,.T.);
#536=FACE_OUTER_BOUND($,#679,.T.);
#537=FACE_OUTER_BOUND($,#680,.T.);
#538=FACE_OUTER_BOUND($,#681,.T.);
#539=FACE_OUTER_BOUND($,#682,.T.);
#540=FACE_OUTER_BOUND($,#683,.T.);
#541=FACE_OUTER_BOUND($,#684,.T.);
#542=FACE_OUTER_BOUND($,#685,.T.);
#543=FACE_OUTER_BOUND($,#686,.T.);
#544=FACE_OUTER_BOUND($,#687,.T.);
#545=FACE_OUTER_BOUND($,#688,.T.);
#546=FACE_OUTER_BOUND($,#689,.T.);
#547=FACE_OUTER_BOUND($,#690,.T.);
#548=FACE_OUTER_BOUND($,#691,.T.);
#549=FACE_OUTER_BOUND($,#693,.T.);
#550=FACE_OUTER_BOUND($,#694,.T.);
#551=FACE_OUTER_BOUND($,#695,.T.);
#552=FACE_OUTER_BOUND($,#696,.T.);
#553=FACE_OUTER_BOUND($,#697,.T.);
#554=FACE_OUTER_BOUND($,#698,.T.);
#555=FACE_OUTER_BOUND($,#702,.T.);
#556=FACE_OUTER_BOUND($,#703,.T.);
#557=FACE_OUTER_BOUND($,#704,.T.);
#558=FACE_OUTER_BOUND($,#705,.T.);
#559=FACE_OUTER_BOUND($,#706,.T.);
#560=FACE_OUTER_BOUND($,#707,.T.);
#561=FACE_OUTER_BOUND($,#708,.T.);
#562=FACE_OUTER_BOUND($,#709,.T.);
#563=FACE_OUTER_BOUND($,#710,.T.);
#564=FACE_OUTER_BOUND($,#711,.T.);
#565=FACE_OUTER_BOUND($,#712,.T.);
#566=FACE_OUTER_BOUND($,#713,.T.);
#567=FACE_OUTER_BOUND($,#714,.T.);
#568=FACE_OUTER_BOUND($,#715,.T.);
#569=FACE_OUTER_BOUND($,#716,.T.);
#570=FACE_OUTER_BOUND($,#717,.T.);
#571=FACE_OUTER_BOUND($,#718,.T.);
#572=FACE_OUTER_BOUND($,#719,.T.);
#573=FACE_OUTER_BOUND($,#720,.T.);
#574=FACE_OUTER_BOUND($,#721,.T.);
#575=FACE_OUTER_BOUND($,#722,.T.);
#576=FACE_OUTER_BOUND($,#723,.T.);
#577=FACE_OUTER_BOUND($,#724,.T.);
#578=FACE_OUTER_BOUND($,#725,.T.);
#579=FACE_OUTER_BOUND($,#726,.T.);
#580=FACE_OUTER_BOUND($,#727,.T.);
#581=FACE_OUTER_BOUND($,#728,.T.);
#582=FACE_OUTER_BOUND($,#729,.T.);
#583=FACE_OUTER_BOUND($,#730,.T.);
#584=FACE_OUTER_BOUND($,#731,.T.);
#585=FACE_OUTER_BOUND($,#732,.T.);
#586=FACE_OUTER_BOUND($,#733,.T.);
#587=FACE_OUTER_BOUND($,#734,.T.);
#588=FACE_OUTER_BOUND($,#735,.T.);
#589=FACE_OUTER_BOUND($,#736,.T.);
#590=FACE_OUTER_BOUND($,#737,.T.);
#591=FACE_OUTER_BOUND($,#738,.T.);
#592=FACE_OUTER_BOUND($,#739,.T.);
#593=FACE_OUTER_BOUND($,#740,.T.);
#594=FACE_OUTER_BOUND($,#741,.T.);
#595=FACE_OUTER_BOUND($,#742,.T.);
#596=FACE_OUTER_BOUND($,#743,.T.);
#597=FACE_OUTER_BOUND($,#744,.T.);
#598=FACE_OUTER_BOUND($,#745,.T.);
#599=FACE_OUTER_BOUND($,#746,.T.);
#600=FACE_OUTER_BOUND($,#747,.T.);
#601=FACE_OUTER_BOUND($,#748,.T.);
#602=FACE_OUTER_BOUND($,#749,.T.);
#603=FACE_OUTER_BOUND($,#750,.T.);
#604=FACE_OUTER_BOUND($,#751,.T.);
#605=FACE_OUTER_BOUND($,#752,.T.);
#606=FACE_OUTER_BOUND($,#753,.T.);
#607=FACE_OUTER_BOUND($,#754,.T.);
#608=FACE_OUTER_BOUND($,#755,.T.);
#609=FACE_OUTER_BOUND($,#756,.T.);
#610=FACE_OUTER_BOUND($,#757,.T.);
#611=FACE_OUTER_BOUND($,#758,.T.);
#612=FACE_OUTER_BOUND($,#759,.T.);
#613=FACE_OUTER_BOUND($,#760,.T.);
#614=FACE_OUTER_BOUND($,#762,.T.);
#615=FACE_OUTER_BOUND($,#763,.T.);
#616=EDGE_LOOP($,(#1314));
#617=EDGE_LOOP($,(#1315));
#618=EDGE_LOOP($,(#1316));
#619=EDGE_LOOP($,(#1317));
#620=EDGE_LOOP($,(#1318));
#621=EDGE_LOOP($,(#1319));
#622=EDGE_LOOP($,(#1320));
#623=EDGE_LOOP($,(#1321));
#624=EDGE_LOOP($,(#1322));
#625=EDGE_LOOP($,(#1323));
#626=EDGE_LOOP($,(#1324));
#627=EDGE_LOOP($,(#1325));
#628=EDGE_LOOP($,(#1326));
#629=EDGE_LOOP($,(#1327));
#630=EDGE_LOOP($,(#1328));
#631=EDGE_LOOP($,(#1329));
#632=EDGE_LOOP($,(#1330));
#633=EDGE_LOOP($,(#1331));
#634=EDGE_LOOP($,(#1332));
#635=EDGE_LOOP($,(#1333));
#636=EDGE_LOOP($,(#1334));
#637=EDGE_LOOP($,(#1335));
#638=EDGE_LOOP($,(#1336));
#639=EDGE_LOOP($,(#1337));
#640=EDGE_LOOP($,(#1338));
#641=EDGE_LOOP($,(#1339));
#642=EDGE_LOOP($,(#1340));
#643=EDGE_LOOP($,(#1341));
#644=EDGE_LOOP($,(#1342));
#645=EDGE_LOOP($,(#1343));
#646=EDGE_LOOP($,(#1344));
#647=EDGE_LOOP($,(#1345));
#648=EDGE_LOOP($,(#1346));
#649=EDGE_LOOP($,(#1347));
#650=EDGE_LOOP($,(#1348));
#651=EDGE_LOOP($,(#1349));
#652=EDGE_LOOP($,(#1350));
#653=EDGE_LOOP($,(#1351));
#654=EDGE_LOOP($,(#1352));
#655=EDGE_LOOP($,(#1353));
#656=EDGE_LOOP($,(#1354));
#657=EDGE_LOOP($,(#1355));
#658=EDGE_LOOP($,(#1356));
#659=EDGE_LOOP($,(#1357));
#660=EDGE_LOOP($,(#1358,#1359,#1360,#1361,#1362,#1363,#1364,#1365));
#661=EDGE_LOOP($,(#1366,#1367,#1368,#1369,#1370,#1371));
#662=EDGE_LOOP($,(#1372,#1373,#1374,#1375,#1376,#1377));
#663=EDGE_LOOP($,(#1378,#1379,#1380,#1381));
#664=EDGE_LOOP($,(#1382,#1383,#1384,#1385));
#665=EDGE_LOOP($,(#1386,#1387,#1388,#1389,#1390));
#666=EDGE_LOOP($,(#1391,#1392,#1393,#1394));
#667=EDGE_LOOP($,(#1395,#1396,#1397,#1398));
#668=EDGE_LOOP($,(#1399,#1400,#1401,#1402));
#669=EDGE_LOOP($,(#1403,#1404,#1405,#1406,#1407,#1408,#1409,#1410));
#670=EDGE_LOOP($,(#1411,#1412,#1413,#1414,#1415));
#671=EDGE_LOOP($,(#1416,#1417,#1418,#1419));
#672=EDGE_LOOP($,(#1420,#1421,#1422,#1423));
#673=EDGE_LOOP($,(#1424,#1425,#1426,#1427));
#674=EDGE_LOOP($,(#1428,#1429,#1430,#1431,#1432,#1433,#1434,#1435));
#675=EDGE_LOOP($,(#1436,#1437,#1438,#1439,#1440,#1441,#1442,#1443,#1444,
#1445,#1446,#1447,#1448,#1449));
#676=EDGE_LOOP($,(#1450,#1451,#1452,#1453));
#677=EDGE_LOOP($,(#1454,#1455,#1456,#1457));
#678=EDGE_LOOP($,(#1458,#1459,#1460,#1461,#1462));
#679=EDGE_LOOP($,(#1463,#1464,#1465,#1466));
#680=EDGE_LOOP($,(#1467,#1468,#1469,#1470,#1471));
#681=EDGE_LOOP($,(#1472,#1473,#1474,#1475));
#682=EDGE_LOOP($,(#1476,#1477,#1478,#1479));
#683=EDGE_LOOP($,(#1480,#1481,#1482,#1483,#1484,#1485,#1486,#1487,#1488,
#1489,#1490,#1491,#1492));
#684=EDGE_LOOP($,(#1493,#1494,#1495,#1496,#1497,#1498,#1499,#1500));
#685=EDGE_LOOP($,(#1501,#1502,#1503,#1504,#1505,#1506,#1507,#1508));
#686=EDGE_LOOP($,(#1509,#1510));
#687=EDGE_LOOP($,(#1511));
#688=EDGE_LOOP($,(#1512,#1513,#1514,#1515));
#689=EDGE_LOOP($,(#1516,#1517,#1518,#1519,#1520,#1521,#1522,#1523,#1524,
#1525,#1526,#1527,#1528));
#690=EDGE_LOOP($,(#1529,#1530,#1531,#1532));
#691=EDGE_LOOP($,(#1533,#1534,#1535,#1536,#1537,#1538,#1539,#1540,#1541,
#1542,#1543,#1544,#1545,#1546));
#692=EDGE_LOOP($,(#1547,#1548,#1549,#1550));
#693=EDGE_LOOP($,(#1551,#1552,#1553,#1554));
#694=EDGE_LOOP($,(#1555,#1556,#1557,#1558));
#695=EDGE_LOOP($,(#1559,#1560,#1561,#1562));
#696=EDGE_LOOP($,(#1563,#1564,#1565,#1566));
#697=EDGE_LOOP($,(#1567,#1568,#1569,#1570));
#698=EDGE_LOOP($,(#1571,#1572,#1573,#1574));
#699=EDGE_LOOP($,(#1575,#1576,#1577,#1578,#1579,#1580,#1581,#1582));
#700=EDGE_LOOP($,(#1583,#1584,#1585,#1586));
#701=EDGE_LOOP($,(#1587,#1588,#1589,#1590,#1591,#1592,#1593,#1594));
#702=EDGE_LOOP($,(#1595,#1596,#1597,#1598));
#703=EDGE_LOOP($,(#1599,#1600,#1601,#1602));
#704=EDGE_LOOP($,(#1603,#1604,#1605,#1606));
#705=EDGE_LOOP($,(#1607,#1608,#1609,#1610));
#706=EDGE_LOOP($,(#1611,#1612,#1613,#1614));
#707=EDGE_LOOP($,(#1615,#1616,#1617,#1618));
#708=EDGE_LOOP($,(#1619,#1620,#1621,#1622,#1623,#1624,#1625,#1626));
#709=EDGE_LOOP($,(#1627,#1628,#1629,#1630));
#710=EDGE_LOOP($,(#1631,#1632,#1633,#1634));
#711=EDGE_LOOP($,(#1635,#1636,#1637,#1638));
#712=EDGE_LOOP($,(#1639,#1640,#1641,#1642));
#713=EDGE_LOOP($,(#1643,#1644,#1645,#1646,#1647,#1648,#1649,#1650));
#714=EDGE_LOOP($,(#1651,#1652,#1653,#1654));
#715=EDGE_LOOP($,(#1655,#1656,#1657,#1658));
#716=EDGE_LOOP($,(#1659,#1660,#1661,#1662));
#717=EDGE_LOOP($,(#1663,#1664,#1665,#1666,#1667,#1668,#1669,#1670,#1671,
#1672,#1673,#1674,#1675));
#718=EDGE_LOOP($,(#1676,#1677,#1678,#1679));
#719=EDGE_LOOP($,(#1680,#1681,#1682,#1683));
#720=EDGE_LOOP($,(#1684,#1685,#1686,#1687));
#721=EDGE_LOOP($,(#1688,#1689,#1690,#1691,#1692,#1693,#1694,#1695,#1696,
#1697,#1698,#1699));
#722=EDGE_LOOP($,(#1700,#1701,#1702,#1703));
#723=EDGE_LOOP($,(#1704,#1705,#1706,#1707));
#724=EDGE_LOOP($,(#1708,#1709,#1710,#1711,#1712,#1713,#1714,#1715));
#725=EDGE_LOOP($,(#1716,#1717,#1718,#1719));
#726=EDGE_LOOP($,(#1720,#1721,#1722,#1723));
#727=EDGE_LOOP($,(#1724,#1725,#1726,#1727));
#728=EDGE_LOOP($,(#1728,#1729,#1730,#1731));
#729=EDGE_LOOP($,(#1732,#1733,#1734,#1735,#1736,#1737,#1738,#1739,#1740,
#1741,#1742,#1743));
#730=EDGE_LOOP($,(#1744,#1745,#1746,#1747));
#731=EDGE_LOOP($,(#1748,#1749,#1750,#1751,#1752,#1753,#1754,#1755));
#732=EDGE_LOOP($,(#1756,#1757,#1758,#1759));
#733=EDGE_LOOP($,(#1760,#1761,#1762,#1763));
#734=EDGE_LOOP($,(#1764,#1765,#1766,#1767,#1768,#1769,#1770,#1771,#1772));
#735=EDGE_LOOP($,(#1773,#1774,#1775,#1776,#1777,#1778));
#736=EDGE_LOOP($,(#1779,#1780,#1781,#1782,#1783,#1784));
#737=EDGE_LOOP($,(#1785,#1786,#1787,#1788,#1789));
#738=EDGE_LOOP($,(#1790,#1791,#1792,#1793));
#739=EDGE_LOOP($,(#1794,#1795,#1796,#1797));
#740=EDGE_LOOP($,(#1798,#1799,#1800,#1801,#1802,#1803,#1804,#1805));
#741=EDGE_LOOP($,(#1806,#1807,#1808,#1809,#1810));
#742=EDGE_LOOP($,(#1811,#1812,#1813,#1814));
#743=EDGE_LOOP($,(#1815,#1816,#1817,#1818));
#744=EDGE_LOOP($,(#1819,#1820,#1821,#1822));
#745=EDGE_LOOP($,(#1823,#1824,#1825,#1826,#1827,#1828,#1829,#1830));
#746=EDGE_LOOP($,(#1831,#1832,#1833,#1834,#1835,#1836,#1837,#1838,#1839,
#1840,#1841,#1842,#1843,#1844));
#747=EDGE_LOOP($,(#1845,#1846,#1847,#1848,#1849,#1850,#1851,#1852));
#748=EDGE_LOOP($,(#1853,#1854,#1855,#1856));
#749=EDGE_LOOP($,(#1857,#1858,#1859,#1860));
#750=EDGE_LOOP($,(#1861,#1862,#1863,#1864));
#751=EDGE_LOOP($,(#1865,#1866,#1867,#1868));
#752=EDGE_LOOP($,(#1869,#1870,#1871,#1872));
#753=EDGE_LOOP($,(#1873,#1874,#1875,#1876,#1877));
#754=EDGE_LOOP($,(#1878,#1879,#1880,#1881));
#755=EDGE_LOOP($,(#1882,#1883,#1884,#1885));
#756=EDGE_LOOP($,(#1886,#1887,#1888,#1889,#1890,#1891,#1892,#1893,#1894,
#1895,#1896,#1897,#1898));
#757=EDGE_LOOP($,(#1899,#1900,#1901,#1902,#1903,#1904,#1905,#1906));
#758=EDGE_LOOP($,(#1907,#1908));
#759=EDGE_LOOP($,(#1909));
#760=EDGE_LOOP($,(#1910));
#761=EDGE_LOOP($,(#1911));
#762=EDGE_LOOP($,(#1912));
#763=EDGE_LOOP($,(#1913));
#764=CIRCLE($,#2097,0.12);
#765=CIRCLE($,#2098,0.12);
#766=CIRCLE($,#2102,0.12);
#767=CIRCLE($,#2103,0.12);
#768=CIRCLE($,#2107,0.12);
#769=CIRCLE($,#2108,0.12);
#770=CIRCLE($,#2112,0.12);
#771=CIRCLE($,#2113,0.12);
#772=CIRCLE($,#2117,0.12);
#773=CIRCLE($,#2118,0.12);
#774=CIRCLE($,#2122,0.12);
#775=CIRCLE($,#2123,0.12);
#776=CIRCLE($,#2127,0.12);
#777=CIRCLE($,#2128,0.12);
#778=CIRCLE($,#2132,0.12);
#779=CIRCLE($,#2133,0.12);
#780=CIRCLE($,#2137,0.12);
#781=CIRCLE($,#2138,0.12);
#782=CIRCLE($,#2142,0.12);
#783=CIRCLE($,#2143,0.12);
#784=CIRCLE($,#2147,0.12);
#785=CIRCLE($,#2148,0.12);
#786=CIRCLE($,#2168,0.399999999999997);
#787=CIRCLE($,#2171,0.399999999999997);
#788=CIRCLE($,#2172,0.4);
#789=CIRCLE($,#2175,0.09);
#790=CIRCLE($,#2176,0.09);
#791=CIRCLE($,#2178,0.09);
#792=CIRCLE($,#2179,0.09);
#793=CIRCLE($,#2181,0.09);
#794=CIRCLE($,#2182,0.09);
#795=CIRCLE($,#2184,0.09);
#796=CIRCLE($,#2185,0.09);
#797=CIRCLE($,#2192,0.0900000000000001);
#798=CIRCLE($,#2194,0.0900000000000001);
#799=CIRCLE($,#2196,0.0900000000000001);
#800=CIRCLE($,#2198,0.0900000000000001);
#801=CIRCLE($,#2204,0.0900000000000001);
#802=CIRCLE($,#2206,0.0900000000000001);
#803=CIRCLE($,#2213,0.0900000000000001);
#804=CIRCLE($,#2220,0.4);
#805=CIRCLE($,#2235,0.0900000000000001);
#806=CIRCLE($,#2251,0.12);
#807=CIRCLE($,#2252,0.12);
#808=VERTEX_POINT($,#2653);
#809=VERTEX_POINT($,#2655);
#810=VERTEX_POINT($,#2660);
#811=VERTEX_POINT($,#2662);
#812=VERTEX_POINT($,#2667);
#813=VERTEX_POINT($,#2669);
#814=VERTEX_POINT($,#2674);
#815=VERTEX_POINT($,#2676);
#816=VERTEX_POINT($,#2681);
#817=VERTEX_POINT($,#2683);
#818=VERTEX_POINT($,#2688);
#819=VERTEX_POINT($,#2690);
#820=VERTEX_POINT($,#2695);
#821=VERTEX_POINT($,#2697);
#822=VERTEX_POINT($,#2702);
#823=VERTEX_POINT($,#2704);
#824=VERTEX_POINT($,#2709);
#825=VERTEX_POINT($,#2711);
#826=VERTEX_POINT($,#2716);
#827=VERTEX_POINT($,#2718);
#828=VERTEX_POINT($,#2723);
#829=VERTEX_POINT($,#2725);
#830=VERTEX_POINT($,#2745);
#831=VERTEX_POINT($,#2746);
#832=VERTEX_POINT($,#2751);
#833=VERTEX_POINT($,#2756);
#834=VERTEX_POINT($,#2761);
#835=VERTEX_POINT($,#2766);
#836=VERTEX_POINT($,#2771);
#837=VERTEX_POINT($,#2778);
#838=VERTEX_POINT($,#2793);
#839=VERTEX_POINT($,#2794);
#840=VERTEX_POINT($,#2796);
#841=VERTEX_POINT($,#2801);
#842=VERTEX_POINT($,#2806);
#843=VERTEX_POINT($,#2808);
#844=VERTEX_POINT($,#2825);
#845=VERTEX_POINT($,#2826);
#846=VERTEX_POINT($,#2828);
#847=VERTEX_POINT($,#2835);
#848=VERTEX_POINT($,#2840);
#849=VERTEX_POINT($,#2842);
#850=VERTEX_POINT($,#2971);
#851=VERTEX_POINT($,#2972);
#852=VERTEX_POINT($,#2977);
#853=VERTEX_POINT($,#3041);
#854=VERTEX_POINT($,#3042);
#855=VERTEX_POINT($,#3050);
#856=VERTEX_POINT($,#3061);
#857=VERTEX_POINT($,#3094);
#858=VERTEX_POINT($,#3102);
#859=VERTEX_POINT($,#3127);
#860=VERTEX_POINT($,#3134);
#861=VERTEX_POINT($,#3159);
#862=VERTEX_POINT($,#3174);
#863=VERTEX_POINT($,#3203);
#864=VERTEX_POINT($,#3210);
#865=VERTEX_POINT($,#3284);
#866=VERTEX_POINT($,#3289);
#867=VERTEX_POINT($,#3374);
#868=VERTEX_POINT($,#3379);
#869=VERTEX_POINT($,#3403);
#870=VERTEX_POINT($,#3405);
#871=VERTEX_POINT($,#3410);
#872=VERTEX_POINT($,#3417);
#873=VERTEX_POINT($,#3504);
#874=VERTEX_POINT($,#3512);
#875=VERTEX_POINT($,#3517);
#876=VERTEX_POINT($,#3520);
#877=VERTEX_POINT($,#3529);
#878=VERTEX_POINT($,#3574);
#879=VERTEX_POINT($,#3575);
#880=VERTEX_POINT($,#3690);
#881=VERTEX_POINT($,#3691);
#882=VERTEX_POINT($,#3700);
#883=VERTEX_POINT($,#3854);
#884=VERTEX_POINT($,#3954);
#885=VERTEX_POINT($,#3976);
#886=VERTEX_POINT($,#3978);
#887=VERTEX_POINT($,#3982);
#888=VERTEX_POINT($,#3984);
#889=VERTEX_POINT($,#3986);
#890=VERTEX_POINT($,#3988);
#891=VERTEX_POINT($,#3990);
#892=VERTEX_POINT($,#3992);
#893=VERTEX_POINT($,#3994);
#894=VERTEX_POINT($,#3998);
#895=VERTEX_POINT($,#3999);
#896=VERTEX_POINT($,#4004);
#897=VERTEX_POINT($,#4006);
#898=VERTEX_POINT($,#4010);
#899=VERTEX_POINT($,#4012);
#900=VERTEX_POINT($,#4015);
#901=VERTEX_POINT($,#4020);
#902=VERTEX_POINT($,#4031);
#903=VERTEX_POINT($,#4033);
#904=VERTEX_POINT($,#4039);
#905=VERTEX_POINT($,#4040);
#906=VERTEX_POINT($,#4042);
#907=VERTEX_POINT($,#4044);
#908=VERTEX_POINT($,#4048);
#909=VERTEX_POINT($,#4049);
#910=VERTEX_POINT($,#4051);
#911=VERTEX_POINT($,#4053);
#912=VERTEX_POINT($,#4057);
#913=VERTEX_POINT($,#4058);
#914=VERTEX_POINT($,#4060);
#915=VERTEX_POINT($,#4062);
#916=VERTEX_POINT($,#4066);
#917=VERTEX_POINT($,#4067);
#918=VERTEX_POINT($,#4069);
#919=VERTEX_POINT($,#4071);
#920=VERTEX_POINT($,#4075);
#921=VERTEX_POINT($,#4076);
#922=VERTEX_POINT($,#4078);
#923=VERTEX_POINT($,#4080);
#924=VERTEX_POINT($,#4100);
#925=VERTEX_POINT($,#4101);
#926=VERTEX_POINT($,#4103);
#927=VERTEX_POINT($,#4105);
#928=VERTEX_POINT($,#4107);
#929=VERTEX_POINT($,#4109);
#930=VERTEX_POINT($,#4111);
#931=VERTEX_POINT($,#4113);
#932=VERTEX_POINT($,#4116);
#933=VERTEX_POINT($,#4117);
#934=VERTEX_POINT($,#4119);
#935=VERTEX_POINT($,#4121);
#936=VERTEX_POINT($,#4132);
#937=VERTEX_POINT($,#4134);
#938=VERTEX_POINT($,#4143);
#939=VERTEX_POINT($,#4145);
#940=VERTEX_POINT($,#4149);
#941=VERTEX_POINT($,#4153);
#942=VERTEX_POINT($,#4177);
#943=VERTEX_POINT($,#4179);
#944=VERTEX_POINT($,#4192);
#945=VERTEX_POINT($,#4194);
#946=VERTEX_POINT($,#4198);
#947=VERTEX_POINT($,#4206);
#948=VERTEX_POINT($,#4207);
#949=VERTEX_POINT($,#4209);
#950=VERTEX_POINT($,#4211);
#951=VERTEX_POINT($,#4217);
#952=VERTEX_POINT($,#4222);
#953=VERTEX_POINT($,#4224);
#954=VERTEX_POINT($,#4227);
#955=VERTEX_POINT($,#4229);
#956=VERTEX_POINT($,#4231);
#957=VERTEX_POINT($,#4233);
#958=VERTEX_POINT($,#4238);
#959=VERTEX_POINT($,#4245);
#960=VERTEX_POINT($,#4247);
#961=VERTEX_POINT($,#4251);
#962=VERTEX_POINT($,#4253);
#963=VERTEX_POINT($,#4259);
#964=VERTEX_POINT($,#4262);
#965=VERTEX_POINT($,#4266);
#966=VERTEX_POINT($,#4270);
#967=VERTEX_POINT($,#4306);
#968=VERTEX_POINT($,#4311);
#969=VERTEX_POINT($,#4336);
#970=VERTEX_POINT($,#4341);
#971=VERTEX_POINT($,#4370);
#972=VERTEX_POINT($,#4377);
#973=VERTEX_POINT($,#4382);
#974=VERTEX_POINT($,#4387);
#975=VERTEX_POINT($,#4394);
#976=VERTEX_POINT($,#4412);
#977=VERTEX_POINT($,#4417);
#978=VERTEX_POINT($,#4429);
#979=VERTEX_POINT($,#4434);
#980=VERTEX_POINT($,#4506);
#981=VERTEX_POINT($,#4520);
#982=VERTEX_POINT($,#4562);
#983=VERTEX_POINT($,#4563);
#984=VERTEX_POINT($,#4571);
#985=VERTEX_POINT($,#4582);
#986=VERTEX_POINT($,#4615);
#987=VERTEX_POINT($,#4623);
#988=VERTEX_POINT($,#4648);
#989=VERTEX_POINT($,#4679);
#990=VERTEX_POINT($,#4686);
#991=VERTEX_POINT($,#4760);
#992=VERTEX_POINT($,#4808);
#993=VERTEX_POINT($,#4850);
#994=VERTEX_POINT($,#4855);
#995=VERTEX_POINT($,#4879);
#996=VERTEX_POINT($,#4885);
#997=VERTEX_POINT($,#4972);
#998=VERTEX_POINT($,#4980);
#999=VERTEX_POINT($,#4985);
#1000=VERTEX_POINT($,#4995);
#1001=VERTEX_POINT($,#4997);
#1002=VERTEX_POINT($,#5018);
#1003=VERTEX_POINT($,#5020);
#1004=VERTEX_POINT($,#5025);
#1005=VERTEX_POINT($,#5078);
#1006=VERTEX_POINT($,#5079);
#1007=VERTEX_POINT($,#5087);
#1008=VERTEX_POINT($,#5092);
#1009=VERTEX_POINT($,#5224);
#1010=VERTEX_POINT($,#5231);
#1011=VERTEX_POINT($,#5489);
#1012=VERTEX_POINT($,#5504);
#1013=VERTEX_POINT($,#5506);
#1014=EDGE_CURVE($,#808,#808,#764,.T.);
#1015=EDGE_CURVE($,#809,#809,#765,.T.);
#1016=EDGE_CURVE($,#810,#810,#766,.T.);
#1017=EDGE_CURVE($,#811,#811,#767,.T.);
#1018=EDGE_CURVE($,#812,#812,#768,.T.);
#1019=EDGE_CURVE($,#813,#813,#769,.T.);
#1020=EDGE_CURVE($,#814,#814,#770,.T.);
#1021=EDGE_CURVE($,#815,#815,#771,.T.);
#1022=EDGE_CURVE($,#816,#816,#772,.T.);
#1023=EDGE_CURVE($,#817,#817,#773,.T.);
#1024=EDGE_CURVE($,#818,#818,#774,.T.);
#1025=EDGE_CURVE($,#819,#819,#775,.T.);
#1026=EDGE_CURVE($,#820,#820,#776,.T.);
#1027=EDGE_CURVE($,#821,#821,#777,.T.);
#1028=EDGE_CURVE($,#822,#822,#778,.T.);
#1029=EDGE_CURVE($,#823,#823,#779,.T.);
#1030=EDGE_CURVE($,#824,#824,#780,.T.);
#1031=EDGE_CURVE($,#825,#825,#781,.T.);
#1032=EDGE_CURVE($,#826,#826,#782,.T.);
#1033=EDGE_CURVE($,#827,#827,#783,.T.);
#1034=EDGE_CURVE($,#828,#828,#784,.T.);
#1035=EDGE_CURVE($,#829,#829,#785,.T.);
#1036=EDGE_CURVE($,#830,#831,#226,.T.);
#1037=EDGE_CURVE($,#832,#830,#227,.T.);
#1038=EDGE_CURVE($,#833,#832,#228,.T.);
#1039=EDGE_CURVE($,#834,#833,#229,.T.);
#1040=EDGE_CURVE($,#835,#834,#230,.T.);
#1041=EDGE_CURVE($,#836,#835,#231,.T.);
#1042=EDGE_CURVE($,#837,#836,#232,.T.);
#1043=EDGE_CURVE($,#831,#837,#233,.T.);
#1044=EDGE_CURVE($,#838,#839,#162,.T.);
#1045=EDGE_CURVE($,#838,#840,#234,.T.);
#1046=EDGE_CURVE($,#840,#841,#235,.T.);
#1047=EDGE_CURVE($,#842,#841,#163,.T.);
#1048=EDGE_CURVE($,#842,#843,#236,.T.);
#1049=EDGE_CURVE($,#843,#839,#237,.T.);
#1050=EDGE_CURVE($,#844,#845,#164,.T.);
#1051=EDGE_CURVE($,#844,#846,#238,.T.);
#1052=EDGE_CURVE($,#846,#847,#239,.T.);
#1053=EDGE_CURVE($,#848,#847,#165,.T.);
#1054=EDGE_CURVE($,#848,#849,#240,.T.);
#1055=EDGE_CURVE($,#849,#845,#241,.T.);
#1056=EDGE_CURVE($,#839,#833,#242,.T.);
#1057=EDGE_CURVE($,#834,#843,#243,.T.);
#1058=EDGE_CURVE($,#831,#844,#244,.T.);
#1059=EDGE_CURVE($,#846,#837,#245,.T.);
#1060=EDGE_CURVE($,#850,#851,#246,.T.);
#1061=EDGE_CURVE($,#850,#852,#247,.T.);
#1062=EDGE_CURVE($,#852,#849,#248,.T.);
#1063=EDGE_CURVE($,#851,#848,#249,.T.);
#1064=EDGE_CURVE($,#853,#854,#250,.T.);
#1065=EDGE_CURVE($,#853,#855,#251,.T.);
#1066=EDGE_CURVE($,#855,#856,#252,.T.);
#1067=EDGE_CURVE($,#854,#856,#253,.T.);
#1068=EDGE_CURVE($,#857,#853,#254,.T.);
#1069=EDGE_CURVE($,#858,#857,#255,.T.);
#1070=EDGE_CURVE($,#858,#855,#256,.T.);
#1071=EDGE_CURVE($,#859,#850,#257,.T.);
#1072=EDGE_CURVE($,#860,#859,#258,.T.);
#1073=EDGE_CURVE($,#860,#852,#259,.T.);
#1074=EDGE_CURVE($,#845,#861,#260,.T.);
#1075=EDGE_CURVE($,#840,#860,#261,.T.);
#1076=EDGE_CURVE($,#862,#838,#262,.T.);
#1077=EDGE_CURVE($,#861,#862,#263,.T.);
#1078=EDGE_CURVE($,#863,#858,#264,.T.);
#1079=EDGE_CURVE($,#864,#863,#265,.T.);
#1080=EDGE_CURVE($,#856,#864,#266,.T.);
#1081=EDGE_CURVE($,#865,#859,#267,.T.);
#1082=EDGE_CURVE($,#866,#865,#268,.T.);
#1083=EDGE_CURVE($,#866,#860,#269,.T.);
#1084=EDGE_CURVE($,#841,#866,#270,.T.);
#1085=EDGE_CURVE($,#867,#863,#271,.T.);
#1086=EDGE_CURVE($,#868,#867,#272,.T.);
#1087=EDGE_CURVE($,#864,#868,#273,.T.);
#1088=EDGE_CURVE($,#869,#868,#166,.T.);
#1089=EDGE_CURVE($,#869,#870,#274,.T.);
#1090=EDGE_CURVE($,#870,#871,#275,.T.);
#1091=EDGE_CURVE($,#871,#872,#276,.T.);
#1092=EDGE_CURVE($,#854,#872,#167,.T.);
#1093=EDGE_CURVE($,#872,#873,#277,.T.);
#1094=EDGE_CURVE($,#874,#873,#278,.T.);
#1095=EDGE_CURVE($,#874,#875,#168,.T.);
#1096=EDGE_CURVE($,#875,#874,#169,.T.);
#1097=EDGE_CURVE($,#873,#876,#279,.T.);
#1098=EDGE_CURVE($,#876,#851,#170,.T.);
#1099=EDGE_CURVE($,#847,#877,#280,.T.);
#1100=EDGE_CURVE($,#877,#857,#171,.T.);
#1101=EDGE_CURVE($,#878,#879,#281,.T.);
#1102=EDGE_CURVE($,#835,#878,#282,.T.);
#1103=EDGE_CURVE($,#879,#834,#283,.T.);
#1104=EDGE_CURVE($,#879,#842,#284,.T.);
#1105=EDGE_CURVE($,#880,#881,#285,.T.);
#1106=EDGE_CURVE($,#882,#880,#286,.T.);
#1107=EDGE_CURVE($,#871,#882,#287,.T.);
#1108=EDGE_CURVE($,#881,#870,#288,.T.);
#1109=EDGE_CURVE($,#873,#882,#289,.T.);
#1110=EDGE_CURVE($,#877,#836,#290,.T.);
#1111=EDGE_CURVE($,#876,#880,#291,.T.);
#1112=EDGE_CURVE($,#881,#883,#292,.T.);
#1113=EDGE_CURVE($,#883,#869,#293,.T.);
#1114=EDGE_CURVE($,#867,#878,#172,.T.);
#1115=EDGE_CURVE($,#884,#879,#294,.T.);
#1116=EDGE_CURVE($,#884,#884,#173,.T.);
#1117=EDGE_CURVE($,#865,#883,#174,.T.);
#1118=EDGE_CURVE($,#885,#862,#10,.T.);
#1119=EDGE_CURVE($,#886,#885,#11,.T.);
#1120=EDGE_CURVE($,#861,#886,#12,.F.);
#1121=EDGE_CURVE($,#832,#887,#13,.T.);
#1122=EDGE_CURVE($,#887,#888,#14,.T.);
#1123=EDGE_CURVE($,#888,#889,#15,.T.);
#1124=EDGE_CURVE($,#889,#890,#16,.T.);
#1125=EDGE_CURVE($,#890,#891,#17,.T.);
#1126=EDGE_CURVE($,#891,#892,#18,.T.);
#1127=EDGE_CURVE($,#892,#893,#19,.F.);
#1128=EDGE_CURVE($,#885,#893,#786,.T.);
#1129=EDGE_CURVE($,#894,#895,#295,.T.);
#1130=EDGE_CURVE($,#896,#894,#20,.F.);
#1131=EDGE_CURVE($,#897,#896,#21,.T.);
#1132=EDGE_CURVE($,#895,#897,#22,.T.);
#1133=EDGE_CURVE($,#898,#886,#787,.T.);
#1134=EDGE_CURVE($,#898,#899,#23,.F.);
#1135=EDGE_CURVE($,#896,#899,#788,.T.);
#1136=EDGE_CURVE($,#900,#894,#296,.T.);
#1137=EDGE_CURVE($,#901,#900,#297,.T.);
#1138=EDGE_CURVE($,#902,#901,#175,.T.);
#1139=EDGE_CURVE($,#903,#902,#298,.T.);
#1140=EDGE_CURVE($,#903,#830,#24,.F.);
#1141=EDGE_CURVE($,#904,#905,#25,.T.);
#1142=EDGE_CURVE($,#905,#906,#26,.T.);
#1143=EDGE_CURVE($,#906,#907,#27,.T.);
#1144=EDGE_CURVE($,#907,#904,#28,.T.);
#1145=EDGE_CURVE($,#908,#909,#29,.T.);
#1146=EDGE_CURVE($,#910,#908,#789,.T.);
#1147=EDGE_CURVE($,#911,#910,#30,.T.);
#1148=EDGE_CURVE($,#909,#911,#790,.T.);
#1149=EDGE_CURVE($,#912,#913,#31,.T.);
#1150=EDGE_CURVE($,#914,#912,#791,.T.);
#1151=EDGE_CURVE($,#915,#914,#32,.T.);
#1152=EDGE_CURVE($,#913,#915,#792,.T.);
#1153=EDGE_CURVE($,#916,#917,#33,.T.);
#1154=EDGE_CURVE($,#918,#916,#793,.T.);
#1155=EDGE_CURVE($,#919,#918,#34,.T.);
#1156=EDGE_CURVE($,#917,#919,#794,.T.);
#1157=EDGE_CURVE($,#920,#921,#35,.T.);
#1158=EDGE_CURVE($,#922,#920,#795,.T.);
#1159=EDGE_CURVE($,#923,#922,#36,.T.);
#1160=EDGE_CURVE($,#921,#923,#796,.T.);
#1161=EDGE_CURVE($,#916,#922,#176,.T.);
#1162=EDGE_CURVE($,#923,#917,#177,.T.);
#1163=EDGE_CURVE($,#911,#918,#178,.T.);
#1164=EDGE_CURVE($,#919,#910,#179,.T.);
#1165=EDGE_CURVE($,#924,#925,#180,.T.);
#1166=EDGE_CURVE($,#926,#925,#797,.T.);
#1167=EDGE_CURVE($,#926,#927,#181,.T.);
#1168=EDGE_CURVE($,#928,#927,#798,.T.);
#1169=EDGE_CURVE($,#928,#929,#182,.T.);
#1170=EDGE_CURVE($,#930,#929,#799,.T.);
#1171=EDGE_CURVE($,#930,#931,#183,.T.);
#1172=EDGE_CURVE($,#924,#931,#800,.T.);
#1173=EDGE_CURVE($,#932,#933,#37,.T.);
#1174=EDGE_CURVE($,#934,#933,#38,.T.);
#1175=EDGE_CURVE($,#935,#934,#39,.T.);
#1176=EDGE_CURVE($,#932,#935,#40,.T.);
#1177=EDGE_CURVE($,#908,#914,#184,.T.);
#1178=EDGE_CURVE($,#912,#921,#185,.T.);
#1179=EDGE_CURVE($,#929,#936,#41,.T.);
#1180=EDGE_CURVE($,#937,#928,#42,.T.);
#1181=EDGE_CURVE($,#936,#937,#186,.T.);
#1182=EDGE_CURVE($,#938,#924,#43,.T.);
#1183=EDGE_CURVE($,#939,#938,#187,.T.);
#1184=EDGE_CURVE($,#925,#939,#44,.T.);
#1185=EDGE_CURVE($,#940,#939,#801,.T.);
#1186=EDGE_CURVE($,#940,#926,#45,.T.);
#1187=EDGE_CURVE($,#927,#941,#46,.T.);
#1188=EDGE_CURVE($,#937,#941,#802,.T.);
#1189=EDGE_CURVE($,#915,#909,#188,.T.);
#1190=EDGE_CURVE($,#920,#913,#189,.T.);
#1191=EDGE_CURVE($,#931,#942,#47,.T.);
#1192=EDGE_CURVE($,#943,#930,#48,.T.);
#1193=EDGE_CURVE($,#942,#943,#190,.T.);
#1194=EDGE_CURVE($,#941,#940,#191,.T.);
#1195=EDGE_CURVE($,#943,#936,#803,.T.);
#1196=EDGE_CURVE($,#944,#907,#49,.F.);
#1197=EDGE_CURVE($,#945,#944,#50,.T.);
#1198=EDGE_CURVE($,#945,#904,#51,.T.);
#1199=EDGE_CURVE($,#946,#945,#52,.T.);
#1200=EDGE_CURVE($,#933,#946,#53,.T.);
#1201=EDGE_CURVE($,#891,#932,#54,.T.);
#1202=EDGE_CURVE($,#890,#905,#55,.F.);
#1203=EDGE_CURVE($,#889,#906,#56,.T.);
#1204=EDGE_CURVE($,#947,#948,#57,.T.);
#1205=EDGE_CURVE($,#948,#949,#58,.F.);
#1206=EDGE_CURVE($,#950,#949,#59,.F.);
#1207=EDGE_CURVE($,#950,#947,#60,.T.);
#1208=EDGE_CURVE($,#892,#935,#61,.T.);
#1209=EDGE_CURVE($,#895,#951,#299,.T.);
#1210=EDGE_CURVE($,#952,#897,#804,.T.);
#1211=EDGE_CURVE($,#952,#953,#62,.F.);
#1212=EDGE_CURVE($,#953,#946,#63,.T.);
#1213=EDGE_CURVE($,#944,#954,#64,.T.);
#1214=EDGE_CURVE($,#954,#955,#65,.T.);
#1215=EDGE_CURVE($,#955,#956,#66,.T.);
#1216=EDGE_CURVE($,#957,#956,#300,.T.);
#1217=EDGE_CURVE($,#958,#957,#192,.T.);
#1218=EDGE_CURVE($,#951,#958,#301,.T.);
#1219=EDGE_CURVE($,#959,#947,#67,.T.);
#1220=EDGE_CURVE($,#960,#950,#68,.F.);
#1221=EDGE_CURVE($,#959,#960,#69,.T.);
#1222=EDGE_CURVE($,#961,#959,#70,.T.);
#1223=EDGE_CURVE($,#962,#960,#71,.F.);
#1224=EDGE_CURVE($,#962,#961,#72,.F.);
#1225=EDGE_CURVE($,#934,#953,#73,.T.);
#1226=EDGE_CURVE($,#963,#888,#74,.T.);
#1227=EDGE_CURVE($,#948,#963,#75,.F.);
#1228=EDGE_CURVE($,#964,#961,#76,.F.);
#1229=EDGE_CURVE($,#954,#964,#77,.T.);
#1230=EDGE_CURVE($,#965,#963,#78,.T.);
#1231=EDGE_CURVE($,#949,#965,#79,.F.);
#1232=EDGE_CURVE($,#964,#966,#80,.T.);
#1233=EDGE_CURVE($,#955,#966,#81,.F.);
#1234=EDGE_CURVE($,#899,#952,#82,.T.);
#1235=EDGE_CURVE($,#893,#898,#83,.T.);
#1236=EDGE_CURVE($,#966,#962,#84,.F.);
#1237=EDGE_CURVE($,#965,#887,#85,.F.);
#1238=EDGE_CURVE($,#956,#903,#302,.T.);
#1239=EDGE_CURVE($,#938,#942,#805,.T.);
#1240=EDGE_CURVE($,#900,#967,#303,.T.);
#1241=EDGE_CURVE($,#968,#967,#304,.T.);
#1242=EDGE_CURVE($,#901,#968,#305,.T.);
#1243=EDGE_CURVE($,#969,#958,#306,.T.);
#1244=EDGE_CURVE($,#970,#969,#307,.T.);
#1245=EDGE_CURVE($,#970,#951,#308,.T.);
#1246=EDGE_CURVE($,#971,#902,#309,.T.);
#1247=EDGE_CURVE($,#972,#971,#310,.T.);
#1248=EDGE_CURVE($,#973,#972,#311,.T.);
#1249=EDGE_CURVE($,#974,#973,#312,.T.);
#1250=EDGE_CURVE($,#975,#974,#313,.T.);
#1251=EDGE_CURVE($,#957,#975,#314,.T.);
#1252=EDGE_CURVE($,#968,#976,#315,.T.);
#1253=EDGE_CURVE($,#977,#976,#193,.T.);
#1254=EDGE_CURVE($,#977,#971,#316,.T.);
#1255=EDGE_CURVE($,#975,#978,#317,.T.);
#1256=EDGE_CURVE($,#979,#978,#194,.T.);
#1257=EDGE_CURVE($,#979,#969,#318,.T.);
#1258=EDGE_CURVE($,#967,#980,#319,.T.);
#1259=EDGE_CURVE($,#981,#980,#320,.T.);
#1260=EDGE_CURVE($,#976,#981,#321,.T.);
#1261=EDGE_CURVE($,#982,#983,#322,.T.);
#1262=EDGE_CURVE($,#982,#984,#323,.T.);
#1263=EDGE_CURVE($,#984,#985,#324,.T.);
#1264=EDGE_CURVE($,#983,#985,#325,.T.);
#1265=EDGE_CURVE($,#986,#982,#326,.T.);
#1266=EDGE_CURVE($,#987,#986,#327,.T.);
#1267=EDGE_CURVE($,#987,#984,#328,.T.);
#1268=EDGE_CURVE($,#988,#970,#329,.T.);
#1269=EDGE_CURVE($,#980,#988,#330,.T.);
#1270=EDGE_CURVE($,#989,#987,#331,.T.);
#1271=EDGE_CURVE($,#990,#989,#332,.T.);
#1272=EDGE_CURVE($,#985,#990,#333,.T.);
#1273=EDGE_CURVE($,#991,#979,#334,.T.);
#1274=EDGE_CURVE($,#991,#970,#335,.T.);
#1275=EDGE_CURVE($,#988,#992,#336,.T.);
#1276=EDGE_CURVE($,#992,#991,#337,.T.);
#1277=EDGE_CURVE($,#993,#989,#338,.T.);
#1278=EDGE_CURVE($,#994,#993,#339,.T.);
#1279=EDGE_CURVE($,#990,#994,#340,.T.);
#1280=EDGE_CURVE($,#995,#994,#195,.T.);
#1281=EDGE_CURVE($,#995,#974,#341,.T.);
#1282=EDGE_CURVE($,#973,#996,#342,.T.);
#1283=EDGE_CURVE($,#983,#996,#196,.T.);
#1284=EDGE_CURVE($,#996,#997,#343,.T.);
#1285=EDGE_CURVE($,#998,#997,#344,.T.);
#1286=EDGE_CURVE($,#998,#999,#197,.T.);
#1287=EDGE_CURVE($,#999,#998,#198,.T.);
#1288=EDGE_CURVE($,#997,#977,#345,.T.);
#1289=EDGE_CURVE($,#981,#1000,#199,.T.);
#1290=EDGE_CURVE($,#1000,#1001,#346,.T.);
#1291=EDGE_CURVE($,#1001,#986,#200,.T.);
#1292=EDGE_CURVE($,#1002,#992,#201,.T.);
#1293=EDGE_CURVE($,#1002,#1003,#347,.T.);
#1294=EDGE_CURVE($,#1003,#1004,#348,.T.);
#1295=EDGE_CURVE($,#1004,#1000,#349,.T.);
#1296=EDGE_CURVE($,#1005,#1006,#350,.T.);
#1297=EDGE_CURVE($,#1007,#1005,#351,.T.);
#1298=EDGE_CURVE($,#1007,#1008,#352,.T.);
#1299=EDGE_CURVE($,#1006,#1008,#353,.T.);
#1300=EDGE_CURVE($,#1006,#1002,#354,.T.);
#1301=EDGE_CURVE($,#1008,#1003,#355,.T.);
#1302=EDGE_CURVE($,#1009,#1007,#356,.T.);
#1303=EDGE_CURVE($,#1010,#1009,#357,.T.);
#1304=EDGE_CURVE($,#1008,#1010,#358,.T.);
#1305=EDGE_CURVE($,#1004,#1010,#359,.T.);
#1306=EDGE_CURVE($,#997,#972,#360,.T.);
#1307=EDGE_CURVE($,#1001,#1009,#361,.T.);
#1308=EDGE_CURVE($,#978,#995,#362,.T.);
#1309=EDGE_CURVE($,#993,#1005,#202,.T.);
#1310=EDGE_CURVE($,#1011,#1006,#363,.T.);
#1311=EDGE_CURVE($,#1011,#1011,#203,.T.);
#1312=EDGE_CURVE($,#1012,#1012,#806,.T.);
#1313=EDGE_CURVE($,#1013,#1013,#807,.T.);
#1314=ORIENTED_EDGE($,*,*,#1014,.F.);
#1315=ORIENTED_EDGE($,*,*,#1015,.F.);
#1316=ORIENTED_EDGE($,*,*,#1014,.T.);
#1317=ORIENTED_EDGE($,*,*,#1015,.T.);
#1318=ORIENTED_EDGE($,*,*,#1016,.F.);
#1319=ORIENTED_EDGE($,*,*,#1017,.F.);
#1320=ORIENTED_EDGE($,*,*,#1016,.T.);
#1321=ORIENTED_EDGE($,*,*,#1017,.T.);
#1322=ORIENTED_EDGE($,*,*,#1018,.F.);
#1323=ORIENTED_EDGE($,*,*,#1019,.F.);
#1324=ORIENTED_EDGE($,*,*,#1018,.T.);
#1325=ORIENTED_EDGE($,*,*,#1019,.T.);
#1326=ORIENTED_EDGE($,*,*,#1020,.F.);
#1327=ORIENTED_EDGE($,*,*,#1021,.F.);
#1328=ORIENTED_EDGE($,*,*,#1020,.T.);
#1329=ORIENTED_EDGE($,*,*,#1021,.T.);
#1330=ORIENTED_EDGE($,*,*,#1022,.F.);
#1331=ORIENTED_EDGE($,*,*,#1023,.F.);
#1332=ORIENTED_EDGE($,*,*,#1022,.T.);
#1333=ORIENTED_EDGE($,*,*,#1023,.T.);
#1334=ORIENTED_EDGE($,*,*,#1024,.F.);
#1335=ORIENTED_EDGE($,*,*,#1025,.F.);
#1336=ORIENTED_EDGE($,*,*,#1024,.T.);
#1337=ORIENTED_EDGE($,*,*,#1025,.T.);
#1338=ORIENTED_EDGE($,*,*,#1026,.F.);
#1339=ORIENTED_EDGE($,*,*,#1027,.F.);
#1340=ORIENTED_EDGE($,*,*,#1026,.T.);
#1341=ORIENTED_EDGE($,*,*,#1027,.T.);
#1342=ORIENTED_EDGE($,*,*,#1028,.F.);
#1343=ORIENTED_EDGE($,*,*,#1029,.F.);
#1344=ORIENTED_EDGE($,*,*,#1028,.T.);
#1345=ORIENTED_EDGE($,*,*,#1029,.T.);
#1346=ORIENTED_EDGE($,*,*,#1030,.F.);
#1347=ORIENTED_EDGE($,*,*,#1031,.F.);
#1348=ORIENTED_EDGE($,*,*,#1030,.T.);
#1349=ORIENTED_EDGE($,*,*,#1031,.T.);
#1350=ORIENTED_EDGE($,*,*,#1032,.F.);
#1351=ORIENTED_EDGE($,*,*,#1033,.F.);
#1352=ORIENTED_EDGE($,*,*,#1032,.T.);
#1353=ORIENTED_EDGE($,*,*,#1033,.T.);
#1354=ORIENTED_EDGE($,*,*,#1034,.F.);
#1355=ORIENTED_EDGE($,*,*,#1035,.F.);
#1356=ORIENTED_EDGE($,*,*,#1034,.T.);
#1357=ORIENTED_EDGE($,*,*,#1035,.T.);
#1358=ORIENTED_EDGE($,*,*,#1036,.F.);
#1359=ORIENTED_EDGE($,*,*,#1037,.F.);
#1360=ORIENTED_EDGE($,*,*,#1038,.F.);
#1361=ORIENTED_EDGE($,*,*,#1039,.F.);
#1362=ORIENTED_EDGE($,*,*,#1040,.F.);
#1363=ORIENTED_EDGE($,*,*,#1041,.F.);
#1364=ORIENTED_EDGE($,*,*,#1042,.F.);
#1365=ORIENTED_EDGE($,*,*,#1043,.F.);
#1366=ORIENTED_EDGE($,*,*,#1044,.F.);
#1367=ORIENTED_EDGE($,*,*,#1045,.T.);
#1368=ORIENTED_EDGE($,*,*,#1046,.T.);
#1369=ORIENTED_EDGE($,*,*,#1047,.F.);
#1370=ORIENTED_EDGE($,*,*,#1048,.T.);
#1371=ORIENTED_EDGE($,*,*,#1049,.T.);
#1372=ORIENTED_EDGE($,*,*,#1050,.F.);
#1373=ORIENTED_EDGE($,*,*,#1051,.T.);
#1374=ORIENTED_EDGE($,*,*,#1052,.T.);
#1375=ORIENTED_EDGE($,*,*,#1053,.F.);
#1376=ORIENTED_EDGE($,*,*,#1054,.T.);
#1377=ORIENTED_EDGE($,*,*,#1055,.T.);
#1378=ORIENTED_EDGE($,*,*,#1056,.F.);
#1379=ORIENTED_EDGE($,*,*,#1049,.F.);
#1380=ORIENTED_EDGE($,*,*,#1057,.F.);
#1381=ORIENTED_EDGE($,*,*,#1039,.T.);
#1382=ORIENTED_EDGE($,*,*,#1058,.F.);
#1383=ORIENTED_EDGE($,*,*,#1043,.T.);
#1384=ORIENTED_EDGE($,*,*,#1059,.F.);
#1385=ORIENTED_EDGE($,*,*,#1051,.F.);
#1386=ORIENTED_EDGE($,*,*,#1060,.F.);
#1387=ORIENTED_EDGE($,*,*,#1061,.T.);
#1388=ORIENTED_EDGE($,*,*,#1062,.T.);
#1389=ORIENTED_EDGE($,*,*,#1054,.F.);
#1390=ORIENTED_EDGE($,*,*,#1063,.F.);
#1391=ORIENTED_EDGE($,*,*,#1064,.F.);
#1392=ORIENTED_EDGE($,*,*,#1065,.T.);
#1393=ORIENTED_EDGE($,*,*,#1066,.T.);
#1394=ORIENTED_EDGE($,*,*,#1067,.F.);
#1395=ORIENTED_EDGE($,*,*,#1068,.F.);
#1396=ORIENTED_EDGE($,*,*,#1069,.F.);
#1397=ORIENTED_EDGE($,*,*,#1070,.T.);
#1398=ORIENTED_EDGE($,*,*,#1065,.F.);
#1399=ORIENTED_EDGE($,*,*,#1071,.F.);
#1400=ORIENTED_EDGE($,*,*,#1072,.F.);
#1401=ORIENTED_EDGE($,*,*,#1073,.T.);
#1402=ORIENTED_EDGE($,*,*,#1061,.F.);
#1403=ORIENTED_EDGE($,*,*,#1074,.F.);
#1404=ORIENTED_EDGE($,*,*,#1055,.F.);
#1405=ORIENTED_EDGE($,*,*,#1062,.F.);
#1406=ORIENTED_EDGE($,*,*,#1073,.F.);
#1407=ORIENTED_EDGE($,*,*,#1075,.F.);
#1408=ORIENTED_EDGE($,*,*,#1045,.F.);
#1409=ORIENTED_EDGE($,*,*,#1076,.F.);
#1410=ORIENTED_EDGE($,*,*,#1077,.F.);
#1411=ORIENTED_EDGE($,*,*,#1078,.F.);
#1412=ORIENTED_EDGE($,*,*,#1079,.F.);
#1413=ORIENTED_EDGE($,*,*,#1080,.F.);
#1414=ORIENTED_EDGE($,*,*,#1066,.F.);
#1415=ORIENTED_EDGE($,*,*,#1070,.F.);
#1416=ORIENTED_EDGE($,*,*,#1081,.F.);
#1417=ORIENTED_EDGE($,*,*,#1082,.F.);
#1418=ORIENTED_EDGE($,*,*,#1083,.T.);
#1419=ORIENTED_EDGE($,*,*,#1072,.T.);
#1420=ORIENTED_EDGE($,*,*,#1046,.F.);
#1421=ORIENTED_EDGE($,*,*,#1075,.T.);
#1422=ORIENTED_EDGE($,*,*,#1083,.F.);
#1423=ORIENTED_EDGE($,*,*,#1084,.F.);
#1424=ORIENTED_EDGE($,*,*,#1085,.F.);
#1425=ORIENTED_EDGE($,*,*,#1086,.F.);
#1426=ORIENTED_EDGE($,*,*,#1087,.F.);
#1427=ORIENTED_EDGE($,*,*,#1079,.T.);
#1428=ORIENTED_EDGE($,*,*,#1067,.T.);
#1429=ORIENTED_EDGE($,*,*,#1080,.T.);
#1430=ORIENTED_EDGE($,*,*,#1087,.T.);
#1431=ORIENTED_EDGE($,*,*,#1088,.F.);
#1432=ORIENTED_EDGE($,*,*,#1089,.T.);
#1433=ORIENTED_EDGE($,*,*,#1090,.T.);
#1434=ORIENTED_EDGE($,*,*,#1091,.T.);
#1435=ORIENTED_EDGE($,*,*,#1092,.F.);
#1436=ORIENTED_EDGE($,*,*,#1068,.T.);
#1437=ORIENTED_EDGE($,*,*,#1064,.T.);
#1438=ORIENTED_EDGE($,*,*,#1092,.T.);
#1439=ORIENTED_EDGE($,*,*,#1093,.T.);
#1440=ORIENTED_EDGE($,*,*,#1094,.F.);
#1441=ORIENTED_EDGE($,*,*,#1095,.T.);
#1442=ORIENTED_EDGE($,*,*,#1096,.T.);
#1443=ORIENTED_EDGE($,*,*,#1094,.T.);
#1444=ORIENTED_EDGE($,*,*,#1097,.T.);
#1445=ORIENTED_EDGE($,*,*,#1098,.T.);
#1446=ORIENTED_EDGE($,*,*,#1063,.T.);
#1447=ORIENTED_EDGE($,*,*,#1053,.T.);
#1448=ORIENTED_EDGE($,*,*,#1099,.T.);
#1449=ORIENTED_EDGE($,*,*,#1100,.T.);
#1450=ORIENTED_EDGE($,*,*,#1101,.F.);
#1451=ORIENTED_EDGE($,*,*,#1102,.F.);
#1452=ORIENTED_EDGE($,*,*,#1040,.T.);
#1453=ORIENTED_EDGE($,*,*,#1103,.F.);
#1454=ORIENTED_EDGE($,*,*,#1104,.F.);
#1455=ORIENTED_EDGE($,*,*,#1103,.T.);
#1456=ORIENTED_EDGE($,*,*,#1057,.T.);
#1457=ORIENTED_EDGE($,*,*,#1048,.F.);
#1458=ORIENTED_EDGE($,*,*,#1105,.F.);
#1459=ORIENTED_EDGE($,*,*,#1106,.F.);
#1460=ORIENTED_EDGE($,*,*,#1107,.F.);
#1461=ORIENTED_EDGE($,*,*,#1090,.F.);
#1462=ORIENTED_EDGE($,*,*,#1108,.F.);
#1463=ORIENTED_EDGE($,*,*,#1091,.F.);
#1464=ORIENTED_EDGE($,*,*,#1107,.T.);
#1465=ORIENTED_EDGE($,*,*,#1109,.F.);
#1466=ORIENTED_EDGE($,*,*,#1093,.F.);
#1467=ORIENTED_EDGE($,*,*,#1110,.F.);
#1468=ORIENTED_EDGE($,*,*,#1099,.F.);
#1469=ORIENTED_EDGE($,*,*,#1052,.F.);
#1470=ORIENTED_EDGE($,*,*,#1059,.T.);
#1471=ORIENTED_EDGE($,*,*,#1042,.T.);
#1472=ORIENTED_EDGE($,*,*,#1111,.F.);
#1473=ORIENTED_EDGE($,*,*,#1097,.F.);
#1474=ORIENTED_EDGE($,*,*,#1109,.T.);
#1475=ORIENTED_EDGE($,*,*,#1106,.T.);
#1476=ORIENTED_EDGE($,*,*,#1112,.F.);
#1477=ORIENTED_EDGE($,*,*,#1108,.T.);
#1478=ORIENTED_EDGE($,*,*,#1089,.F.);
#1479=ORIENTED_EDGE($,*,*,#1113,.F.);
#1480=ORIENTED_EDGE($,*,*,#1086,.T.);
#1481=ORIENTED_EDGE($,*,*,#1114,.T.);
#1482=ORIENTED_EDGE($,*,*,#1101,.T.);
#1483=ORIENTED_EDGE($,*,*,#1115,.F.);
#1484=ORIENTED_EDGE($,*,*,#1116,.T.);
#1485=ORIENTED_EDGE($,*,*,#1115,.T.);
#1486=ORIENTED_EDGE($,*,*,#1104,.T.);
#1487=ORIENTED_EDGE($,*,*,#1047,.T.);
#1488=ORIENTED_EDGE($,*,*,#1084,.T.);
#1489=ORIENTED_EDGE($,*,*,#1082,.T.);
#1490=ORIENTED_EDGE($,*,*,#1117,.T.);
#1491=ORIENTED_EDGE($,*,*,#1113,.T.);
#1492=ORIENTED_EDGE($,*,*,#1088,.T.);
#1493=ORIENTED_EDGE($,*,*,#1069,.T.);
#1494=ORIENTED_EDGE($,*,*,#1100,.F.);
#1495=ORIENTED_EDGE($,*,*,#1110,.T.);
#1496=ORIENTED_EDGE($,*,*,#1041,.T.);
#1497=ORIENTED_EDGE($,*,*,#1102,.T.);
#1498=ORIENTED_EDGE($,*,*,#1114,.F.);
#1499=ORIENTED_EDGE($,*,*,#1085,.T.);
#1500=ORIENTED_EDGE($,*,*,#1078,.T.);
#1501=ORIENTED_EDGE($,*,*,#1060,.T.);
#1502=ORIENTED_EDGE($,*,*,#1098,.F.);
#1503=ORIENTED_EDGE($,*,*,#1111,.T.);
#1504=ORIENTED_EDGE($,*,*,#1105,.T.);
#1505=ORIENTED_EDGE($,*,*,#1112,.T.);
#1506=ORIENTED_EDGE($,*,*,#1117,.F.);
#1507=ORIENTED_EDGE($,*,*,#1081,.T.);
#1508=ORIENTED_EDGE($,*,*,#1071,.T.);
#1509=ORIENTED_EDGE($,*,*,#1096,.F.);
#1510=ORIENTED_EDGE($,*,*,#1095,.F.);
#1511=ORIENTED_EDGE($,*,*,#1116,.F.);
#1512=ORIENTED_EDGE($,*,*,#1077,.T.);
#1513=ORIENTED_EDGE($,*,*,#1118,.F.);
#1514=ORIENTED_EDGE($,*,*,#1119,.F.);
#1515=ORIENTED_EDGE($,*,*,#1120,.F.);
#1516=ORIENTED_EDGE($,*,*,#1076,.T.);
#1517=ORIENTED_EDGE($,*,*,#1044,.T.);
#1518=ORIENTED_EDGE($,*,*,#1056,.T.);
#1519=ORIENTED_EDGE($,*,*,#1038,.T.);
#1520=ORIENTED_EDGE($,*,*,#1121,.T.);
#1521=ORIENTED_EDGE($,*,*,#1122,.T.);
#1522=ORIENTED_EDGE($,*,*,#1123,.T.);
#1523=ORIENTED_EDGE($,*,*,#1124,.T.);
#1524=ORIENTED_EDGE($,*,*,#1125,.T.);
#1525=ORIENTED_EDGE($,*,*,#1126,.T.);
#1526=ORIENTED_EDGE($,*,*,#1127,.T.);
#1527=ORIENTED_EDGE($,*,*,#1128,.F.);
#1528=ORIENTED_EDGE($,*,*,#1118,.T.);
#1529=ORIENTED_EDGE($,*,*,#1129,.F.);
#1530=ORIENTED_EDGE($,*,*,#1130,.F.);
#1531=ORIENTED_EDGE($,*,*,#1131,.F.);
#1532=ORIENTED_EDGE($,*,*,#1132,.F.);
#1533=ORIENTED_EDGE($,*,*,#1074,.T.);
#1534=ORIENTED_EDGE($,*,*,#1120,.T.);
#1535=ORIENTED_EDGE($,*,*,#1133,.F.);
#1536=ORIENTED_EDGE($,*,*,#1134,.T.);
#1537=ORIENTED_EDGE($,*,*,#1135,.F.);
#1538=ORIENTED_EDGE($,*,*,#1130,.T.);
#1539=ORIENTED_EDGE($,*,*,#1136,.F.);
#1540=ORIENTED_EDGE($,*,*,#1137,.F.);
#1541=ORIENTED_EDGE($,*,*,#1138,.F.);
#1542=ORIENTED_EDGE($,*,*,#1139,.F.);
#1543=ORIENTED_EDGE($,*,*,#1140,.T.);
#1544=ORIENTED_EDGE($,*,*,#1036,.T.);
#1545=ORIENTED_EDGE($,*,*,#1058,.T.);
#1546=ORIENTED_EDGE($,*,*,#1050,.T.);
#1547=ORIENTED_EDGE($,*,*,#1141,.T.);
#1548=ORIENTED_EDGE($,*,*,#1142,.T.);
#1549=ORIENTED_EDGE($,*,*,#1143,.T.);
#1550=ORIENTED_EDGE($,*,*,#1144,.T.);
#1551=ORIENTED_EDGE($,*,*,#1145,.F.);
#1552=ORIENTED_EDGE($,*,*,#1146,.F.);
#1553=ORIENTED_EDGE($,*,*,#1147,.F.);
#1554=ORIENTED_EDGE($,*,*,#1148,.F.);
#1555=ORIENTED_EDGE($,*,*,#1149,.F.);
#1556=ORIENTED_EDGE($,*,*,#1150,.F.);
#1557=ORIENTED_EDGE($,*,*,#1151,.F.);
#1558=ORIENTED_EDGE($,*,*,#1152,.F.);
#1559=ORIENTED_EDGE($,*,*,#1153,.F.);
#1560=ORIENTED_EDGE($,*,*,#1154,.F.);
#1561=ORIENTED_EDGE($,*,*,#1155,.F.);
#1562=ORIENTED_EDGE($,*,*,#1156,.F.);
#1563=ORIENTED_EDGE($,*,*,#1157,.F.);
#1564=ORIENTED_EDGE($,*,*,#1158,.F.);
#1565=ORIENTED_EDGE($,*,*,#1159,.F.);
#1566=ORIENTED_EDGE($,*,*,#1160,.F.);
#1567=ORIENTED_EDGE($,*,*,#1159,.T.);
#1568=ORIENTED_EDGE($,*,*,#1161,.F.);
#1569=ORIENTED_EDGE($,*,*,#1153,.T.);
#1570=ORIENTED_EDGE($,*,*,#1162,.F.);
#1571=ORIENTED_EDGE($,*,*,#1155,.T.);
#1572=ORIENTED_EDGE($,*,*,#1163,.F.);
#1573=ORIENTED_EDGE($,*,*,#1147,.T.);
#1574=ORIENTED_EDGE($,*,*,#1164,.F.);
#1575=ORIENTED_EDGE($,*,*,#1165,.T.);
#1576=ORIENTED_EDGE($,*,*,#1166,.F.);
#1577=ORIENTED_EDGE($,*,*,#1167,.T.);
#1578=ORIENTED_EDGE($,*,*,#1168,.F.);
#1579=ORIENTED_EDGE($,*,*,#1169,.T.);
#1580=ORIENTED_EDGE($,*,*,#1170,.F.);
#1581=ORIENTED_EDGE($,*,*,#1171,.T.);
#1582=ORIENTED_EDGE($,*,*,#1172,.F.);
#1583=ORIENTED_EDGE($,*,*,#1173,.T.);
#1584=ORIENTED_EDGE($,*,*,#1174,.F.);
#1585=ORIENTED_EDGE($,*,*,#1175,.F.);
#1586=ORIENTED_EDGE($,*,*,#1176,.F.);
#1587=ORIENTED_EDGE($,*,*,#1160,.T.);
#1588=ORIENTED_EDGE($,*,*,#1162,.T.);
#1589=ORIENTED_EDGE($,*,*,#1156,.T.);
#1590=ORIENTED_EDGE($,*,*,#1164,.T.);
#1591=ORIENTED_EDGE($,*,*,#1146,.T.);
#1592=ORIENTED_EDGE($,*,*,#1177,.T.);
#1593=ORIENTED_EDGE($,*,*,#1150,.T.);
#1594=ORIENTED_EDGE($,*,*,#1178,.T.);
#1595=ORIENTED_EDGE($,*,*,#1179,.F.);
#1596=ORIENTED_EDGE($,*,*,#1169,.F.);
#1597=ORIENTED_EDGE($,*,*,#1180,.F.);
#1598=ORIENTED_EDGE($,*,*,#1181,.F.);
#1599=ORIENTED_EDGE($,*,*,#1182,.F.);
#1600=ORIENTED_EDGE($,*,*,#1183,.F.);
#1601=ORIENTED_EDGE($,*,*,#1184,.F.);
#1602=ORIENTED_EDGE($,*,*,#1165,.F.);
#1603=ORIENTED_EDGE($,*,*,#1184,.T.);
#1604=ORIENTED_EDGE($,*,*,#1185,.F.);
#1605=ORIENTED_EDGE($,*,*,#1186,.T.);
#1606=ORIENTED_EDGE($,*,*,#1166,.T.);
#1607=ORIENTED_EDGE($,*,*,#1180,.T.);
#1608=ORIENTED_EDGE($,*,*,#1168,.T.);
#1609=ORIENTED_EDGE($,*,*,#1187,.T.);
#1610=ORIENTED_EDGE($,*,*,#1188,.F.);
#1611=ORIENTED_EDGE($,*,*,#1151,.T.);
#1612=ORIENTED_EDGE($,*,*,#1177,.F.);
#1613=ORIENTED_EDGE($,*,*,#1145,.T.);
#1614=ORIENTED_EDGE($,*,*,#1189,.F.);
#1615=ORIENTED_EDGE($,*,*,#1157,.T.);
#1616=ORIENTED_EDGE($,*,*,#1178,.F.);
#1617=ORIENTED_EDGE($,*,*,#1149,.T.);
#1618=ORIENTED_EDGE($,*,*,#1190,.F.);
#1619=ORIENTED_EDGE($,*,*,#1190,.T.);
#1620=ORIENTED_EDGE($,*,*,#1152,.T.);
#1621=ORIENTED_EDGE($,*,*,#1189,.T.);
#1622=ORIENTED_EDGE($,*,*,#1148,.T.);
#1623=ORIENTED_EDGE($,*,*,#1163,.T.);
#1624=ORIENTED_EDGE($,*,*,#1154,.T.);
#1625=ORIENTED_EDGE($,*,*,#1161,.T.);
#1626=ORIENTED_EDGE($,*,*,#1158,.T.);
#1627=ORIENTED_EDGE($,*,*,#1191,.F.);
#1628=ORIENTED_EDGE($,*,*,#1171,.F.);
#1629=ORIENTED_EDGE($,*,*,#1192,.F.);
#1630=ORIENTED_EDGE($,*,*,#1193,.F.);
#1631=ORIENTED_EDGE($,*,*,#1186,.F.);
#1632=ORIENTED_EDGE($,*,*,#1194,.F.);
#1633=ORIENTED_EDGE($,*,*,#1187,.F.);
#1634=ORIENTED_EDGE($,*,*,#1167,.F.);
#1635=ORIENTED_EDGE($,*,*,#1179,.T.);
#1636=ORIENTED_EDGE($,*,*,#1195,.F.);
#1637=ORIENTED_EDGE($,*,*,#1192,.T.);
#1638=ORIENTED_EDGE($,*,*,#1170,.T.);
#1639=ORIENTED_EDGE($,*,*,#1144,.F.);
#1640=ORIENTED_EDGE($,*,*,#1196,.F.);
#1641=ORIENTED_EDGE($,*,*,#1197,.F.);
#1642=ORIENTED_EDGE($,*,*,#1198,.T.);
#1643=ORIENTED_EDGE($,*,*,#1141,.F.);
#1644=ORIENTED_EDGE($,*,*,#1198,.F.);
#1645=ORIENTED_EDGE($,*,*,#1199,.F.);
#1646=ORIENTED_EDGE($,*,*,#1200,.F.);
#1647=ORIENTED_EDGE($,*,*,#1173,.F.);
#1648=ORIENTED_EDGE($,*,*,#1201,.F.);
#1649=ORIENTED_EDGE($,*,*,#1125,.F.);
#1650=ORIENTED_EDGE($,*,*,#1202,.T.);
#1651=ORIENTED_EDGE($,*,*,#1142,.F.);
#1652=ORIENTED_EDGE($,*,*,#1202,.F.);
#1653=ORIENTED_EDGE($,*,*,#1124,.F.);
#1654=ORIENTED_EDGE($,*,*,#1203,.T.);
#1655=ORIENTED_EDGE($,*,*,#1204,.T.);
#1656=ORIENTED_EDGE($,*,*,#1205,.T.);
#1657=ORIENTED_EDGE($,*,*,#1206,.F.);
#1658=ORIENTED_EDGE($,*,*,#1207,.T.);
#1659=ORIENTED_EDGE($,*,*,#1201,.T.);
#1660=ORIENTED_EDGE($,*,*,#1176,.T.);
#1661=ORIENTED_EDGE($,*,*,#1208,.F.);
#1662=ORIENTED_EDGE($,*,*,#1126,.F.);
#1663=ORIENTED_EDGE($,*,*,#1209,.F.);
#1664=ORIENTED_EDGE($,*,*,#1132,.T.);
#1665=ORIENTED_EDGE($,*,*,#1210,.F.);
#1666=ORIENTED_EDGE($,*,*,#1211,.T.);
#1667=ORIENTED_EDGE($,*,*,#1212,.T.);
#1668=ORIENTED_EDGE($,*,*,#1199,.T.);
#1669=ORIENTED_EDGE($,*,*,#1197,.T.);
#1670=ORIENTED_EDGE($,*,*,#1213,.T.);
#1671=ORIENTED_EDGE($,*,*,#1214,.T.);
#1672=ORIENTED_EDGE($,*,*,#1215,.T.);
#1673=ORIENTED_EDGE($,*,*,#1216,.F.);
#1674=ORIENTED_EDGE($,*,*,#1217,.F.);
#1675=ORIENTED_EDGE($,*,*,#1218,.F.);
#1676=ORIENTED_EDGE($,*,*,#1219,.T.);
#1677=ORIENTED_EDGE($,*,*,#1207,.F.);
#1678=ORIENTED_EDGE($,*,*,#1220,.F.);
#1679=ORIENTED_EDGE($,*,*,#1221,.F.);
#1680=ORIENTED_EDGE($,*,*,#1222,.T.);
#1681=ORIENTED_EDGE($,*,*,#1221,.T.);
#1682=ORIENTED_EDGE($,*,*,#1223,.F.);
#1683=ORIENTED_EDGE($,*,*,#1224,.T.);
#1684=ORIENTED_EDGE($,*,*,#1200,.T.);
#1685=ORIENTED_EDGE($,*,*,#1212,.F.);
#1686=ORIENTED_EDGE($,*,*,#1225,.F.);
#1687=ORIENTED_EDGE($,*,*,#1174,.T.);
#1688=ORIENTED_EDGE($,*,*,#1226,.F.);
#1689=ORIENTED_EDGE($,*,*,#1227,.F.);
#1690=ORIENTED_EDGE($,*,*,#1204,.F.);
#1691=ORIENTED_EDGE($,*,*,#1219,.F.);
#1692=ORIENTED_EDGE($,*,*,#1222,.F.);
#1693=ORIENTED_EDGE($,*,*,#1228,.F.);
#1694=ORIENTED_EDGE($,*,*,#1229,.F.);
#1695=ORIENTED_EDGE($,*,*,#1213,.F.);
#1696=ORIENTED_EDGE($,*,*,#1196,.T.);
#1697=ORIENTED_EDGE($,*,*,#1143,.F.);
#1698=ORIENTED_EDGE($,*,*,#1203,.F.);
#1699=ORIENTED_EDGE($,*,*,#1123,.F.);
#1700=ORIENTED_EDGE($,*,*,#1227,.T.);
#1701=ORIENTED_EDGE($,*,*,#1230,.F.);
#1702=ORIENTED_EDGE($,*,*,#1231,.F.);
#1703=ORIENTED_EDGE($,*,*,#1205,.F.);
#1704=ORIENTED_EDGE($,*,*,#1229,.T.);
#1705=ORIENTED_EDGE($,*,*,#1232,.T.);
#1706=ORIENTED_EDGE($,*,*,#1233,.F.);
#1707=ORIENTED_EDGE($,*,*,#1214,.F.);
#1708=ORIENTED_EDGE($,*,*,#1208,.T.);
#1709=ORIENTED_EDGE($,*,*,#1175,.T.);
#1710=ORIENTED_EDGE($,*,*,#1225,.T.);
#1711=ORIENTED_EDGE($,*,*,#1211,.F.);
#1712=ORIENTED_EDGE($,*,*,#1234,.F.);
#1713=ORIENTED_EDGE($,*,*,#1134,.F.);
#1714=ORIENTED_EDGE($,*,*,#1235,.F.);
#1715=ORIENTED_EDGE($,*,*,#1127,.F.);
#1716=ORIENTED_EDGE($,*,*,#1228,.T.);
#1717=ORIENTED_EDGE($,*,*,#1224,.F.);
#1718=ORIENTED_EDGE($,*,*,#1236,.F.);
#1719=ORIENTED_EDGE($,*,*,#1232,.F.);
#1720=ORIENTED_EDGE($,*,*,#1135,.T.);
#1721=ORIENTED_EDGE($,*,*,#1234,.T.);
#1722=ORIENTED_EDGE($,*,*,#1210,.T.);
#1723=ORIENTED_EDGE($,*,*,#1131,.T.);
#1724=ORIENTED_EDGE($,*,*,#1133,.T.);
#1725=ORIENTED_EDGE($,*,*,#1119,.T.);
#1726=ORIENTED_EDGE($,*,*,#1128,.T.);
#1727=ORIENTED_EDGE($,*,*,#1235,.T.);
#1728=ORIENTED_EDGE($,*,*,#1226,.T.);
#1729=ORIENTED_EDGE($,*,*,#1122,.F.);
#1730=ORIENTED_EDGE($,*,*,#1237,.F.);
#1731=ORIENTED_EDGE($,*,*,#1230,.T.);
#1732=ORIENTED_EDGE($,*,*,#1037,.T.);
#1733=ORIENTED_EDGE($,*,*,#1140,.F.);
#1734=ORIENTED_EDGE($,*,*,#1238,.F.);
#1735=ORIENTED_EDGE($,*,*,#1215,.F.);
#1736=ORIENTED_EDGE($,*,*,#1233,.T.);
#1737=ORIENTED_EDGE($,*,*,#1236,.T.);
#1738=ORIENTED_EDGE($,*,*,#1223,.T.);
#1739=ORIENTED_EDGE($,*,*,#1220,.T.);
#1740=ORIENTED_EDGE($,*,*,#1206,.T.);
#1741=ORIENTED_EDGE($,*,*,#1231,.T.);
#1742=ORIENTED_EDGE($,*,*,#1237,.T.);
#1743=ORIENTED_EDGE($,*,*,#1121,.F.);
#1744=ORIENTED_EDGE($,*,*,#1182,.T.);
#1745=ORIENTED_EDGE($,*,*,#1172,.T.);
#1746=ORIENTED_EDGE($,*,*,#1191,.T.);
#1747=ORIENTED_EDGE($,*,*,#1239,.F.);
#1748=ORIENTED_EDGE($,*,*,#1239,.T.);
#1749=ORIENTED_EDGE($,*,*,#1193,.T.);
#1750=ORIENTED_EDGE($,*,*,#1195,.T.);
#1751=ORIENTED_EDGE($,*,*,#1181,.T.);
#1752=ORIENTED_EDGE($,*,*,#1188,.T.);
#1753=ORIENTED_EDGE($,*,*,#1194,.T.);
#1754=ORIENTED_EDGE($,*,*,#1185,.T.);
#1755=ORIENTED_EDGE($,*,*,#1183,.T.);
#1756=ORIENTED_EDGE($,*,*,#1137,.T.);
#1757=ORIENTED_EDGE($,*,*,#1240,.T.);
#1758=ORIENTED_EDGE($,*,*,#1241,.F.);
#1759=ORIENTED_EDGE($,*,*,#1242,.F.);
#1760=ORIENTED_EDGE($,*,*,#1218,.T.);
#1761=ORIENTED_EDGE($,*,*,#1243,.F.);
#1762=ORIENTED_EDGE($,*,*,#1244,.F.);
#1763=ORIENTED_EDGE($,*,*,#1245,.T.);
#1764=ORIENTED_EDGE($,*,*,#1216,.T.);
#1765=ORIENTED_EDGE($,*,*,#1238,.T.);
#1766=ORIENTED_EDGE($,*,*,#1139,.T.);
#1767=ORIENTED_EDGE($,*,*,#1246,.F.);
#1768=ORIENTED_EDGE($,*,*,#1247,.F.);
#1769=ORIENTED_EDGE($,*,*,#1248,.F.);
#1770=ORIENTED_EDGE($,*,*,#1249,.F.);
#1771=ORIENTED_EDGE($,*,*,#1250,.F.);
#1772=ORIENTED_EDGE($,*,*,#1251,.F.);
#1773=ORIENTED_EDGE($,*,*,#1138,.T.);
#1774=ORIENTED_EDGE($,*,*,#1242,.T.);
#1775=ORIENTED_EDGE($,*,*,#1252,.T.);
#1776=ORIENTED_EDGE($,*,*,#1253,.F.);
#1777=ORIENTED_EDGE($,*,*,#1254,.T.);
#1778=ORIENTED_EDGE($,*,*,#1246,.T.);
#1779=ORIENTED_EDGE($,*,*,#1217,.T.);
#1780=ORIENTED_EDGE($,*,*,#1251,.T.);
#1781=ORIENTED_EDGE($,*,*,#1255,.T.);
#1782=ORIENTED_EDGE($,*,*,#1256,.F.);
#1783=ORIENTED_EDGE($,*,*,#1257,.T.);
#1784=ORIENTED_EDGE($,*,*,#1243,.T.);
#1785=ORIENTED_EDGE($,*,*,#1252,.F.);
#1786=ORIENTED_EDGE($,*,*,#1241,.T.);
#1787=ORIENTED_EDGE($,*,*,#1258,.T.);
#1788=ORIENTED_EDGE($,*,*,#1259,.F.);
#1789=ORIENTED_EDGE($,*,*,#1260,.F.);
#1790=ORIENTED_EDGE($,*,*,#1261,.F.);
#1791=ORIENTED_EDGE($,*,*,#1262,.T.);
#1792=ORIENTED_EDGE($,*,*,#1263,.T.);
#1793=ORIENTED_EDGE($,*,*,#1264,.F.);
#1794=ORIENTED_EDGE($,*,*,#1265,.F.);
#1795=ORIENTED_EDGE($,*,*,#1266,.F.);
#1796=ORIENTED_EDGE($,*,*,#1267,.T.);
#1797=ORIENTED_EDGE($,*,*,#1262,.F.);
#1798=ORIENTED_EDGE($,*,*,#1209,.T.);
#1799=ORIENTED_EDGE($,*,*,#1245,.F.);
#1800=ORIENTED_EDGE($,*,*,#1268,.F.);
#1801=ORIENTED_EDGE($,*,*,#1269,.F.);
#1802=ORIENTED_EDGE($,*,*,#1258,.F.);
#1803=ORIENTED_EDGE($,*,*,#1240,.F.);
#1804=ORIENTED_EDGE($,*,*,#1136,.T.);
#1805=ORIENTED_EDGE($,*,*,#1129,.T.);
#1806=ORIENTED_EDGE($,*,*,#1270,.F.);
#1807=ORIENTED_EDGE($,*,*,#1271,.F.);
#1808=ORIENTED_EDGE($,*,*,#1272,.F.);
#1809=ORIENTED_EDGE($,*,*,#1263,.F.);
#1810=ORIENTED_EDGE($,*,*,#1267,.F.);
#1811=ORIENTED_EDGE($,*,*,#1257,.F.);
#1812=ORIENTED_EDGE($,*,*,#1273,.F.);
#1813=ORIENTED_EDGE($,*,*,#1274,.T.);
#1814=ORIENTED_EDGE($,*,*,#1244,.T.);
#1815=ORIENTED_EDGE($,*,*,#1275,.F.);
#1816=ORIENTED_EDGE($,*,*,#1268,.T.);
#1817=ORIENTED_EDGE($,*,*,#1274,.F.);
#1818=ORIENTED_EDGE($,*,*,#1276,.F.);
#1819=ORIENTED_EDGE($,*,*,#1277,.F.);
#1820=ORIENTED_EDGE($,*,*,#1278,.F.);
#1821=ORIENTED_EDGE($,*,*,#1279,.F.);
#1822=ORIENTED_EDGE($,*,*,#1271,.T.);
#1823=ORIENTED_EDGE($,*,*,#1264,.T.);
#1824=ORIENTED_EDGE($,*,*,#1272,.T.);
#1825=ORIENTED_EDGE($,*,*,#1279,.T.);
#1826=ORIENTED_EDGE($,*,*,#1280,.F.);
#1827=ORIENTED_EDGE($,*,*,#1281,.T.);
#1828=ORIENTED_EDGE($,*,*,#1249,.T.);
#1829=ORIENTED_EDGE($,*,*,#1282,.T.);
#1830=ORIENTED_EDGE($,*,*,#1283,.F.);
#1831=ORIENTED_EDGE($,*,*,#1265,.T.);
#1832=ORIENTED_EDGE($,*,*,#1261,.T.);
#1833=ORIENTED_EDGE($,*,*,#1283,.T.);
#1834=ORIENTED_EDGE($,*,*,#1284,.T.);
#1835=ORIENTED_EDGE($,*,*,#1285,.F.);
#1836=ORIENTED_EDGE($,*,*,#1286,.T.);
#1837=ORIENTED_EDGE($,*,*,#1287,.T.);
#1838=ORIENTED_EDGE($,*,*,#1285,.T.);
#1839=ORIENTED_EDGE($,*,*,#1288,.T.);
#1840=ORIENTED_EDGE($,*,*,#1253,.T.);
#1841=ORIENTED_EDGE($,*,*,#1260,.T.);
#1842=ORIENTED_EDGE($,*,*,#1289,.T.);
#1843=ORIENTED_EDGE($,*,*,#1290,.T.);
#1844=ORIENTED_EDGE($,*,*,#1291,.T.);
#1845=ORIENTED_EDGE($,*,*,#1259,.T.);
#1846=ORIENTED_EDGE($,*,*,#1269,.T.);
#1847=ORIENTED_EDGE($,*,*,#1275,.T.);
#1848=ORIENTED_EDGE($,*,*,#1292,.F.);
#1849=ORIENTED_EDGE($,*,*,#1293,.T.);
#1850=ORIENTED_EDGE($,*,*,#1294,.T.);
#1851=ORIENTED_EDGE($,*,*,#1295,.T.);
#1852=ORIENTED_EDGE($,*,*,#1289,.F.);
#1853=ORIENTED_EDGE($,*,*,#1296,.F.);
#1854=ORIENTED_EDGE($,*,*,#1297,.F.);
#1855=ORIENTED_EDGE($,*,*,#1298,.T.);
#1856=ORIENTED_EDGE($,*,*,#1299,.F.);
#1857=ORIENTED_EDGE($,*,*,#1300,.F.);
#1858=ORIENTED_EDGE($,*,*,#1299,.T.);
#1859=ORIENTED_EDGE($,*,*,#1301,.T.);
#1860=ORIENTED_EDGE($,*,*,#1293,.F.);
#1861=ORIENTED_EDGE($,*,*,#1302,.F.);
#1862=ORIENTED_EDGE($,*,*,#1303,.F.);
#1863=ORIENTED_EDGE($,*,*,#1304,.F.);
#1864=ORIENTED_EDGE($,*,*,#1298,.F.);
#1865=ORIENTED_EDGE($,*,*,#1294,.F.);
#1866=ORIENTED_EDGE($,*,*,#1301,.F.);
#1867=ORIENTED_EDGE($,*,*,#1304,.T.);
#1868=ORIENTED_EDGE($,*,*,#1305,.F.);
#1869=ORIENTED_EDGE($,*,*,#1282,.F.);
#1870=ORIENTED_EDGE($,*,*,#1248,.T.);
#1871=ORIENTED_EDGE($,*,*,#1306,.F.);
#1872=ORIENTED_EDGE($,*,*,#1284,.F.);
#1873=ORIENTED_EDGE($,*,*,#1307,.F.);
#1874=ORIENTED_EDGE($,*,*,#1290,.F.);
#1875=ORIENTED_EDGE($,*,*,#1295,.F.);
#1876=ORIENTED_EDGE($,*,*,#1305,.T.);
#1877=ORIENTED_EDGE($,*,*,#1303,.T.);
#1878=ORIENTED_EDGE($,*,*,#1254,.F.);
#1879=ORIENTED_EDGE($,*,*,#1288,.F.);
#1880=ORIENTED_EDGE($,*,*,#1306,.T.);
#1881=ORIENTED_EDGE($,*,*,#1247,.T.);
#1882=ORIENTED_EDGE($,*,*,#1255,.F.);
#1883=ORIENTED_EDGE($,*,*,#1250,.T.);
#1884=ORIENTED_EDGE($,*,*,#1281,.F.);
#1885=ORIENTED_EDGE($,*,*,#1308,.F.);
#1886=ORIENTED_EDGE($,*,*,#1278,.T.);
#1887=ORIENTED_EDGE($,*,*,#1309,.T.);
#1888=ORIENTED_EDGE($,*,*,#1296,.T.);
#1889=ORIENTED_EDGE($,*,*,#1310,.F.);
#1890=ORIENTED_EDGE($,*,*,#1311,.T.);
#1891=ORIENTED_EDGE($,*,*,#1310,.T.);
#1892=ORIENTED_EDGE($,*,*,#1300,.T.);
#1893=ORIENTED_EDGE($,*,*,#1292,.T.);
#1894=ORIENTED_EDGE($,*,*,#1276,.T.);
#1895=ORIENTED_EDGE($,*,*,#1273,.T.);
#1896=ORIENTED_EDGE($,*,*,#1256,.T.);
#1897=ORIENTED_EDGE($,*,*,#1308,.T.);
#1898=ORIENTED_EDGE($,*,*,#1280,.T.);
#1899=ORIENTED_EDGE($,*,*,#1266,.T.);
#1900=ORIENTED_EDGE($,*,*,#1291,.F.);
#1901=ORIENTED_EDGE($,*,*,#1307,.T.);
#1902=ORIENTED_EDGE($,*,*,#1302,.T.);
#1903=ORIENTED_EDGE($,*,*,#1297,.T.);
#1904=ORIENTED_EDGE($,*,*,#1309,.F.);
#1905=ORIENTED_EDGE($,*,*,#1277,.T.);
#1906=ORIENTED_EDGE($,*,*,#1270,.T.);
#1907=ORIENTED_EDGE($,*,*,#1287,.F.);
#1908=ORIENTED_EDGE($,*,*,#1286,.F.);
#1909=ORIENTED_EDGE($,*,*,#1311,.F.);
#1910=ORIENTED_EDGE($,*,*,#1312,.F.);
#1911=ORIENTED_EDGE($,*,*,#1313,.F.);
#1912=ORIENTED_EDGE($,*,*,#1312,.T.);
#1913=ORIENTED_EDGE($,*,*,#1313,.T.);
#1914=CYLINDRICAL_SURFACE($,#2096,0.12);
#1915=CYLINDRICAL_SURFACE($,#2101,0.12);
#1916=CYLINDRICAL_SURFACE($,#2106,0.12);
#1917=CYLINDRICAL_SURFACE($,#2111,0.12);
#1918=CYLINDRICAL_SURFACE($,#2116,0.12);
#1919=CYLINDRICAL_SURFACE($,#2121,0.12);
#1920=CYLINDRICAL_SURFACE($,#2126,0.12);
#1921=CYLINDRICAL_SURFACE($,#2131,0.12);
#1922=CYLINDRICAL_SURFACE($,#2136,0.12);
#1923=CYLINDRICAL_SURFACE($,#2141,0.12);
#1924=CYLINDRICAL_SURFACE($,#2146,0.12);
#1925=CYLINDRICAL_SURFACE($,#2174,0.09);
#1926=CYLINDRICAL_SURFACE($,#2177,0.09);
#1927=CYLINDRICAL_SURFACE($,#2180,0.09);
#1928=CYLINDRICAL_SURFACE($,#2183,0.09);
#1929=CYLINDRICAL_SURFACE($,#2203,0.0900000000000001);
#1930=CYLINDRICAL_SURFACE($,#2205,0.0900000000000001);
#1931=CYLINDRICAL_SURFACE($,#2212,0.0900000000000001);
#1932=CYLINDRICAL_SURFACE($,#2230,0.4);
#1933=CYLINDRICAL_SURFACE($,#2231,0.399999999999997);
#1934=CYLINDRICAL_SURFACE($,#2234,0.0900000000000001);
#1935=CYLINDRICAL_SURFACE($,#2250,0.12);
#1936=ADVANCED_FACE($,(#484,#468),#1914,.T.);
#1937=ADVANCED_FACE($,(#485),#417,.T.);
#1938=ADVANCED_FACE($,(#486),#418,.T.);
#1939=ADVANCED_FACE($,(#487,#469),#1915,.T.);
#1940=ADVANCED_FACE($,(#488),#419,.T.);
#1941=ADVANCED_FACE($,(#489),#420,.T.);
#1942=ADVANCED_FACE($,(#490,#470),#1916,.T.);
#1943=ADVANCED_FACE($,(#491),#421,.T.);
#1944=ADVANCED_FACE($,(#492),#422,.T.);
#1945=ADVANCED_FACE($,(#493,#471),#1917,.T.);
#1946=ADVANCED_FACE($,(#494),#423,.T.);
#1947=ADVANCED_FACE($,(#495),#424,.T.);
#1948=ADVANCED_FACE($,(#496,#472),#1918,.T.);
#1949=ADVANCED_FACE($,(#497),#425,.T.);
#1950=ADVANCED_FACE($,(#498),#426,.T.);
#1951=ADVANCED_FACE($,(#499,#473),#1919,.T.);
#1952=ADVANCED_FACE($,(#500),#427,.T.);
#1953=ADVANCED_FACE($,(#501),#428,.T.);
#1954=ADVANCED_FACE($,(#502,#474),#1920,.T.);
#1955=ADVANCED_FACE($,(#503),#429,.T.);
#1956=ADVANCED_FACE($,(#504),#430,.T.);
#1957=ADVANCED_FACE($,(#505,#475),#1921,.T.);
#1958=ADVANCED_FACE($,(#506),#431,.T.);
#1959=ADVANCED_FACE($,(#507),#432,.T.);
#1960=ADVANCED_FACE($,(#508,#476),#1922,.T.);
#1961=ADVANCED_FACE($,(#509),#433,.T.);
#1962=ADVANCED_FACE($,(#510),#434,.T.);
#1963=ADVANCED_FACE($,(#511,#477),#1923,.T.);
#1964=ADVANCED_FACE($,(#512),#435,.T.);
#1965=ADVANCED_FACE($,(#513),#436,.T.);
#1966=ADVANCED_FACE($,(#514,#478),#1924,.T.);
#1967=ADVANCED_FACE($,(#515),#437,.T.);
#1968=ADVANCED_FACE($,(#516),#438,.T.);
#1969=ADVANCED_FACE($,(#517),#364,.F.);
#1970=ADVANCED_FACE($,(#518),#204,.F.);
#1971=ADVANCED_FACE($,(#519),#205,.F.);
#1972=ADVANCED_FACE($,(#520),#365,.F.);
#1973=ADVANCED_FACE($,(#521),#366,.F.);
#1974=ADVANCED_FACE($,(#522),#367,.F.);
#1975=ADVANCED_FACE($,(#523),#368,.F.);
#1976=ADVANCED_FACE($,(#524),#369,.F.);
#1977=ADVANCED_FACE($,(#525),#370,.F.);
#1978=ADVANCED_FACE($,(#526),#371,.F.);
#1979=ADVANCED_FACE($,(#527),#372,.F.);
#1980=ADVANCED_FACE($,(#528),#373,.F.);
#1981=ADVANCED_FACE($,(#529),#374,.F.);
#1982=ADVANCED_FACE($,(#530),#375,.F.);
#1983=ADVANCED_FACE($,(#531),#206,.F.);
#1984=ADVANCED_FACE($,(#532),#207,.F.);
#1985=ADVANCED_FACE($,(#533),#376,.F.);
#1986=ADVANCED_FACE($,(#534),#377,.F.);
#1987=ADVANCED_FACE($,(#535),#378,.F.);
#1988=ADVANCED_FACE($,(#536),#379,.F.);
#1989=ADVANCED_FACE($,(#537),#380,.F.);
#1990=ADVANCED_FACE($,(#538),#381,.F.);
#1991=ADVANCED_FACE($,(#539),#382,.F.);
#1992=ADVANCED_FACE($,(#540),#208,.F.);
#1993=ADVANCED_FACE($,(#541),#209,.F.);
#1994=ADVANCED_FACE($,(#542),#210,.F.);
#1995=ADVANCED_FACE($,(#543),#439,.T.);
#1996=ADVANCED_FACE($,(#544),#440,.T.);
#1997=ADVANCED_FACE($,(#545),#441,.F.);
#1998=ADVANCED_FACE($,(#546),#442,.T.);
#1999=ADVANCED_FACE($,(#547),#443,.F.);
#2000=ADVANCED_FACE($,(#548,#479),#444,.F.);
#2001=ADVANCED_FACE($,(#549),#1925,.T.);
#2002=ADVANCED_FACE($,(#550),#1926,.T.);
#2003=ADVANCED_FACE($,(#551),#1927,.T.);
#2004=ADVANCED_FACE($,(#552),#1928,.T.);
#2005=ADVANCED_FACE($,(#553),#211,.F.);
#2006=ADVANCED_FACE($,(#554),#212,.F.);
#2007=ADVANCED_FACE($,(#480,#481,#482),#445,.T.);
#2008=ADVANCED_FACE($,(#555),#213,.F.);
#2009=ADVANCED_FACE($,(#556),#214,.F.);
#2010=ADVANCED_FACE($,(#557),#1929,.T.);
#2011=ADVANCED_FACE($,(#558),#1930,.T.);
#2012=ADVANCED_FACE($,(#559),#215,.F.);
#2013=ADVANCED_FACE($,(#560),#216,.F.);
#2014=ADVANCED_FACE($,(#561),#446,.T.);
#2015=ADVANCED_FACE($,(#562),#217,.F.);
#2016=ADVANCED_FACE($,(#563),#218,.F.);
#2017=ADVANCED_FACE($,(#564),#1931,.T.);
#2018=ADVANCED_FACE($,(#565),#447,.T.);
#2019=ADVANCED_FACE($,(#566),#448,.T.);
#2020=ADVANCED_FACE($,(#567),#449,.T.);
#2021=ADVANCED_FACE($,(#568),#450,.T.);
#2022=ADVANCED_FACE($,(#569),#451,.T.);
#2023=ADVANCED_FACE($,(#570),#452,.T.);
#2024=ADVANCED_FACE($,(#571),#453,.T.);
#2025=ADVANCED_FACE($,(#572),#454,.T.);
#2026=ADVANCED_FACE($,(#573),#455,.T.);
#2027=ADVANCED_FACE($,(#574),#456,.T.);
#2028=ADVANCED_FACE($,(#575),#457,.F.);
#2029=ADVANCED_FACE($,(#576),#458,.T.);
#2030=ADVANCED_FACE($,(#577),#459,.F.);
#2031=ADVANCED_FACE($,(#578),#460,.F.);
#2032=ADVANCED_FACE($,(#579),#1932,.T.);
#2033=ADVANCED_FACE($,(#580),#1933,.T.);
#2034=ADVANCED_FACE($,(#581),#461,.T.);
#2035=ADVANCED_FACE($,(#582),#462,.F.);
#2036=ADVANCED_FACE($,(#583),#1934,.T.);
#2037=ADVANCED_FACE($,(#584),#463,.T.);
#2038=ADVANCED_FACE($,(#585),#383,.F.);
#2039=ADVANCED_FACE($,(#586),#384,.F.);
#2040=ADVANCED_FACE($,(#587),#385,.F.);
#2041=ADVANCED_FACE($,(#588),#219,.F.);
#2042=ADVANCED_FACE($,(#589),#220,.F.);
#2043=ADVANCED_FACE($,(#590),#386,.F.);
#2044=ADVANCED_FACE($,(#591),#387,.F.);
#2045=ADVANCED_FACE($,(#592),#388,.F.);
#2046=ADVANCED_FACE($,(#593),#389,.F.);
#2047=ADVANCED_FACE($,(#594),#390,.F.);
#2048=ADVANCED_FACE($,(#595),#391,.F.);
#2049=ADVANCED_FACE($,(#596),#392,.F.);
#2050=ADVANCED_FACE($,(#597),#393,.F.);
#2051=ADVANCED_FACE($,(#598),#221,.F.);
#2052=ADVANCED_FACE($,(#599),#222,.F.);
#2053=ADVANCED_FACE($,(#600),#223,.F.);
#2054=ADVANCED_FACE($,(#601),#394,.F.);
#2055=ADVANCED_FACE($,(#602),#395,.F.);
#2056=ADVANCED_FACE($,(#603),#396,.F.);
#2057=ADVANCED_FACE($,(#604),#397,.F.);
#2058=ADVANCED_FACE($,(#605),#398,.F.);
#2059=ADVANCED_FACE($,(#606),#399,.F.);
#2060=ADVANCED_FACE($,(#607),#400,.F.);
#2061=ADVANCED_FACE($,(#608),#401,.F.);
#2062=ADVANCED_FACE($,(#609),#224,.F.);
#2063=ADVANCED_FACE($,(#610),#225,.F.);
#2064=ADVANCED_FACE($,(#611),#464,.T.);
#2065=ADVANCED_FACE($,(#612),#465,.T.);
#2066=ADVANCED_FACE($,(#613,#483),#1935,.T.);
#2067=ADVANCED_FACE($,(#614),#466,.T.);
#2068=ADVANCED_FACE($,(#615),#467,.T.);
#2069=CLOSED_SHELL($,(#1936,#1937,#1938));
#2070=CLOSED_SHELL($,(#1939,#1940,#1941));
#2071=CLOSED_SHELL($,(#1942,#1943,#1944));
#2072=CLOSED_SHELL($,(#1945,#1946,#1947));
#2073=CLOSED_SHELL($,(#1948,#1949,#1950));
#2074=CLOSED_SHELL($,(#1951,#1952,#1953));
#2075=CLOSED_SHELL($,(#1954,#1955,#1956));
#2076=CLOSED_SHELL($,(#1957,#1958,#1959));
#2077=CLOSED_SHELL($,(#1960,#1961,#1962));
#2078=CLOSED_SHELL($,(#1963,#1964,#1965));
#2079=CLOSED_SHELL($,(#1966,#1967,#1968));
#2080=CLOSED_SHELL($,(#1969,#1970,#1971,#1972,#1973,#1974,#1975,#1976,#1977,
#1978,#1979,#1980,#1981,#1982,#1983,#1984,#1985,#1986,#1987,#1988,#1989,
#1990,#1991,#1992,#1993,#1994,#1995,#1996,#1997,#1998,#1999,#2000,#2001,
#2002,#2003,#2004,#2005,#2006,#2007,#2008,#2009,#2010,#2011,#2012,#2013,
#2014,#2015,#2016,#2017,#2018,#2019,#2020,#2021,#2022,#2023,#2024,#2025,
#2026,#2027,#2028,#2029,#2030,#2031,#2032,#2033,#2034,#2035,#2036,#2037,
#2038,#2039,#2040,#2041,#2042,#2043,#2044,#2045,#2046,#2047,#2048,#2049,
#2050,#2051,#2052,#2053,#2054,#2055,#2056,#2057,#2058,#2059,#2060,#2061,
#2062,#2063,#2064,#2065));
#2081=CLOSED_SHELL($,(#2066,#2067,#2068));
#2082=MANIFOLD_SOLID_BREP('ASM Body',#2069);
#2083=MANIFOLD_SOLID_BREP('ASM Body',#2070);
#2084=MANIFOLD_SOLID_BREP('ASM Body',#2071);
#2085=MANIFOLD_SOLID_BREP('ASM Body',#2072);
#2086=MANIFOLD_SOLID_BREP('ASM Body',#2073);
#2087=MANIFOLD_SOLID_BREP('ASM Body',#2074);
#2088=MANIFOLD_SOLID_BREP('ASM Body',#2075);
#2089=MANIFOLD_SOLID_BREP('ASM Body',#2076);
#2090=MANIFOLD_SOLID_BREP('ASM Body',#2077);
#2091=MANIFOLD_SOLID_BREP('ASM Body',#2078);
#2092=MANIFOLD_SOLID_BREP('ASM Body',#2079);
#2093=MANIFOLD_SOLID_BREP('ASM Body',#2080);
#2094=MANIFOLD_SOLID_BREP('ASM Body',#2081);
#2095=AXIS2_PLACEMENT_3D('placement',#2651,#2255,#2256);
#2096=AXIS2_PLACEMENT_3D($,#2652,#2257,#2258);
#2097=AXIS2_PLACEMENT_3D($,#2654,#2259,#2260);
#2098=AXIS2_PLACEMENT_3D($,#2656,#2261,#2262);
#2099=AXIS2_PLACEMENT_3D($,#2657,#2263,#2264);
#2100=AXIS2_PLACEMENT_3D($,#2658,#2265,#2266);
#2101=AXIS2_PLACEMENT_3D($,#2659,#2267,#2268);
#2102=AXIS2_PLACEMENT_3D($,#2661,#2269,#2270);
#2103=AXIS2_PLACEMENT_3D($,#2663,#2271,#2272);
#2104=AXIS2_PLACEMENT_3D($,#2664,#2273,#2274);
#2105=AXIS2_PLACEMENT_3D($,#2665,#2275,#2276);
#2106=AXIS2_PLACEMENT_3D($,#2666,#2277,#2278);
#2107=AXIS2_PLACEMENT_3D($,#2668,#2279,#2280);
#2108=AXIS2_PLACEMENT_3D($,#2670,#2281,#2282);
#2109=AXIS2_PLACEMENT_3D($,#2671,#2283,#2284);
#2110=AXIS2_PLACEMENT_3D($,#2672,#2285,#2286);
#2111=AXIS2_PLACEMENT_3D($,#2673,#2287,#2288);
#2112=AXIS2_PLACEMENT_3D($,#2675,#2289,#2290);
#2113=AXIS2_PLACEMENT_3D($,#2677,#2291,#2292);
#2114=AXIS2_PLACEMENT_3D($,#2678,#2293,#2294);
#2115=AXIS2_PLACEMENT_3D($,#2679,#2295,#2296);
#2116=AXIS2_PLACEMENT_3D($,#2680,#2297,#2298);
#2117=AXIS2_PLACEMENT_3D($,#2682,#2299,#2300);
#2118=AXIS2_PLACEMENT_3D($,#2684,#2301,#2302);
#2119=AXIS2_PLACEMENT_3D($,#2685,#2303,#2304);
#2120=AXIS2_PLACEMENT_3D($,#2686,#2305,#2306);
#2121=AXIS2_PLACEMENT_3D($,#2687,#2307,#2308);
#2122=AXIS2_PLACEMENT_3D($,#2689,#2309,#2310);
#2123=AXIS2_PLACEMENT_3D($,#2691,#2311,#2312);
#2124=AXIS2_PLACEMENT_3D($,#2692,#2313,#2314);
#2125=AXIS2_PLACEMENT_3D($,#2693,#2315,#2316);
#2126=AXIS2_PLACEMENT_3D($,#2694,#2317,#2318);
#2127=AXIS2_PLACEMENT_3D($,#2696,#2319,#2320);
#2128=AXIS2_PLACEMENT_3D($,#2698,#2321,#2322);
#2129=AXIS2_PLACEMENT_3D($,#2699,#2323,#2324);
#2130=AXIS2_PLACEMENT_3D($,#2700,#2325,#2326);
#2131=AXIS2_PLACEMENT_3D($,#2701,#2327,#2328);
#2132=AXIS2_PLACEMENT_3D($,#2703,#2329,#2330);
#2133=AXIS2_PLACEMENT_3D($,#2705,#2331,#2332);
#2134=AXIS2_PLACEMENT_3D($,#2706,#2333,#2334);
#2135=AXIS2_PLACEMENT_3D($,#2707,#2335,#2336);
#2136=AXIS2_PLACEMENT_3D($,#2708,#2337,#2338);
#2137=AXIS2_PLACEMENT_3D($,#2710,#2339,#2340);
#2138=AXIS2_PLACEMENT_3D($,#2712,#2341,#2342);
#2139=AXIS2_PLACEMENT_3D($,#2713,#2343,#2344);
#2140=AXIS2_PLACEMENT_3D($,#2714,#2345,#2346);
#2141=AXIS2_PLACEMENT_3D($,#2715,#2347,#2348);
#2142=AXIS2_PLACEMENT_3D($,#2717,#2349,#2350);
#2143=AXIS2_PLACEMENT_3D($,#2719,#2351,#2352);
#2144=AXIS2_PLACEMENT_3D($,#2720,#2353,#2354);
#2145=AXIS2_PLACEMENT_3D($,#2721,#2355,#2356);
#2146=AXIS2_PLACEMENT_3D($,#2722,#2357,#2358);
#2147=AXIS2_PLACEMENT_3D($,#2724,#2359,#2360);
#2148=AXIS2_PLACEMENT_3D($,#2726,#2361,#2362);
#2149=AXIS2_PLACEMENT_3D($,#2727,#2363,#2364);
#2150=AXIS2_PLACEMENT_3D($,#2728,#2365,#2366);
#2151=AXIS2_PLACEMENT_3D($,#2795,#2367,#2368);
#2152=AXIS2_PLACEMENT_3D($,#2807,#2369,#2370);
#2153=AXIS2_PLACEMENT_3D($,#2827,#2371,#2372);
#2154=AXIS2_PLACEMENT_3D($,#2841,#2373,#2374);
#2155=AXIS2_PLACEMENT_3D($,#3404,#2375,#2376);
#2156=AXIS2_PLACEMENT_3D($,#3422,#2377,#2378);
#2157=AXIS2_PLACEMENT_3D($,#3518,#2379,#2380);
#2158=AXIS2_PLACEMENT_3D($,#3519,#2381,#2382);
#2159=AXIS2_PLACEMENT_3D($,#3528,#2383,#2384);
#2160=AXIS2_PLACEMENT_3D($,#3543,#2385,#2386);
#2161=AXIS2_PLACEMENT_3D($,#3953,#2387,#2388);
#2162=AXIS2_PLACEMENT_3D($,#3959,#2389,#2390);
#2163=AXIS2_PLACEMENT_3D($,#3960,#2391,#2392);
#2164=AXIS2_PLACEMENT_3D($,#3973,#2393,#2394);
#2165=AXIS2_PLACEMENT_3D($,#3974,#2395,#2396);
#2166=AXIS2_PLACEMENT_3D($,#3975,#2397,#2398);
#2167=AXIS2_PLACEMENT_3D($,#3981,#2402,#2403);
#2168=AXIS2_PLACEMENT_3D($,#3996,#2411,#2412);
#2169=AXIS2_PLACEMENT_3D($,#3997,#2413,#2414);
#2170=AXIS2_PLACEMENT_3D($,#4009,#2418,#2419);
#2171=AXIS2_PLACEMENT_3D($,#4011,#2420,#2421);
#2172=AXIS2_PLACEMENT_3D($,#4014,#2423,#2424);
#2173=AXIS2_PLACEMENT_3D($,#4032,#2425,#2426);
#2174=AXIS2_PLACEMENT_3D($,#4047,#2432,#2433);
#2175=AXIS2_PLACEMENT_3D($,#4052,#2435,#2436);
#2176=AXIS2_PLACEMENT_3D($,#4055,#2438,#2439);
#2177=AXIS2_PLACEMENT_3D($,#4056,#2440,#2441);
#2178=AXIS2_PLACEMENT_3D($,#4061,#2443,#2444);
#2179=AXIS2_PLACEMENT_3D($,#4064,#2446,#2447);
#2180=AXIS2_PLACEMENT_3D($,#4065,#2448,#2449);
#2181=AXIS2_PLACEMENT_3D($,#4070,#2451,#2452);
#2182=AXIS2_PLACEMENT_3D($,#4073,#2454,#2455);
#2183=AXIS2_PLACEMENT_3D($,#4074,#2456,#2457);
#2184=AXIS2_PLACEMENT_3D($,#4079,#2459,#2460);
#2185=AXIS2_PLACEMENT_3D($,#4082,#2462,#2463);
#2186=AXIS2_PLACEMENT_3D($,#4089,#2464,#2465);
#2187=AXIS2_PLACEMENT_3D($,#4090,#2466,#2467);
#2188=AXIS2_PLACEMENT_3D($,#4097,#2468,#2469);
#2189=AXIS2_PLACEMENT_3D($,#4098,#2470,#2471);
#2190=AXIS2_PLACEMENT_3D($,#4099,#2472,#2473);
#2191=AXIS2_PLACEMENT_3D($,#4102,#2474,#2475);
#2192=AXIS2_PLACEMENT_3D($,#4104,#2476,#2477);
#2193=AXIS2_PLACEMENT_3D($,#4106,#2478,#2479);
#2194=AXIS2_PLACEMENT_3D($,#4108,#2480,#2481);
#2195=AXIS2_PLACEMENT_3D($,#4110,#2482,#2483);
#2196=AXIS2_PLACEMENT_3D($,#4112,#2484,#2485);
#2197=AXIS2_PLACEMENT_3D($,#4114,#2486,#2487);
#2198=AXIS2_PLACEMENT_3D($,#4115,#2488,#2489);
#2199=AXIS2_PLACEMENT_3D($,#4124,#2494,#2495);
#2200=AXIS2_PLACEMENT_3D($,#4125,#2496,#2497);
#2201=AXIS2_PLACEMENT_3D($,#4136,#2500,#2501);
#2202=AXIS2_PLACEMENT_3D($,#4146,#2503,#2504);
#2203=AXIS2_PLACEMENT_3D($,#4148,#2506,#2507);
#2204=AXIS2_PLACEMENT_3D($,#4150,#2508,#2509);
#2205=AXIS2_PLACEMENT_3D($,#4152,#2511,#2512);
#2206=AXIS2_PLACEMENT_3D($,#4155,#2514,#2515);
#2207=AXIS2_PLACEMENT_3D($,#4162,#2516,#2517);
#2208=AXIS2_PLACEMENT_3D($,#4169,#2518,#2519);
#2209=AXIS2_PLACEMENT_3D($,#4170,#2520,#2521);
#2210=AXIS2_PLACEMENT_3D($,#4181,#2524,#2525);
#2211=AXIS2_PLACEMENT_3D($,#4188,#2526,#2527);
#2212=AXIS2_PLACEMENT_3D($,#4189,#2528,#2529);
#2213=AXIS2_PLACEMENT_3D($,#4190,#2530,#2531);
#2214=AXIS2_PLACEMENT_3D($,#4191,#2532,#2533);
#2215=AXIS2_PLACEMENT_3D($,#4197,#2537,#2538);
#2216=AXIS2_PLACEMENT_3D($,#4203,#2543,#2544);
#2217=AXIS2_PLACEMENT_3D($,#4205,#2546,#2547);
#2218=AXIS2_PLACEMENT_3D($,#4214,#2552,#2553);
#2219=AXIS2_PLACEMENT_3D($,#4216,#2555,#2556);
#2220=AXIS2_PLACEMENT_3D($,#4223,#2557,#2558);
#2221=AXIS2_PLACEMENT_3D($,#4239,#2564,#2565);
#2222=AXIS2_PLACEMENT_3D($,#4244,#2566,#2567);
#2223=AXIS2_PLACEMENT_3D($,#4250,#2571,#2572);
#2224=AXIS2_PLACEMENT_3D($,#4256,#2576,#2577);
#2225=AXIS2_PLACEMENT_3D($,#4258,#2579,#2580);
#2226=AXIS2_PLACEMENT_3D($,#4265,#2585,#2586);
#2227=AXIS2_PLACEMENT_3D($,#4269,#2589,#2590);
#2228=AXIS2_PLACEMENT_3D($,#4273,#2593,#2594);
#2229=AXIS2_PLACEMENT_3D($,#4276,#2597,#2598);
#2230=AXIS2_PLACEMENT_3D($,#4278,#2600,#2601);
#2231=AXIS2_PLACEMENT_3D($,#4279,#2602,#2603);
#2232=AXIS2_PLACEMENT_3D($,#4280,#2604,#2605);
#2233=AXIS2_PLACEMENT_3D($,#4282,#2607,#2608);
#2234=AXIS2_PLACEMENT_3D($,#4287,#2609,#2610);
#2235=AXIS2_PLACEMENT_3D($,#4288,#2611,#2612);
#2236=AXIS2_PLACEMENT_3D($,#4289,#2613,#2614);
#2237=AXIS2_PLACEMENT_3D($,#4418,#2615,#2616);
#2238=AXIS2_PLACEMENT_3D($,#4435,#2617,#2618);
#2239=AXIS2_PLACEMENT_3D($,#4880,#2619,#2620);
#2240=AXIS2_PLACEMENT_3D($,#4890,#2621,#2622);
#2241=AXIS2_PLACEMENT_3D($,#4986,#2623,#2624);
#2242=AXIS2_PLACEMENT_3D($,#4987,#2625,#2626);
#2243=AXIS2_PLACEMENT_3D($,#4996,#2627,#2628);
#2244=AXIS2_PLACEMENT_3D($,#5011,#2629,#2630);
#2245=AXIS2_PLACEMENT_3D($,#5019,#2631,#2632);
#2246=AXIS2_PLACEMENT_3D($,#5488,#2633,#2634);
#2247=AXIS2_PLACEMENT_3D($,#5494,#2635,#2636);
#2248=AXIS2_PLACEMENT_3D($,#5501,#2637,#2638);
#2249=AXIS2_PLACEMENT_3D($,#5502,#2639,#2640);
#2250=AXIS2_PLACEMENT_3D($,#5503,#2641,#2642);
#2251=AXIS2_PLACEMENT_3D($,#5505,#2643,#2644);
#2252=AXIS2_PLACEMENT_3D($,#5507,#2645,#2646);
#2253=AXIS2_PLACEMENT_3D($,#5508,#2647,#2648);
#2254=AXIS2_PLACEMENT_3D($,#5509,#2649,#2650);
#2255=DIRECTION('axis',(0.,0.,1.));
#2256=DIRECTION('refdir',(1.,0.,0.));
#2257=DIRECTION('center_axis',(0.,-1.,2.22044604925031E-016));
#2258=DIRECTION('ref_axis',(1.,0.,0.));
#2259=DIRECTION('center_axis',(0.,1.,-2.22044604925031E-016));
#2260=DIRECTION('ref_axis',(1.,0.,0.));
#2261=DIRECTION('center_axis',(0.,-1.,2.22044604925031E-016));
#2262=DIRECTION('ref_axis',(1.,0.,0.));
#2263=DIRECTION('center_axis',(0.,1.,-2.22044604925031E-016));
#2264=DIRECTION('ref_axis',(-1.,0.,0.));
#2265=DIRECTION('center_axis',(0.,-1.,2.22044604925031E-016));
#2266=DIRECTION('ref_axis',(1.,0.,0.));
#2267=DIRECTION('center_axis',(0.,-1.,2.22044604925031E-016));
#2268=DIRECTION('ref_axis',(1.,0.,0.));
#2269=DIRECTION('center_axis',(0.,1.,-2.22044604925031E-016));
#2270=DIRECTION('ref_axis',(1.,0.,0.));
#2271=DIRECTION('center_axis',(0.,-1.,2.22044604925031E-016));
#2272=DIRECTION('ref_axis',(1.,0.,0.));
#2273=DIRECTION('center_axis',(0.,1.,-2.22044604925031E-016));
#2274=DIRECTION('ref_axis',(-1.,0.,0.));
#2275=DIRECTION('center_axis',(0.,-1.,2.22044604925031E-016));
#2276=DIRECTION('ref_axis',(1.,0.,0.));
#2277=DIRECTION('center_axis',(0.,-1.,2.22044604925031E-016));
#2278=DIRECTION('ref_axis',(1.,0.,0.));
#2279=DIRECTION('center_axis',(0.,1.,-2.22044604925031E-016));
#2280=DIRECTION('ref_axis',(1.,0.,0.));
#2281=DIRECTION('center_axis',(0.,-1.,2.22044604925031E-016));
#2282=DIRECTION('ref_axis',(1.,0.,0.));
#2283=DIRECTION('center_axis',(0.,1.,-2.22044604925031E-016));
#2284=DIRECTION('ref_axis',(-1.,0.,0.));
#2285=DIRECTION('center_axis',(0.,-1.,2.22044604925031E-016));
#2286=DIRECTION('ref_axis',(1.,0.,0.));
#2287=DIRECTION('center_axis',(0.,-1.,2.22044604925031E-016));
#2288=DIRECTION('ref_axis',(1.,0.,0.));
#2289=DIRECTION('center_axis',(0.,1.,-2.22044604925031E-016));
#2290=DIRECTION('ref_axis',(1.,0.,0.));
#2291=DIRECTION('center_axis',(0.,-1.,2.22044604925031E-016));
#2292=DIRECTION('ref_axis',(1.,0.,0.));
#2293=DIRECTION('center_axis',(0.,1.,-2.22044604925031E-016));
#2294=DIRECTION('ref_axis',(-1.,0.,0.));
#2295=DIRECTION('center_axis',(0.,-1.,2.22044604925031E-016));
#2296=DIRECTION('ref_axis',(1.,0.,0.));
#2297=DIRECTION('center_axis',(0.,0.,1.));
#2298=DIRECTION('ref_axis',(1.,0.,0.));
#2299=DIRECTION('center_axis',(0.,0.,-1.));
#2300=DIRECTION('ref_axis',(1.,0.,0.));
#2301=DIRECTION('center_axis',(0.,0.,1.));
#2302=DIRECTION('ref_axis',(1.,0.,0.));
#2303=DIRECTION('center_axis',(0.,0.,-1.));
#2304=DIRECTION('ref_axis',(-1.,0.,0.));
#2305=DIRECTION('center_axis',(0.,0.,1.));
#2306=DIRECTION('ref_axis',(1.,0.,0.));
#2307=DIRECTION('center_axis',(0.,0.,1.));
#2308=DIRECTION('ref_axis',(1.,0.,0.));
#2309=DIRECTION('center_axis',(0.,0.,-1.));
#2310=DIRECTION('ref_axis',(1.,0.,0.));
#2311=DIRECTION('center_axis',(0.,0.,1.));
#2312=DIRECTION('ref_axis',(1.,0.,0.));
#2313=DIRECTION('center_axis',(0.,0.,-1.));
#2314=DIRECTION('ref_axis',(-1.,0.,0.));
#2315=DIRECTION('center_axis',(0.,0.,1.));
#2316=DIRECTION('ref_axis',(1.,0.,0.));
#2317=DIRECTION('center_axis',(1.,0.,2.22044604925031E-016));
#2318=DIRECTION('ref_axis',(2.22044604925031E-016,0.,-1.));
#2319=DIRECTION('center_axis',(-1.,0.,-2.22044604925031E-016));
#2320=DIRECTION('ref_axis',(2.22044604925031E-016,0.,-1.));
#2321=DIRECTION('center_axis',(1.,0.,2.22044604925031E-016));
#2322=DIRECTION('ref_axis',(2.22044604925031E-016,0.,-1.));
#2323=DIRECTION('center_axis',(-1.,0.,-2.22044604925031E-016));
#2324=DIRECTION('ref_axis',(0.,0.,1.));
#2325=DIRECTION('center_axis',(1.,0.,2.22044604925031E-016));
#2326=DIRECTION('ref_axis',(0.,0.,-1.));
#2327=DIRECTION('center_axis',(1.,0.,2.22044604925031E-016));
#2328=DIRECTION('ref_axis',(2.22044604925031E-016,0.,-1.));
#2329=DIRECTION('center_axis',(-1.,0.,-2.22044604925031E-016));
#2330=DIRECTION('ref_axis',(2.22044604925031E-016,0.,-1.));
#2331=DIRECTION('center_axis',(1.,0.,2.22044604925031E-016));
#2332=DIRECTION('ref_axis',(2.22044604925031E-016,0.,-1.));
#2333=DIRECTION('center_axis',(-1.,0.,-2.22044604925031E-016));
#2334=DIRECTION('ref_axis',(0.,0.,1.));
#2335=DIRECTION('center_axis',(1.,0.,2.22044604925031E-016));
#2336=DIRECTION('ref_axis',(0.,0.,-1.));
#2337=DIRECTION('center_axis',(0.,0.,1.));
#2338=DIRECTION('ref_axis',(1.,0.,0.));
#2339=DIRECTION('center_axis',(0.,0.,-1.));
#2340=DIRECTION('ref_axis',(1.,0.,0.));
#2341=DIRECTION('center_axis',(0.,0.,1.));
#2342=DIRECTION('ref_axis',(1.,0.,0.));
#2343=DIRECTION('center_axis',(0.,0.,-1.));
#2344=DIRECTION('ref_axis',(-1.,0.,0.));
#2345=DIRECTION('center_axis',(0.,0.,1.));
#2346=DIRECTION('ref_axis',(1.,0.,0.));
#2347=DIRECTION('center_axis',(1.,0.,2.22044604925031E-016));
#2348=DIRECTION('ref_axis',(2.22044604925031E-016,0.,-1.));
#2349=DIRECTION('center_axis',(-1.,0.,-2.22044604925031E-016));
#2350=DIRECTION('ref_axis',(2.22044604925031E-016,0.,-1.));
#2351=DIRECTION('center_axis',(1.,0.,2.22044604925031E-016));
#2352=DIRECTION('ref_axis',(2.22044604925031E-016,0.,-1.));
#2353=DIRECTION('center_axis',(-1.,0.,-2.22044604925031E-016));
#2354=DIRECTION('ref_axis',(0.,0.,1.));
#2355=DIRECTION('center_axis',(1.,0.,2.22044604925031E-016));
#2356=DIRECTION('ref_axis',(0.,0.,-1.));
#2357=DIRECTION('center_axis',(0.,0.,1.));
#2358=DIRECTION('ref_axis',(1.,0.,0.));
#2359=DIRECTION('center_axis',(0.,0.,-1.));
#2360=DIRECTION('ref_axis',(1.,0.,0.));
#2361=DIRECTION('center_axis',(0.,0.,1.));
#2362=DIRECTION('ref_axis',(1.,0.,0.));
#2363=DIRECTION('center_axis',(0.,0.,-1.));
#2364=DIRECTION('ref_axis',(-1.,0.,0.));
#2365=DIRECTION('center_axis',(0.,0.,1.));
#2366=DIRECTION('ref_axis',(1.,0.,0.));
#2367=DIRECTION('center_axis',(0.,-5.66553889764798E-016,-1.));
#2368=DIRECTION('ref_axis',(-1.08935685069179E-016,-1.,5.14491844562171E-016));
#2369=DIRECTION('center_axis',(0.,6.2788412486056E-016,1.));
#2370=DIRECTION('ref_axis',(-1.08935685069179E-016,-1.,6.2788412486056E-016));
#2371=DIRECTION('center_axis',(0.,5.66553889764798E-016,1.));
#2372=DIRECTION('ref_axis',(-1.08935685069179E-016,-1.,5.14491844562171E-016));
#2373=DIRECTION('center_axis',(0.,-6.2788412486056E-016,-1.));
#2374=DIRECTION('ref_axis',(1.08935685069179E-016,1.,-6.2788412486056E-016));
#2375=DIRECTION('center_axis',(0.,6.2788412486056E-016,1.));
#2376=DIRECTION('ref_axis',(-1.08935685069179E-016,-1.,6.2788412486056E-016));
#2377=DIRECTION('center_axis',(0.,-6.2788412486056E-016,-1.));
#2378=DIRECTION('ref_axis',(1.08935685069179E-016,1.,-6.2788412486056E-016));
#2379=DIRECTION('center_axis',(0.,6.2788412486056E-016,1.));
#2380=DIRECTION('ref_axis',(-1.08935685069179E-016,-1.,6.2788412486056E-016));
#2381=DIRECTION('center_axis',(0.,6.2788412486056E-016,1.));
#2382=DIRECTION('ref_axis',(-1.08935685069179E-016,-1.,6.2788412486056E-016));
#2383=DIRECTION('center_axis',(0.,-6.2788412486056E-016,-1.));
#2384=DIRECTION('ref_axis',(1.08935685069179E-016,1.,-6.2788412486056E-016));
#2385=DIRECTION('center_axis',(0.,-6.2788412486056E-016,-1.));
#2386=DIRECTION('ref_axis',(1.08935685069179E-016,1.,-6.2788412486056E-016));
#2387=DIRECTION('center_axis',(0.,6.2788412486056E-016,1.));
#2388=DIRECTION('ref_axis',(-1.08935685069179E-016,-1.,6.2788412486056E-016));
#2389=DIRECTION('center_axis',(0.,-6.2788412486056E-016,-1.));
#2390=DIRECTION('ref_axis',(1.08935685069179E-016,1.,-6.2788412486056E-016));
#2391=DIRECTION('center_axis',(0.,6.2788412486056E-016,1.));
#2392=DIRECTION('ref_axis',(-1.08935685069179E-016,-1.,6.2788412486056E-016));
#2393=DIRECTION('center_axis',(0.,-6.2788412486056E-016,-1.));
#2394=DIRECTION('ref_axis',(0.,1.,-6.10622663543836E-016));
#2395=DIRECTION('center_axis',(0.,6.2788412486056E-016,1.));
#2396=DIRECTION('ref_axis',(0.,-1.,6.66133814775094E-016));
#2397=DIRECTION('center_axis',(1.,-1.22464679914735E-016,6.93828407644942E-032));
#2398=DIRECTION('ref_axis',(0.,0.,1.));
#2399=DIRECTION($,(-1.22464679914735E-016,-1.,5.66553889764798E-016));
#2400=DIRECTION($,(0.,5.66553889764798E-016,1.));
#2401=DIRECTION($,(-1.22464679914735E-016,-1.,5.66553889764798E-016));
#2402=DIRECTION('center_axis',(0.,5.66553889764798E-016,1.));
#2403=DIRECTION('ref_axis',(-1.,0.,0.));
#2404=DIRECTION($,(1.,-1.22464679914735E-016,6.93828407644942E-032));
#2405=DIRECTION($,(1.22464679914735E-016,1.,-5.66553889764798E-016));
#2406=DIRECTION($,(-1.,1.22464679914735E-016,-6.93828407644942E-032));
#2407=DIRECTION($,(1.22464679914735E-016,1.,-5.66553889764798E-016));
#2408=DIRECTION($,(1.,-1.22464679914735E-016,6.93828407644942E-032));
#2409=DIRECTION($,(1.22464679914735E-016,1.,-5.66553889764798E-016));
#2410=DIRECTION($,(1.,-1.22464679914735E-016,6.93828407644942E-032));
#2411=DIRECTION('center_axis',(0.,-5.66553889764798E-016,-1.));
#2412=DIRECTION('ref_axis',(-0.707106781186547,0.707106781186548,-4.00614097360304E-016));
#2413=DIRECTION('center_axis',(-1.,1.22464679914735E-016,-6.93828407644942E-032));
#2414=DIRECTION('ref_axis',(0.,0.,-1.));
#2415=DIRECTION($,(1.22464679914735E-016,1.,-5.66553889764798E-016));
#2416=DIRECTION($,(0.,-5.66553889764798E-016,-1.));
#2417=DIRECTION($,(1.22464679914735E-016,1.,-5.66553889764798E-016));
#2418=DIRECTION('center_axis',(0.,5.66553889764798E-016,1.));
#2419=DIRECTION('ref_axis',(-1.,0.,0.));
#2420=DIRECTION('center_axis',(0.,5.66553889764798E-016,1.));
#2421=DIRECTION('ref_axis',(-0.707106781186547,0.707106781186548,-4.00614097360304E-016));
#2422=DIRECTION($,(-1.,1.22464679914735E-016,-6.93828407644942E-032));
#2423=DIRECTION('center_axis',(0.,5.66553889764798E-016,1.));
#2424=DIRECTION('ref_axis',(0.707106781186548,0.707106781186547,-4.00614097360304E-016));
#2425=DIRECTION('center_axis',(0.,-5.66553889764798E-016,-1.));
#2426=DIRECTION('ref_axis',(-1.08935685069179E-016,-1.,5.14491844562171E-016));
#2427=DIRECTION($,(1.,-1.22464679914735E-016,6.93828407644942E-032));
#2428=DIRECTION($,(-1.,1.22464679914735E-016,-6.93828407644942E-032));
#2429=DIRECTION($,(-1.22464679914735E-016,-1.,5.66553889764798E-016));
#2430=DIRECTION($,(1.,-1.22464679914735E-016,6.93828407644942E-032));
#2431=DIRECTION($,(1.22464679914735E-016,1.,-5.66553889764798E-016));
#2432=DIRECTION('center_axis',(1.59516222554999E-038,5.39325965572205E-016,
1.));
#2433=DIRECTION('ref_axis',(-1.2912087610584E-022,1.,-6.33580073480508E-016));
#2434=DIRECTION($,(1.59516222554999E-038,5.39325965572205E-016,1.));
#2435=DIRECTION('center_axis',(0.,-5.66553889764798E-016,-1.));
#2436=DIRECTION('ref_axis',(-1.2912087610584E-022,1.,-6.33580073480508E-016));
#2437=DIRECTION($,(-1.59516222554999E-038,-5.39325965572205E-016,-1.));
#2438=DIRECTION('center_axis',(0.,6.33580073480508E-016,1.));
#2439=DIRECTION('ref_axis',(-1.2912087610584E-022,1.,-6.33580073480508E-016));
#2440=DIRECTION('center_axis',(1.59516222554999E-038,5.39325965572205E-016,
1.));
#2441=DIRECTION('ref_axis',(-1.2912087610584E-022,1.,-6.33580073480508E-016));
#2442=DIRECTION($,(1.59516222554999E-038,5.39325965572205E-016,1.));
#2443=DIRECTION('center_axis',(0.,-5.66553889764798E-016,-1.));
#2444=DIRECTION('ref_axis',(-1.2912087610584E-022,1.,-6.33580073480508E-016));
#2445=DIRECTION($,(-1.59516222554999E-038,-5.39325965572205E-016,-1.));
#2446=DIRECTION('center_axis',(0.,6.33580073480508E-016,1.));
#2447=DIRECTION('ref_axis',(-1.2912087610584E-022,1.,-6.33580073480508E-016));
#2448=DIRECTION('center_axis',(1.59516222554999E-038,5.39325965572205E-016,
1.));
#2449=DIRECTION('ref_axis',(-1.2912087610584E-022,1.,-6.33580073480508E-016));
#2450=DIRECTION($,(-1.59516222554999E-038,-5.39325965572205E-016,-1.));
#2451=DIRECTION('center_axis',(0.,6.33580073480508E-016,1.));
#2452=DIRECTION('ref_axis',(-1.2912087610584E-022,1.,-6.33580073480508E-016));
#2453=DIRECTION($,(1.59516222554999E-038,5.39325965572205E-016,1.));
#2454=DIRECTION('center_axis',(0.,-5.66553889764798E-016,-1.));
#2455=DIRECTION('ref_axis',(-1.2912087610584E-022,1.,-6.33580073480508E-016));
#2456=DIRECTION('center_axis',(1.59516222554999E-038,5.39325965572205E-016,
1.));
#2457=DIRECTION('ref_axis',(-1.2912087610584E-022,1.,-6.33580073480508E-016));
#2458=DIRECTION($,(-1.59516222554999E-038,-5.39325965572205E-016,-1.));
#2459=DIRECTION('center_axis',(0.,6.33580073480508E-016,1.));
#2460=DIRECTION('ref_axis',(-1.2912087610584E-022,1.,-6.33580073480508E-016));
#2461=DIRECTION($,(1.59516222554999E-038,5.39325965572205E-016,1.));
#2462=DIRECTION('center_axis',(0.,-5.66553889764798E-016,-1.));
#2463=DIRECTION('ref_axis',(-1.2912087610584E-022,1.,-6.33580073480508E-016));
#2464=DIRECTION('center_axis',(0.,5.83392821217645E-016,1.));
#2465=DIRECTION('ref_axis',(0.,1.,-5.83392821217645E-016));
#2466=DIRECTION('center_axis',(0.,-5.66553889764798E-016,-1.));
#2467=DIRECTION('ref_axis',(0.,1.,-5.83392821217645E-016));
#2468=DIRECTION('center_axis',(3.61348216292612E-016,2.22044604925031E-016,
1.));
#2469=DIRECTION('ref_axis',(1.,2.32897705396752E-016,-3.61348216292613E-016));
#2470=DIRECTION('center_axis',(0.,-5.66553889764798E-016,-1.));
#2471=DIRECTION('ref_axis',(1.,2.32897705396752E-016,-3.61348216292613E-016));
#2472=DIRECTION('center_axis',(0.,5.66553889764798E-016,1.));
#2473=DIRECTION('ref_axis',(-1.,0.,0.));
#2474=DIRECTION('center_axis',(0.,-5.66553889764798E-016,-1.));
#2475=DIRECTION('ref_axis',(-1.,2.22044600890004E-016,-3.61348247020184E-016));
#2476=DIRECTION('center_axis',(0.,5.66553889764798E-016,1.));
#2477=DIRECTION('ref_axis',(-7.35271655602691E-023,1.,-6.33580108475796E-016));
#2478=DIRECTION('center_axis',(0.,-5.66553889764798E-016,-1.));
#2479=DIRECTION('ref_axis',(-4.03502737830745E-024,1.,-5.83392851945215E-016));
#2480=DIRECTION('center_axis',(0.,5.66553889764798E-016,1.));
#2481=DIRECTION('ref_axis',(-7.35271655602691E-023,1.,-6.33580108475796E-016));
#2482=DIRECTION('center_axis',(0.,-5.66553889764798E-016,-1.));
#2483=DIRECTION('ref_axis',(-1.,2.22044600890004E-016,-3.61348247020184E-016));
#2484=DIRECTION('center_axis',(0.,5.66553889764798E-016,1.));
#2485=DIRECTION('ref_axis',(-7.35271655602691E-023,1.,-6.33580108475796E-016));
#2486=DIRECTION('center_axis',(0.,-5.66553889764798E-016,-1.));
#2487=DIRECTION('ref_axis',(-4.03502737830745E-024,1.,-5.83392851945215E-016));
#2488=DIRECTION('center_axis',(0.,5.66553889764798E-016,1.));
#2489=DIRECTION('ref_axis',(-7.35271655602691E-023,1.,-6.33580108475796E-016));
#2490=DIRECTION($,(1.,-1.22464679914735E-016,6.93828407644942E-032));
#2491=DIRECTION($,(-1.22464679914735E-016,-1.,5.66553889764798E-016));
#2492=DIRECTION($,(1.,-1.22464679914735E-016,6.93828407644942E-032));
#2493=DIRECTION($,(1.22464679914735E-016,1.,-5.66553889764798E-016));
#2494=DIRECTION('center_axis',(0.,-5.66553889764798E-016,-1.));
#2495=DIRECTION('ref_axis',(0.,1.,-5.83392821217645E-016));
#2496=DIRECTION('center_axis',(0.,-5.66553889764798E-016,-1.));
#2497=DIRECTION('ref_axis',(1.,2.32897705396752E-016,-3.61348216292613E-016));
#2498=DIRECTION($,(-3.28455024535315E-016,2.22044604925031E-016,1.));
#2499=DIRECTION($,(3.28455024535315E-016,-2.22044604925031E-016,-1.));
#2500=DIRECTION('center_axis',(-3.61348247020184E-016,2.22044604925031E-016,
1.));
#2501=DIRECTION('ref_axis',(-1.,2.22044600890004E-016,-3.61348247020184E-016));
#2502=DIRECTION($,(3.28455024535315E-016,-2.22044604925031E-016,-1.));
#2503=DIRECTION('center_axis',(-3.61348247020184E-016,2.22044604925031E-016,
1.));
#2504=DIRECTION('ref_axis',(-1.,2.22044600890004E-016,-3.61348247020184E-016));
#2505=DIRECTION($,(-3.28455024535315E-016,2.22044604925031E-016,1.));
#2506=DIRECTION('center_axis',(-9.14572254317917E-055,5.10444138663357E-016,
1.));
#2507=DIRECTION('ref_axis',(-7.35271655602691E-023,1.,-6.33580108475796E-016));
#2508=DIRECTION('center_axis',(0.,6.33580108475796E-016,1.));
#2509=DIRECTION('ref_axis',(-7.35271655602691E-023,1.,-6.33580108475796E-016));
#2510=DIRECTION($,(0.,-5.50499629460346E-016,-1.));
#2511=DIRECTION('center_axis',(-9.14572254317917E-055,5.10444138663357E-016,
1.));
#2512=DIRECTION('ref_axis',(-7.35271655602691E-023,1.,-6.33580108475796E-016));
#2513=DIRECTION($,(0.,5.50499629460346E-016,1.));
#2514=DIRECTION('center_axis',(0.,6.33580108475796E-016,1.));
#2515=DIRECTION('ref_axis',(-7.35271655602691E-023,1.,-6.33580108475796E-016));
#2516=DIRECTION('center_axis',(0.,5.83392821217645E-016,1.));
#2517=DIRECTION('ref_axis',(0.,1.,-5.83392821217645E-016));
#2518=DIRECTION('center_axis',(3.61348216292612E-016,2.22044604925031E-016,
1.));
#2519=DIRECTION('ref_axis',(1.,2.32897705396752E-016,-3.61348216292613E-016));
#2520=DIRECTION('center_axis',(3.61348216292612E-016,2.22044604925031E-016,
1.));
#2521=DIRECTION('ref_axis',(0.,-1.,2.22044604925031E-016));
#2522=DIRECTION($,(0.,5.50499629460346E-016,1.));
#2523=DIRECTION($,(0.,-5.50499629460346E-016,-1.));
#2524=DIRECTION('center_axis',(0.,5.83392851945215E-016,1.));
#2525=DIRECTION('ref_axis',(-4.03502737830745E-024,1.,-5.83392851945215E-016));
#2526=DIRECTION('center_axis',(0.,5.83392851945215E-016,1.));
#2527=DIRECTION('ref_axis',(-4.03502737830745E-024,1.,-5.83392851945215E-016));
#2528=DIRECTION('center_axis',(-9.14572254317917E-055,5.10444138663357E-016,
1.));
#2529=DIRECTION('ref_axis',(-7.35271655602691E-023,1.,-6.33580108475796E-016));
#2530=DIRECTION('center_axis',(0.,6.33580108475796E-016,1.));
#2531=DIRECTION('ref_axis',(-7.35271655602691E-023,1.,-6.33580108475796E-016));
#2532=DIRECTION('center_axis',(-1.,1.22464679914735E-016,-6.93828407644942E-032));
#2533=DIRECTION('ref_axis',(0.,0.,-1.));
#2534=DIRECTION($,(0.,5.66553889764798E-016,1.));
#2535=DIRECTION($,(-1.22464679914735E-016,-1.,5.66553889764798E-016));
#2536=DIRECTION($,(0.,-5.66553889764798E-016,-1.));
#2537=DIRECTION('center_axis',(-1.22464679914735E-016,-1.,5.66553889764798E-016));
#2538=DIRECTION('ref_axis',(0.,0.,1.));
#2539=DIRECTION($,(1.,-1.22464679914735E-016,6.93828407644942E-032));
#2540=DIRECTION($,(0.,5.66553889764798E-016,1.));
#2541=DIRECTION($,(0.,-5.66553889764798E-016,-1.));
#2542=DIRECTION($,(0.,5.66553889764798E-016,1.));
#2543=DIRECTION('center_axis',(1.,-1.22464679914735E-016,6.93828407644942E-032));
#2544=DIRECTION('ref_axis',(0.,0.,1.));
#2545=DIRECTION($,(0.,-5.66553889764798E-016,-1.));
#2546=DIRECTION('center_axis',(1.,-1.22464679914735E-016,6.93828407644942E-032));
#2547=DIRECTION('ref_axis',(0.,0.,1.));
#2548=DIRECTION($,(0.,5.66553889764798E-016,1.));
#2549=DIRECTION($,(1.22464679914735E-016,1.,-5.66553889764798E-016));
#2550=DIRECTION($,(0.,-5.66553889764798E-016,-1.));
#2551=DIRECTION($,(1.22464679914735E-016,1.,-5.66553889764798E-016));
#2552=DIRECTION('center_axis',(1.,-1.22464679914735E-016,6.93828407644942E-032));
#2553=DIRECTION('ref_axis',(0.,0.,1.));
#2554=DIRECTION($,(0.,-5.66553889764798E-016,-1.));
#2555=DIRECTION('center_axis',(0.,5.66553889764798E-016,1.));
#2556=DIRECTION('ref_axis',(-1.,0.,0.));
#2557=DIRECTION('center_axis',(0.,-5.66553889764798E-016,-1.));
#2558=DIRECTION('ref_axis',(0.707106781186548,0.707106781186547,-4.00614097360304E-016));
#2559=DIRECTION($,(1.,-1.22464679914735E-016,6.93828407644942E-032));
#2560=DIRECTION($,(-1.22464679914735E-016,-1.,5.66553889764798E-016));
#2561=DIRECTION($,(-1.,1.22464679914735E-016,-6.93828407644942E-032));
#2562=DIRECTION($,(-1.22464679914735E-016,-1.,5.66553889764798E-016));
#2563=DIRECTION($,(1.,-1.22464679914735E-016,6.93828407644942E-032));
#2564=DIRECTION('center_axis',(0.,5.66553889764798E-016,1.));
#2565=DIRECTION('ref_axis',(-1.08935685069179E-016,-1.,5.14491844562171E-016));
#2566=DIRECTION('center_axis',(0.,5.66553889764798E-016,1.));
#2567=DIRECTION('ref_axis',(-1.,0.,0.));
#2568=DIRECTION($,(-1.,1.22464679914735E-016,-6.93828407644942E-032));
#2569=DIRECTION($,(1.,-1.22464679914735E-016,6.93828407644942E-032));
#2570=DIRECTION($,(-1.22464679914735E-016,-1.,5.66553889764798E-016));
#2571=DIRECTION('center_axis',(-1.,1.22464679914735E-016,-6.93828407644942E-032));
#2572=DIRECTION('ref_axis',(0.,0.,-1.));
#2573=DIRECTION($,(0.,-5.66553889764798E-016,-1.));
#2574=DIRECTION($,(0.,5.66553889764798E-016,1.));
#2575=DIRECTION($,(-1.22464679914735E-016,-1.,5.66553889764798E-016));
#2576=DIRECTION('center_axis',(-1.,1.22464679914735E-016,-6.93828407644942E-032));
#2577=DIRECTION('ref_axis',(0.,0.,-1.));
#2578=DIRECTION($,(0.,5.66553889764798E-016,1.));
#2579=DIRECTION('center_axis',(1.22464679914735E-016,1.,-5.66553889764798E-016));
#2580=DIRECTION('ref_axis',(0.,0.,-1.));
#2581=DIRECTION($,(0.,5.66553889764798E-016,1.));
#2582=DIRECTION($,(-1.,1.22464679914735E-016,-6.93828407644942E-032));
#2583=DIRECTION($,(-1.,1.22464679914735E-016,-6.93828407644942E-032));
#2584=DIRECTION($,(0.,-5.66553889764798E-016,-1.));
#2585=DIRECTION('center_axis',(0.,5.66553889764798E-016,1.));
#2586=DIRECTION('ref_axis',(-1.,0.,0.));
#2587=DIRECTION($,(1.22464679914735E-016,1.,-5.66553889764798E-016));
#2588=DIRECTION($,(-1.,1.22464679914735E-016,-6.93828407644942E-032));
#2589=DIRECTION('center_axis',(-1.,1.22464679914735E-016,-6.93828407644942E-032));
#2590=DIRECTION('ref_axis',(0.,0.,-1.));
#2591=DIRECTION($,(-1.22464679914735E-016,-1.,5.66553889764798E-016));
#2592=DIRECTION($,(0.,5.66553889764798E-016,1.));
#2593=DIRECTION('center_axis',(-1.22464679914735E-016,-1.,5.66553889764798E-016));
#2594=DIRECTION('ref_axis',(0.,0.,1.));
#2595=DIRECTION($,(0.,5.66553889764798E-016,1.));
#2596=DIRECTION($,(0.,-5.66553889764798E-016,-1.));
#2597=DIRECTION('center_axis',(0.,5.66553889764798E-016,1.));
#2598=DIRECTION('ref_axis',(-1.,0.,0.));
#2599=DIRECTION($,(-1.,1.22464679914735E-016,-6.93828407644942E-032));
#2600=DIRECTION('center_axis',(0.,-5.66553889764798E-016,-1.));
#2601=DIRECTION('ref_axis',(0.707106781186548,0.707106781186547,-4.00614097360304E-016));
#2602=DIRECTION('center_axis',(0.,-5.66553889764798E-016,-1.));
#2603=DIRECTION('ref_axis',(-0.707106781186547,0.707106781186548,-4.00614097360304E-016));
#2604=DIRECTION('center_axis',(1.,-1.22464679914735E-016,6.93828407644942E-032));
#2605=DIRECTION('ref_axis',(0.,0.,1.));
#2606=DIRECTION($,(0.,-5.66553889764798E-016,-1.));
#2607=DIRECTION('center_axis',(1.22464679914735E-016,1.,-5.66553889764798E-016));
#2608=DIRECTION('ref_axis',(0.,0.,-1.));
#2609=DIRECTION('center_axis',(-9.14572254317917E-055,5.10444138663357E-016,
1.));
#2610=DIRECTION('ref_axis',(-7.35271655602691E-023,1.,-6.33580108475796E-016));
#2611=DIRECTION('center_axis',(0.,6.33580108475796E-016,1.));
#2612=DIRECTION('ref_axis',(-7.35271655602691E-023,1.,-6.33580108475796E-016));
#2613=DIRECTION('center_axis',(0.,6.33580108475796E-016,1.));
#2614=DIRECTION('ref_axis',(0.,-1.,6.66133814775094E-016));
#2615=DIRECTION('center_axis',(0.,-6.2788412486056E-016,-1.));
#2616=DIRECTION('ref_axis',(1.08935685069179E-016,1.,-6.2788412486056E-016));
#2617=DIRECTION('center_axis',(0.,6.2788412486056E-016,1.));
#2618=DIRECTION('ref_axis',(-1.08935685069179E-016,-1.,6.2788412486056E-016));
#2619=DIRECTION('center_axis',(0.,6.2788412486056E-016,1.));
#2620=DIRECTION('ref_axis',(-1.08935685069179E-016,-1.,6.2788412486056E-016));
#2621=DIRECTION('center_axis',(0.,-6.2788412486056E-016,-1.));
#2622=DIRECTION('ref_axis',(1.08935685069179E-016,1.,-6.2788412486056E-016));
#2623=DIRECTION('center_axis',(0.,6.2788412486056E-016,1.));
#2624=DIRECTION('ref_axis',(-1.08935685069179E-016,-1.,6.2788412486056E-016));
#2625=DIRECTION('center_axis',(0.,6.2788412486056E-016,1.));
#2626=DIRECTION('ref_axis',(-1.08935685069179E-016,-1.,6.2788412486056E-016));
#2627=DIRECTION('center_axis',(0.,-6.2788412486056E-016,-1.));
#2628=DIRECTION('ref_axis',(1.08935685069179E-016,1.,-6.2788412486056E-016));
#2629=DIRECTION('center_axis',(0.,-6.2788412486056E-016,-1.));
#2630=DIRECTION('ref_axis',(1.08935685069179E-016,1.,-6.2788412486056E-016));
#2631=DIRECTION('center_axis',(0.,6.2788412486056E-016,1.));
#2632=DIRECTION('ref_axis',(-1.08935685069179E-016,-1.,6.2788412486056E-016));
#2633=DIRECTION('center_axis',(0.,6.2788412486056E-016,1.));
#2634=DIRECTION('ref_axis',(-1.08935685069179E-016,-1.,6.2788412486056E-016));
#2635=DIRECTION('center_axis',(0.,-6.2788412486056E-016,-1.));
#2636=DIRECTION('ref_axis',(1.08935685069179E-016,1.,-6.2788412486056E-016));
#2637=DIRECTION('center_axis',(0.,-6.2788412486056E-016,-1.));
#2638=DIRECTION('ref_axis',(0.,1.,-6.10622663543836E-016));
#2639=DIRECTION('center_axis',(0.,6.2788412486056E-016,1.));
#2640=DIRECTION('ref_axis',(0.,-1.,6.66133814775094E-016));
#2641=DIRECTION('center_axis',(1.,0.,2.22044604925031E-016));
#2642=DIRECTION('ref_axis',(2.22044604925031E-016,0.,-1.));
#2643=DIRECTION('center_axis',(-1.,0.,-2.22044604925031E-016));
#2644=DIRECTION('ref_axis',(2.22044604925031E-016,0.,-1.));
#2645=DIRECTION('center_axis',(1.,0.,2.22044604925031E-016));
#2646=DIRECTION('ref_axis',(2.22044604925031E-016,0.,-1.));
#2647=DIRECTION('center_axis',(-1.,0.,-2.22044604925031E-016));
#2648=DIRECTION('ref_axis',(0.,0.,1.));
#2649=DIRECTION('center_axis',(1.,0.,2.22044604925031E-016));
#2650=DIRECTION('ref_axis',(0.,0.,-1.));
#2651=CARTESIAN_POINT('',(0.,0.,0.));
#2652=CARTESIAN_POINT('Origin',(-18.48,16.99,1.9462923504881));
#2653=CARTESIAN_POINT('',(-18.6,33.37,1.9462923504881));
#2654=CARTESIAN_POINT('Origin',(-18.48,33.37,1.9462923504881));
#2655=CARTESIAN_POINT('',(-18.6,17.24,1.9462923504881));
#2656=CARTESIAN_POINT('Origin',(-18.48,17.24,1.9462923504881));
#2657=CARTESIAN_POINT('Origin',(-18.48,33.37,1.9462923504881));
#2658=CARTESIAN_POINT('Origin',(-18.48,17.24,1.9462923504881));
#2659=CARTESIAN_POINT('Origin',(-17.19,16.99,1.9462923504881));
#2660=CARTESIAN_POINT('',(-17.31,33.37,1.9462923504881));
#2661=CARTESIAN_POINT('Origin',(-17.19,33.37,1.9462923504881));
#2662=CARTESIAN_POINT('',(-17.31,17.24,1.9462923504881));
#2663=CARTESIAN_POINT('Origin',(-17.19,17.24,1.9462923504881));
#2664=CARTESIAN_POINT('Origin',(-17.19,33.37,1.9462923504881));
#2665=CARTESIAN_POINT('Origin',(-17.19,17.24,1.9462923504881));
#2666=CARTESIAN_POINT('Origin',(-18.48,16.99,0.706292350488105));
#2667=CARTESIAN_POINT('',(-18.6,33.37,0.706292350488101));
#2668=CARTESIAN_POINT('Origin',(-18.48,33.37,0.706292350488101));
#2669=CARTESIAN_POINT('',(-18.6,17.24,0.706292350488105));
#2670=CARTESIAN_POINT('Origin',(-18.48,17.24,0.706292350488105));
#2671=CARTESIAN_POINT('Origin',(-18.48,33.37,0.706292350488101));
#2672=CARTESIAN_POINT('Origin',(-18.48,17.24,0.706292350488104));
#2673=CARTESIAN_POINT('Origin',(-17.19,16.99,0.706292350488105));
#2674=CARTESIAN_POINT('',(-17.31,33.37,0.706292350488101));
#2675=CARTESIAN_POINT('Origin',(-17.19,33.37,0.706292350488101));
#2676=CARTESIAN_POINT('',(-17.31,17.24,0.706292350488105));
#2677=CARTESIAN_POINT('Origin',(-17.19,17.24,0.706292350488105));
#2678=CARTESIAN_POINT('Origin',(-17.19,33.37,0.706292350488101));
#2679=CARTESIAN_POINT('Origin',(-17.19,17.24,0.706292350488104));
#2680=CARTESIAN_POINT('Origin',(-17.19,33.35,1.3162923504881));
#2681=CARTESIAN_POINT('',(-17.31,33.35,0.576292350488105));
#2682=CARTESIAN_POINT('Origin',(-17.19,33.35,0.576292350488105));
#2683=CARTESIAN_POINT('',(-17.31,33.35,2.0762923504881));
#2684=CARTESIAN_POINT('Origin',(-17.19,33.35,2.0762923504881));
#2685=CARTESIAN_POINT('Origin',(-17.19,33.35,0.576292350488105));
#2686=CARTESIAN_POINT('Origin',(-17.19,33.35,2.0762923504881));
#2687=CARTESIAN_POINT('Origin',(-18.48,33.35,1.3162923504881));
#2688=CARTESIAN_POINT('',(-18.6,33.35,0.576292350488105));
#2689=CARTESIAN_POINT('Origin',(-18.48,33.35,0.576292350488105));
#2690=CARTESIAN_POINT('',(-18.6,33.35,2.0762923504881));
#2691=CARTESIAN_POINT('Origin',(-18.48,33.35,2.0762923504881));
#2692=CARTESIAN_POINT('Origin',(-18.48,33.35,0.576292350488105));
#2693=CARTESIAN_POINT('Origin',(-18.48,33.35,2.0762923504881));
#2694=CARTESIAN_POINT('Origin',(-17.84,33.35,1.9562923504881));
#2695=CARTESIAN_POINT('',(-18.48,33.35,2.0762923504881));
#2696=CARTESIAN_POINT('Origin',(-18.48,33.35,1.9562923504881));
#2697=CARTESIAN_POINT('',(-17.21,33.35,2.0762923504881));
#2698=CARTESIAN_POINT('Origin',(-17.21,33.35,1.9562923504881));
#2699=CARTESIAN_POINT('Origin',(-18.48,33.35,1.9562923504881));
#2700=CARTESIAN_POINT('Origin',(-17.21,33.35,1.9562923504881));
#2701=CARTESIAN_POINT('Origin',(-17.84,33.35,0.676292350488104));
#2702=CARTESIAN_POINT('',(-18.5,33.35,0.796292350488104));
#2703=CARTESIAN_POINT('Origin',(-18.5,33.35,0.676292350488104));
#2704=CARTESIAN_POINT('',(-17.19,33.35,0.796292350488104));
#2705=CARTESIAN_POINT('Origin',(-17.19,33.35,0.676292350488104));
#2706=CARTESIAN_POINT('Origin',(-18.5,33.35,0.676292350488104));
#2707=CARTESIAN_POINT('Origin',(-17.19,33.35,0.676292350488104));
#2708=CARTESIAN_POINT('Origin',(-18.48,17.23,1.3162923504881));
#2709=CARTESIAN_POINT('',(-18.6,17.23,0.576292350488105));
#2710=CARTESIAN_POINT('Origin',(-18.48,17.23,0.576292350488105));
#2711=CARTESIAN_POINT('',(-18.6,17.23,2.0762923504881));
#2712=CARTESIAN_POINT('Origin',(-18.48,17.23,2.0762923504881));
#2713=CARTESIAN_POINT('Origin',(-18.48,17.23,0.576292350488105));
#2714=CARTESIAN_POINT('Origin',(-18.48,17.23,2.0762923504881));
#2715=CARTESIAN_POINT('Origin',(-17.84,17.23,1.9562923504881));
#2716=CARTESIAN_POINT('',(-18.48,17.23,2.0762923504881));
#2717=CARTESIAN_POINT('Origin',(-18.48,17.23,1.9562923504881));
#2718=CARTESIAN_POINT('',(-17.21,17.23,2.0762923504881));
#2719=CARTESIAN_POINT('Origin',(-17.21,17.23,1.9562923504881));
#2720=CARTESIAN_POINT('Origin',(-18.48,17.23,1.9562923504881));
#2721=CARTESIAN_POINT('Origin',(-17.21,17.23,1.9562923504881));
#2722=CARTESIAN_POINT('Origin',(-17.19,17.23,1.3162923504881));
#2723=CARTESIAN_POINT('',(-17.31,17.23,0.576292350488105));
#2724=CARTESIAN_POINT('Origin',(-17.19,17.23,0.576292350488105));
#2725=CARTESIAN_POINT('',(-17.31,17.23,2.0762923504881));
#2726=CARTESIAN_POINT('Origin',(-17.19,17.23,2.0762923504881));
#2727=CARTESIAN_POINT('Origin',(-17.19,17.23,0.576292350488105));
#2728=CARTESIAN_POINT('Origin',(-17.19,17.23,2.0762923504881));
#2729=CARTESIAN_POINT('Ctrl Pts',(-19.3318915406324,17.5768208256273,0.384774691478558));
#2730=CARTESIAN_POINT('Ctrl Pts',(-19.3151490929673,17.5839731755579,0.384774691478558));
#2731=CARTESIAN_POINT('Ctrl Pts',(-19.3060540898454,17.5922514938104,0.384774691478558));
#2732=CARTESIAN_POINT('Ctrl Pts',(-19.3061634784411,17.6007935605618,0.384774691478558));
#2733=CARTESIAN_POINT('Ctrl Pts',(-19.3318915406324,17.5768208256273,0.660984462047736));
#2734=CARTESIAN_POINT('Ctrl Pts',(-19.3151490929673,17.5839731755579,0.660984462047736));
#2735=CARTESIAN_POINT('Ctrl Pts',(-19.3060540898454,17.5922514938104,0.660984462047736));
#2736=CARTESIAN_POINT('Ctrl Pts',(-19.3061634784411,17.6007935605618,0.660984462047736));
#2737=CARTESIAN_POINT('Ctrl Pts',(-19.3318915406324,17.5768208256273,0.937194232616914));
#2738=CARTESIAN_POINT('Ctrl Pts',(-19.3151490929673,17.5839731755579,0.937194232616914));
#2739=CARTESIAN_POINT('Ctrl Pts',(-19.3060540898454,17.5922514938104,0.937194232616914));
#2740=CARTESIAN_POINT('Ctrl Pts',(-19.3061634784411,17.6007935605618,0.937194232616914));
#2741=CARTESIAN_POINT('Ctrl Pts',(-19.3318915406324,17.5768208256273,1.21340400318609));
#2742=CARTESIAN_POINT('Ctrl Pts',(-19.3151490929673,17.5839731755579,1.21340400318609));
#2743=CARTESIAN_POINT('Ctrl Pts',(-19.3060540898454,17.5922514938104,1.21340400318609));
#2744=CARTESIAN_POINT('Ctrl Pts',(-19.3061634784411,17.6007935605618,1.21340400318609));
#2745=CARTESIAN_POINT('',(-19.306162751439,17.6005620383594,0.523587467387966));
#2746=CARTESIAN_POINT('',(-19.3061624964379,17.6006401922841,0.523587467387968));
#2747=CARTESIAN_POINT('Ctrl Pts',(-19.306162751439,17.6005620383594,0.523587467387966));
#2748=CARTESIAN_POINT('Ctrl Pts',(-19.3061625813556,17.6005881023041,0.523587467387966));
#2749=CARTESIAN_POINT('Ctrl Pts',(-19.3061624964379,17.6006141536233,0.523587467387966));
#2750=CARTESIAN_POINT('Ctrl Pts',(-19.3061624964379,17.6006401922841,0.523587467387966));
#2751=CARTESIAN_POINT('',(-19.306162751439,17.6005620383594,1.07358747334843));
#2752=CARTESIAN_POINT('Ctrl Pts',(-19.306162751439,17.6005620383594,1.07358747334843));
#2753=CARTESIAN_POINT('Ctrl Pts',(-19.306162751439,17.6005620383594,0.890254138028274));
#2754=CARTESIAN_POINT('Ctrl Pts',(-19.306162751439,17.6005620383594,0.706920802708121));
#2755=CARTESIAN_POINT('Ctrl Pts',(-19.306162751439,17.6005620383594,0.523587467387966));
#2756=CARTESIAN_POINT('',(-19.3061624964379,17.6006401922841,1.07358747334843));
#2757=CARTESIAN_POINT('Ctrl Pts',(-19.3061625031447,17.6006402222418,1.07358747334843));
#2758=CARTESIAN_POINT('Ctrl Pts',(-19.3061625053647,17.6006141809891,1.07358747334843));
#2759=CARTESIAN_POINT('Ctrl Pts',(-19.3061625931065,17.6005881422373,1.07358747334843));
#2760=CARTESIAN_POINT('Ctrl Pts',(-19.3061627663261,17.6005621060112,1.07358747334843));
#2761=CARTESIAN_POINT('',(-19.3061624964379,17.6006401922841,1.2134040031861));
#2762=CARTESIAN_POINT('Ctrl Pts',(-19.3061625031447,17.6006402222418,1.21340400318609));
#2763=CARTESIAN_POINT('Ctrl Pts',(-19.3061625031447,17.6006402222418,1.1667984932402));
#2764=CARTESIAN_POINT('Ctrl Pts',(-19.3061625031447,17.6006402222418,1.12019298329432));
#2765=CARTESIAN_POINT('Ctrl Pts',(-19.3061625031447,17.6006402222418,1.07358747334843));
#2766=CARTESIAN_POINT('',(-19.3318915406323,17.5768208256269,1.21340400318609));
#2767=CARTESIAN_POINT('Ctrl Pts',(-19.3318915406324,17.5768208256273,1.21340400318609));
#2768=CARTESIAN_POINT('Ctrl Pts',(-19.3152492926205,17.5839303704079,1.21340400318609));
#2769=CARTESIAN_POINT('Ctrl Pts',(-19.3061632267118,17.592152446523,1.21340400318609));
#2770=CARTESIAN_POINT('Ctrl Pts',(-19.3061625031447,17.6006402222418,1.21340400318609));
#2771=CARTESIAN_POINT('',(-19.3318915406322,17.5768208256269,0.384774691478558));
#2772=CARTESIAN_POINT('Ctrl Pts',(-19.3318915406313,17.5768208256278,0.384774691478558));
#2773=CARTESIAN_POINT('Ctrl Pts',(-19.3318915406313,17.5768208256278,0.477264584299949));
#2774=CARTESIAN_POINT('Ctrl Pts',(-19.3318915406313,17.5768208256278,0.569754477121343));
#2775=CARTESIAN_POINT('Ctrl Pts',(-19.3318915406313,17.5768208256278,0.845964247690521));
#2776=CARTESIAN_POINT('Ctrl Pts',(-19.3318915406313,17.5768208256278,1.0296841254383));
#2777=CARTESIAN_POINT('Ctrl Pts',(-19.3318915406313,17.5768208256278,1.21340400318609));
#2778=CARTESIAN_POINT('',(-19.3061624964379,17.6006401922841,0.384774691478558));
#2779=CARTESIAN_POINT('Ctrl Pts',(-19.3061625031447,17.6006402222418,0.384774691478558));
#2780=CARTESIAN_POINT('Ctrl Pts',(-19.3061632267118,17.592152446523,0.384774691478558));
#2781=CARTESIAN_POINT('Ctrl Pts',(-19.3152492926205,17.5839303704079,0.384774691478558));
#2782=CARTESIAN_POINT('Ctrl Pts',(-19.3318915406324,17.5768208256273,0.384774691478558));
#2783=CARTESIAN_POINT('Ctrl Pts',(-19.3061625031447,17.6006402222418,0.523587467387966));
#2784=CARTESIAN_POINT('Ctrl Pts',(-19.3061625031447,17.6006402222418,0.47731654208483));
#2785=CARTESIAN_POINT('Ctrl Pts',(-19.3061625031447,17.6006402222418,0.431045616781694));
#2786=CARTESIAN_POINT('Ctrl Pts',(-19.3061625031447,17.6006402222418,0.384774691478558));
#2787=CARTESIAN_POINT('Ctrl Pts',(-19.3318736037536,17.6243326164053,1.07358747334843));
#2788=CARTESIAN_POINT('Ctrl Pts',(-19.3498076467752,17.7516019019373,1.07358747334843));
#2789=CARTESIAN_POINT('Ctrl Pts',(-19.4771541485958,17.7688759508275,1.07358747334843));
#2790=CARTESIAN_POINT('Ctrl Pts',(-19.3318736037536,17.6243326164053,1.2185874614275));
#2791=CARTESIAN_POINT('Ctrl Pts',(-19.3498076467752,17.7516019019373,1.2185874614275));
#2792=CARTESIAN_POINT('Ctrl Pts',(-19.4771541485958,17.7688759508275,1.2185874614275));
#2793=CARTESIAN_POINT('',(-19.4770303591438,17.7688591128827,1.07358747334843));
#2794=CARTESIAN_POINT('',(-19.3318915406313,17.6244595589404,1.07358747334843));
#2795=CARTESIAN_POINT('Origin',(-19.4999695296162,17.6006401922841,1.07358747334843));
#2796=CARTESIAN_POINT('',(-19.4770303591432,17.768859112882,1.21340400318609));
#2797=CARTESIAN_POINT('Ctrl Pts',(-19.4770303591438,17.7688591128827,1.07358747334843));
#2798=CARTESIAN_POINT('Ctrl Pts',(-19.4770303591438,17.7688591128827,1.12019298329432));
#2799=CARTESIAN_POINT('Ctrl Pts',(-19.4770303591438,17.7688591128827,1.1667984932402));
#2800=CARTESIAN_POINT('Ctrl Pts',(-19.4770303591438,17.7688591128827,1.21340400318609));
#2801=CARTESIAN_POINT('',(-19.4771541485958,17.7688759508275,1.2185874614275));
#2802=CARTESIAN_POINT('Ctrl Pts',(-19.4770303591438,17.7688591128827,1.21340400318609));
#2803=CARTESIAN_POINT('Ctrl Pts',(-19.4770303591441,17.7688591128812,1.21513116695242));
#2804=CARTESIAN_POINT('Ctrl Pts',(-19.4770727240702,17.7688560083418,1.21686960356449));
#2805=CARTESIAN_POINT('Ctrl Pts',(-19.4771571298265,17.7688563660575,1.21860265536207));
#2806=CARTESIAN_POINT('',(-19.3318736037536,17.6243326164053,1.2185874614275));
#2807=CARTESIAN_POINT('Origin',(-19.4999695296162,17.6006401922841,1.2185874614275));
#2808=CARTESIAN_POINT('',(-19.3318915406322,17.6244595589413,1.21340400318609));
#2809=CARTESIAN_POINT('Ctrl Pts',(-19.3318754682892,17.6243318695805,1.21859148600135));
#2810=CARTESIAN_POINT('Ctrl Pts',(-19.3318868938499,17.6244170791143,1.21686518888442));
#2811=CARTESIAN_POINT('Ctrl Pts',(-19.3318915406315,17.6244595589403,1.21513117276327));
#2812=CARTESIAN_POINT('Ctrl Pts',(-19.3318915406313,17.6244595589404,1.21340400318609));
#2813=CARTESIAN_POINT('Ctrl Pts',(-19.3318915406313,17.6244595589404,1.21340400318609));
#2814=CARTESIAN_POINT('Ctrl Pts',(-19.3318915406313,17.6244595589404,1.1677847777499));
#2815=CARTESIAN_POINT('Ctrl Pts',(-19.3318915406313,17.6244595589404,1.12216555231372));
#2816=CARTESIAN_POINT('Ctrl Pts',(-19.3318915406313,17.6244595589404,1.07556004236783));
#2817=CARTESIAN_POINT('Ctrl Pts',(-19.3318915406313,17.6244595589404,1.07457375785813));
#2818=CARTESIAN_POINT('Ctrl Pts',(-19.3318915406313,17.6244595589404,1.07358747334843));
#2819=CARTESIAN_POINT('Ctrl Pts',(-19.3318659666798,17.6242783563982,0.3785874614275));
#2820=CARTESIAN_POINT('Ctrl Pts',(-19.3497707867996,17.7516377101559,0.3785874614275));
#2821=CARTESIAN_POINT('Ctrl Pts',(-19.4772070510239,17.7688831183602,0.3785874614275));
#2822=CARTESIAN_POINT('Ctrl Pts',(-19.3318659666798,17.6242783563982,0.523587467387966));
#2823=CARTESIAN_POINT('Ctrl Pts',(-19.3497707867996,17.7516377101559,0.523587467387966));
#2824=CARTESIAN_POINT('Ctrl Pts',(-19.4772070510239,17.7688831183602,0.523587467387966));
#2825=CARTESIAN_POINT('',(-19.3318915406313,17.6244595589404,0.523587467387966));
#2826=CARTESIAN_POINT('',(-19.4770303591438,17.7688591128828,0.523587467387966));
#2827=CARTESIAN_POINT('Origin',(-19.4999695296162,17.6006401922841,0.523587467387966));
#2828=CARTESIAN_POINT('',(-19.3318915406318,17.6244595589408,0.384774691478558));
#2829=CARTESIAN_POINT('Ctrl Pts',(-19.3318915406313,17.6244595589404,0.523587467387966));
#2830=CARTESIAN_POINT('Ctrl Pts',(-19.3318915406313,17.6244595589404,0.509330838342197));
#2831=CARTESIAN_POINT('Ctrl Pts',(-19.3318915406313,17.6244595589404,0.495074209296428));
#2832=CARTESIAN_POINT('Ctrl Pts',(-19.3318915406313,17.6244595589404,0.448803283993293));
#2833=CARTESIAN_POINT('Ctrl Pts',(-19.3318915406313,17.6244595589404,0.416788987735924));
#2834=CARTESIAN_POINT('Ctrl Pts',(-19.3318915406313,17.6244595589404,0.384774691478558));
#2835=CARTESIAN_POINT('',(-19.3318659666798,17.6242783563982,0.3785874614275));
#2836=CARTESIAN_POINT('Ctrl Pts',(-19.3318915406313,17.6244595589404,0.384774691478557));
#2837=CARTESIAN_POINT('Ctrl Pts',(-19.3318915406316,17.6244595589403,0.382713380283955));
#2838=CARTESIAN_POINT('Ctrl Pts',(-19.331893906797,17.6243980046227,0.380635354118426));
#2839=CARTESIAN_POINT('Ctrl Pts',(-19.3318888050475,17.6242750372931,0.378568774772116));
#2840=CARTESIAN_POINT('',(-19.4772070510239,17.7688831183602,0.3785874614275));
#2841=CARTESIAN_POINT('Origin',(-19.4999695296162,17.6006401922841,0.3785874614275));
#2842=CARTESIAN_POINT('',(-19.4770303591432,17.768859112882,0.384774691478558));
#2843=CARTESIAN_POINT('Ctrl Pts',(-19.4772080216099,17.7688810325039,0.37858273392226));
#2844=CARTESIAN_POINT('Ctrl Pts',(-19.4770893604038,17.7688653112495,0.380641472522333));
#2845=CARTESIAN_POINT('Ctrl Pts',(-19.4770303591439,17.7688591128827,0.382713390757391));
#2846=CARTESIAN_POINT('Ctrl Pts',(-19.4770303591438,17.7688591128827,0.384774691478552));
#2847=CARTESIAN_POINT('Ctrl Pts',(-19.4770303591438,17.7688591128827,0.384774691478558));
#2848=CARTESIAN_POINT('Ctrl Pts',(-19.4770303591438,17.7688591128827,0.431045616781694));
#2849=CARTESIAN_POINT('Ctrl Pts',(-19.4770303591438,17.7688591128828,0.47731654208483));
#2850=CARTESIAN_POINT('Ctrl Pts',(-19.4770303591438,17.7688591128828,0.523587467387966));
#2851=CARTESIAN_POINT('Ctrl Pts',(-19.3061625796342,17.6005955514908,1.07338317750277));
#2852=CARTESIAN_POINT('Ctrl Pts',(-19.3061308194233,17.6091163653563,1.07338317750277));
#2853=CARTESIAN_POINT('Ctrl Pts',(-19.3152521808917,17.6173662726751,1.07338317750277));
#2854=CARTESIAN_POINT('Ctrl Pts',(-19.3319791043968,17.6244969265962,1.07338317750277));
#2855=CARTESIAN_POINT('Ctrl Pts',(-19.3061625796342,17.6005955514908,1.12005678606388));
#2856=CARTESIAN_POINT('Ctrl Pts',(-19.3061308194233,17.6091163653563,1.12005678606388));
#2857=CARTESIAN_POINT('Ctrl Pts',(-19.3152521808917,17.6173662726751,1.12005678606388));
#2858=CARTESIAN_POINT('Ctrl Pts',(-19.3319791043968,17.6244969265962,1.12005678606388));
#2859=CARTESIAN_POINT('Ctrl Pts',(-19.3061625796342,17.6005955514908,1.16673039462498));
#2860=CARTESIAN_POINT('Ctrl Pts',(-19.3061308194233,17.6091163653563,1.16673039462498));
#2861=CARTESIAN_POINT('Ctrl Pts',(-19.3152521808917,17.6173662726751,1.16673039462498));
#2862=CARTESIAN_POINT('Ctrl Pts',(-19.3319791043968,17.6244969265962,1.16673039462498));
#2863=CARTESIAN_POINT('Ctrl Pts',(-19.3061625796342,17.6005955514908,1.21340400318609));
#2864=CARTESIAN_POINT('Ctrl Pts',(-19.3061308194233,17.6091163653563,1.21340400318609));
#2865=CARTESIAN_POINT('Ctrl Pts',(-19.3152521808917,17.6173662726751,1.21340400318609));
#2866=CARTESIAN_POINT('Ctrl Pts',(-19.3319791043968,17.6244969265962,1.21340400318609));
#2867=CARTESIAN_POINT('Ctrl Pts',(-19.3318915412168,17.6244595586854,1.07358747334843));
#2868=CARTESIAN_POINT('Ctrl Pts',(-19.3152495153045,17.617349916915,1.07358747334843));
#2869=CARTESIAN_POINT('Ctrl Pts',(-19.3061627002897,17.6091302976616,1.07358747334843));
#2870=CARTESIAN_POINT('Ctrl Pts',(-19.3061624969765,17.6006401897657,1.07358747334843));
#2871=CARTESIAN_POINT('Ctrl Pts',(-19.3061624969765,17.6006401897657,1.21340400318609));
#2872=CARTESIAN_POINT('Ctrl Pts',(-19.3061627002897,17.6091302976618,1.21340400318609));
#2873=CARTESIAN_POINT('Ctrl Pts',(-19.3152495153049,17.6173499169154,1.21340400318609));
#2874=CARTESIAN_POINT('Ctrl Pts',(-19.3318915412179,17.6244595586859,1.21340400318609));
#2875=CARTESIAN_POINT('Ctrl Pts',(-19.3061629191244,17.6005395712537,0.384774691478558));
#2876=CARTESIAN_POINT('Ctrl Pts',(-19.3060910177263,17.6090976640103,0.384774691478558));
#2877=CARTESIAN_POINT('Ctrl Pts',(-19.315255756923,17.6173866782099,0.384774691478558));
#2878=CARTESIAN_POINT('Ctrl Pts',(-19.3320891066864,17.6245437583958,0.384774691478558));
#2879=CARTESIAN_POINT('Ctrl Pts',(-19.3061629191244,17.6005395712537,0.431199112349128));
#2880=CARTESIAN_POINT('Ctrl Pts',(-19.3060910177263,17.6090976640103,0.431199112349128));
#2881=CARTESIAN_POINT('Ctrl Pts',(-19.315255756923,17.6173866782099,0.431199112349128));
#2882=CARTESIAN_POINT('Ctrl Pts',(-19.3320891066864,17.6245437583958,0.431199112349128));
#2883=CARTESIAN_POINT('Ctrl Pts',(-19.3061629191244,17.6005395712537,0.477623533219698));
#2884=CARTESIAN_POINT('Ctrl Pts',(-19.3060910177263,17.6090976640103,0.477623533219698));
#2885=CARTESIAN_POINT('Ctrl Pts',(-19.315255756923,17.6173866782099,0.477623533219698));
#2886=CARTESIAN_POINT('Ctrl Pts',(-19.3320891066864,17.6245437583958,0.477623533219698));
#2887=CARTESIAN_POINT('Ctrl Pts',(-19.3061629191244,17.6005395712537,0.524047954090268));
#2888=CARTESIAN_POINT('Ctrl Pts',(-19.3060910177263,17.6090976640103,0.524047954090268));
#2889=CARTESIAN_POINT('Ctrl Pts',(-19.315255756923,17.6173866782099,0.524047954090268));
#2890=CARTESIAN_POINT('Ctrl Pts',(-19.3320891066864,17.6245437583958,0.524047954090268));
#2891=CARTESIAN_POINT('Ctrl Pts',(-19.3061624964379,17.6006401922841,0.523587467387966));
#2892=CARTESIAN_POINT('Ctrl Pts',(-19.3061624964379,17.6021894652298,0.523587467387966));
#2893=CARTESIAN_POINT('Ctrl Pts',(-19.3064629961129,17.6036939200124,0.523587467387966));
#2894=CARTESIAN_POINT('Ctrl Pts',(-19.3077260291286,17.6070288706172,0.523587467387966));
#2895=CARTESIAN_POINT('Ctrl Pts',(-19.3088319393056,17.6087535731988,0.523587467387966));
#2896=CARTESIAN_POINT('Ctrl Pts',(-19.3123949850801,17.613045161872,0.523587467387966));
#2897=CARTESIAN_POINT('Ctrl Pts',(-19.3153875958211,17.6154189113222,0.523587467387966));
#2898=CARTESIAN_POINT('Ctrl Pts',(-19.3224084589128,17.6200534901617,0.523587467387966));
#2899=CARTESIAN_POINT('Ctrl Pts',(-19.3270976149024,17.6224116006585,0.523587467387966));
#2900=CARTESIAN_POINT('Ctrl Pts',(-19.3318915406313,17.6244595589404,0.523587467387966));
#2901=CARTESIAN_POINT('Ctrl Pts',(-19.3318915436361,17.6244595576013,0.384774691478558));
#2902=CARTESIAN_POINT('Ctrl Pts',(-19.3152497993778,17.617349786737,0.384774691478558));
#2903=CARTESIAN_POINT('Ctrl Pts',(-19.3061629691164,17.609129085936,0.384774691478558));
#2904=CARTESIAN_POINT('Ctrl Pts',(-19.30616249927,17.6006401794288,0.384774691478558));
#2905=CARTESIAN_POINT('Ctrl Pts',(-19.5258295101367,17.7684348290441,0.384774691562697));
#2906=CARTESIAN_POINT('Ctrl Pts',(-19.5247328111606,17.7711012815503,0.384774691562713));
#2907=CARTESIAN_POINT('Ctrl Pts',(-19.5224877276767,17.7760454497115,0.384774691562748));
#2908=CARTESIAN_POINT('Ctrl Pts',(-19.5179077072413,17.7843438275509,0.384774691562834));
#2909=CARTESIAN_POINT('Ctrl Pts',(-19.5107592693574,17.7931837547156,0.384774691563021));
#2910=CARTESIAN_POINT('Ctrl Pts',(-19.5002800668539,17.7977893117014,0.384774691563397));
#2911=CARTESIAN_POINT('Ctrl Pts',(-19.4908913003478,17.7924946188965,0.38477469156297));
#2912=CARTESIAN_POINT('Ctrl Pts',(-19.4838170179094,17.7825645366713,0.384774691562818));
#2913=CARTESIAN_POINT('Ctrl Pts',(-19.4803787504458,17.7764091098054,0.384774691562746));
#2914=CARTESIAN_POINT('Ctrl Pts',(-19.4781293149919,17.7715049139819,0.384774691562713));
#2915=CARTESIAN_POINT('Ctrl Pts',(-19.4770303591435,17.7688591128819,0.384774691562697));
#2916=CARTESIAN_POINT('Ctrl Pts',(-19.525829510138,17.7684348290532,0.377776487869239));
#2917=CARTESIAN_POINT('Ctrl Pts',(-19.5247329057173,17.7711011470469,0.377774793014679));
#2918=CARTESIAN_POINT('Ctrl Pts',(-19.522487971924,17.7760450476476,0.37777112595966));
#2919=CARTESIAN_POINT('Ctrl Pts',(-19.5179074487823,17.7843428800445,0.377762365294702));
#2920=CARTESIAN_POINT('Ctrl Pts',(-19.5107582681254,17.7931808108819,0.377746855666127));
#2921=CARTESIAN_POINT('Ctrl Pts',(-19.5002802868008,17.7977876106739,0.377718469893042));
#2922=CARTESIAN_POINT('Ctrl Pts',(-19.4908924170273,17.7924917823157,0.377750493772274));
#2923=CARTESIAN_POINT('Ctrl Pts',(-19.4838171327991,17.7825637328858,0.377764046472251));
#2924=CARTESIAN_POINT('Ctrl Pts',(-19.4803785666303,17.7764086448132,0.377771048758369));
#2925=CARTESIAN_POINT('Ctrl Pts',(-19.4781292271891,17.7715047788912,0.377774566941821));
#2926=CARTESIAN_POINT('Ctrl Pts',(-19.4770303591422,17.768859112891,0.377776279277562));
#2927=CARTESIAN_POINT('Ctrl Pts',(-19.5254840083179,17.7661252792499,0.36257541857261));
#2928=CARTESIAN_POINT('Ctrl Pts',(-19.5244021380448,17.7687544694517,0.362571870584118));
#2929=CARTESIAN_POINT('Ctrl Pts',(-19.5221870046028,17.7736296132764,0.362563710828045));
#2930=CARTESIAN_POINT('Ctrl Pts',(-19.5176719955744,17.7818109344868,0.362543277795866));
#2931=CARTESIAN_POINT('Ctrl Pts',(-19.5106128692671,17.7905259059438,0.362493246582363));
#2932=CARTESIAN_POINT('Ctrl Pts',(-19.5002966927245,17.7950320125649,0.362389994921603));
#2933=CARTESIAN_POINT('Ctrl Pts',(-19.4910493827841,17.789849492139,0.362507104396488));
#2934=CARTESIAN_POINT('Ctrl Pts',(-19.4840666342267,17.7800563501621,0.362546569242983));
#2935=CARTESIAN_POINT('Ctrl Pts',(-19.4806768352179,17.7739887121203,0.362563766282893));
#2936=CARTESIAN_POINT('Ctrl Pts',(-19.4784575404862,17.7691524750876,0.362571358109016));
#2937=CARTESIAN_POINT('Ctrl Pts',(-19.4773734482992,17.7665436518027,0.362574955506202));
#2938=CARTESIAN_POINT('Ctrl Pts',(-19.5233356588206,17.7514831155651,0.338427160294898));
#2939=CARTESIAN_POINT('Ctrl Pts',(-19.5223473047039,17.7538765400011,0.338416981040096));
#2940=CARTESIAN_POINT('Ctrl Pts',(-19.5203188373625,17.7583130469087,0.338394795532695));
#2941=CARTESIAN_POINT('Ctrl Pts',(-19.5161932937637,17.7657521011915,0.33834542050956));
#2942=CARTESIAN_POINT('Ctrl Pts',(-19.5096967882876,17.773643567547,0.338260594841596));
#2943=CARTESIAN_POINT('Ctrl Pts',(-19.5004050980096,17.7776211448663,0.338190545947678));
#2944=CARTESIAN_POINT('Ctrl Pts',(-19.4920441073991,17.7730438549809,0.338272805726708));
#2945=CARTESIAN_POINT('Ctrl Pts',(-19.4856270282417,17.7641550942428,0.338355761613726));
#2946=CARTESIAN_POINT('Ctrl Pts',(-19.4825300717694,17.7586407544524,0.338392663295215));
#2947=CARTESIAN_POINT('Ctrl Pts',(-19.4804973654388,17.7542387870524,0.338415278650465));
#2948=CARTESIAN_POINT('Ctrl Pts',(-19.4795069184518,17.7518639654995,0.338425546870716));
#2949=CARTESIAN_POINT('Ctrl Pts',(-19.5207562644881,17.7347239219415,0.330852210276772));
#2950=CARTESIAN_POINT('Ctrl Pts',(-19.5198738409441,17.7368444161873,0.330847239254654));
#2951=CARTESIAN_POINT('Ctrl Pts',(-19.5180659897661,17.7407735891763,0.330838292412756));
#2952=CARTESIAN_POINT('Ctrl Pts',(-19.5143948750948,17.7473558247453,0.33082352040052));
#2953=CARTESIAN_POINT('Ctrl Pts',(-19.5086534965807,17.7543247721712,0.330813757452333));
#2954=CARTESIAN_POINT('Ctrl Pts',(-19.5005220223967,17.7578426529146,0.330817121525893));
#2955=CARTESIAN_POINT('Ctrl Pts',(-19.493205416013,17.7537959736805,0.330813175447698));
#2956=CARTESIAN_POINT('Ctrl Pts',(-19.4875197224908,17.7459429989158,0.330827139273026));
#2957=CARTESIAN_POINT('Ctrl Pts',(-19.4847652237828,17.7410634264483,0.330837966141794));
#2958=CARTESIAN_POINT('Ctrl Pts',(-19.482953451996,17.7371654066049,0.330846894293183));
#2959=CARTESIAN_POINT('Ctrl Pts',(-19.4820692362747,17.7350614796059,0.330851832351768));
#2960=CARTESIAN_POINT('Ctrl Pts',(-19.5192838910996,17.7256331349647,0.330098852688185));
#2961=CARTESIAN_POINT('Ctrl Pts',(-19.5184686790687,17.7276092492766,0.330098499121843));
#2962=CARTESIAN_POINT('Ctrl Pts',(-19.5167980229723,17.7312708835617,0.330097825242112));
#2963=CARTESIAN_POINT('Ctrl Pts',(-19.5134081122714,17.7374060159548,0.330096644228914));
#2964=CARTESIAN_POINT('Ctrl Pts',(-19.5081054059995,17.743904916067,0.330095318590695));
#2965=CARTESIAN_POINT('Ctrl Pts',(-19.5005840136124,17.7471845503703,0.330094604549321));
#2966=CARTESIAN_POINT('Ctrl Pts',(-19.4938152071875,17.743411594254,0.330095430159577));
#2967=CARTESIAN_POINT('Ctrl Pts',(-19.4885656046652,17.7360890640197,0.330096897869046));
#2968=CARTESIAN_POINT('Ctrl Pts',(-19.4860219640691,17.7315409656041,0.33009777324184));
#2969=CARTESIAN_POINT('Ctrl Pts',(-19.4843478028964,17.7279082494199,0.33009844454361));
#2970=CARTESIAN_POINT('Ctrl Pts',(-19.4835309637427,17.7259475629183,0.330098796350509));
#2971=CARTESIAN_POINT('',(-19.5258295101367,17.7684348290441,0.384774691478558));
#2972=CARTESIAN_POINT('',(-19.5256528328582,17.7684619688853,0.3785874614275));
#2973=CARTESIAN_POINT('Ctrl Pts',(-19.5258295101367,17.7684348290442,0.384774691478556));
#2974=CARTESIAN_POINT('Ctrl Pts',(-19.5258295101367,17.7684348290441,0.382713376299545));
#2975=CARTESIAN_POINT('Ctrl Pts',(-19.5257705093611,17.7684420714723,0.380641459875097));
#2976=CARTESIAN_POINT('Ctrl Pts',(-19.5256518569646,17.7684598833409,0.378582713559644));
#2977=CARTESIAN_POINT('',(-19.5013422522667,17.7957668394509,0.384774691478558));
#2978=CARTESIAN_POINT('Ctrl Pts',(-19.5258295101367,17.7684348290441,0.384774691478561));
#2979=CARTESIAN_POINT('Ctrl Pts',(-19.5247328111606,17.7711012815503,0.384774691478556));
#2980=CARTESIAN_POINT('Ctrl Pts',(-19.5236102694186,17.7735733656309,0.384774691478552));
#2981=CARTESIAN_POINT('Ctrl Pts',(-19.5224764959932,17.7758467049011,0.384774691478547));
#2982=CARTESIAN_POINT('Ctrl Pts',(-19.5213427225679,17.7781200441714,0.384774691478543));
#2983=CARTESIAN_POINT('Ctrl Pts',(-19.520197717459,17.7801946386312,0.384774691478538));
#2984=CARTESIAN_POINT('Ctrl Pts',(-19.5190372452818,17.7820688086691,0.384774691478535));
#2985=CARTESIAN_POINT('Ctrl Pts',(-19.5167163009273,17.785817148745,0.384774691478528));
#2986=CARTESIAN_POINT('Ctrl Pts',(-19.5143334882994,17.7887637911332,0.384774691478529));
#2987=CARTESIAN_POINT('Ctrl Pts',(-19.5119723160556,17.7909411594093,0.384774691478532));
#2988=CARTESIAN_POINT('Ctrl Pts',(-19.508399127025,17.7942361957882,0.384774691478537));
#2989=CARTESIAN_POINT('Ctrl Pts',(-19.5048754919968,17.7957695425569,0.384774691478548));
#2990=CARTESIAN_POINT('Ctrl Pts',(-19.5013392279271,17.7957690576448,0.384774691478548));
#2991=CARTESIAN_POINT('Ctrl Pts',(-19.5013392279271,17.7957690576448,0.384774691478546));
#2992=CARTESIAN_POINT('Ctrl Pts',(-19.4966967895164,17.7957684210479,0.384774691478546));
#2993=CARTESIAN_POINT('Ctrl Pts',(-19.4920335354958,17.7931176824359,0.384774691478525));
#2994=CARTESIAN_POINT('Ctrl Pts',(-19.4873530688766,17.7873309423631,0.384774691478527));
#2995=CARTESIAN_POINT('Ctrl Pts',(-19.4861751120555,17.7858745640797,0.384774691478527));
#2996=CARTESIAN_POINT('Ctrl Pts',(-19.4849960649825,17.7842195503755,0.384774691478529));
#2997=CARTESIAN_POINT('Ctrl Pts',(-19.4838334968687,17.7823661390457,0.384774691478532));
#2998=CARTESIAN_POINT('Ctrl Pts',(-19.4826709287549,17.780512727716,0.384774691478535));
#2999=CARTESIAN_POINT('Ctrl Pts',(-19.4815248396003,17.7784609187607,0.384774691478539));
#3000=CARTESIAN_POINT('Ctrl Pts',(-19.4803894361596,17.7762089653272,0.384774691478543));
#3001=CARTESIAN_POINT('Ctrl Pts',(-19.4792540327188,17.7739570118937,0.384774691478547));
#3002=CARTESIAN_POINT('Ctrl Pts',(-19.4781293149919,17.7715049139819,0.384774691478552));
#3003=CARTESIAN_POINT('Ctrl Pts',(-19.4770303591435,17.7688591128819,0.384774691478557));
#3004=CARTESIAN_POINT('Ctrl Pts',(-19.5256528328582,17.7684619688853,0.378587461427497));
#3005=CARTESIAN_POINT('Ctrl Pts',(-19.524484586185,17.7686407966005,0.358254166995711));
#3006=CARTESIAN_POINT('Ctrl Pts',(-19.5224343126973,17.7571765228852,0.340449260095976));
#3007=CARTESIAN_POINT('Ctrl Pts',(-19.5162975759335,17.7500631720453,0.333906234598256));
#3008=CARTESIAN_POINT('Ctrl Pts',(-19.5111708116535,17.7441205229794,0.328440047812766));
#3009=CARTESIAN_POINT('Ctrl Pts',(-19.498074880506,17.7440424722062,0.328750581382518));
#3010=CARTESIAN_POINT('Ctrl Pts',(-19.4908936568336,17.7470816272254,0.331155338953668));
#3011=CARTESIAN_POINT('Ctrl Pts',(-19.482064122057,17.7508183615423,0.334112062149131));
#3012=CARTESIAN_POINT('Ctrl Pts',(-19.4801084043951,17.7638287458443,0.346536762447737));
#3013=CARTESIAN_POINT('Ctrl Pts',(-19.4782435577638,17.7675982571113,0.365172427179317));
#3014=CARTESIAN_POINT('Ctrl Pts',(-19.4778038164293,17.7684871290897,0.369566821838628));
#3015=CARTESIAN_POINT('Ctrl Pts',(-19.4774663100707,17.7689182027855,0.374075439421171));
#3016=CARTESIAN_POINT('Ctrl Pts',(-19.4772070510239,17.7688831183602,0.378587461427497));
#3017=CARTESIAN_POINT('Ctrl Pts',(-19.5013422522667,17.4081091670134,0.384774691563237));
#3018=CARTESIAN_POINT('Ctrl Pts',(-19.508992492929,17.4081091670134,0.384774691563237));
#3019=CARTESIAN_POINT('Ctrl Pts',(-19.5172384239431,17.4158064127841,0.384774691562825));
#3020=CARTESIAN_POINT('Ctrl Pts',(-19.5246506890205,17.4326680740805,0.384774691562711));
#3021=CARTESIAN_POINT('Ctrl Pts',(-19.5013422522667,17.408109166998,0.37464582578144));
#3022=CARTESIAN_POINT('Ctrl Pts',(-19.5089985583336,17.408109166998,0.374645825781439));
#3023=CARTESIAN_POINT('Ctrl Pts',(-19.5172331744684,17.4157965339661,0.374694670489402));
#3024=CARTESIAN_POINT('Ctrl Pts',(-19.5246506890223,17.4326680740672,0.374708147138537));
#3025=CARTESIAN_POINT('Ctrl Pts',(-19.5013422522667,17.4132004578215,0.35545294921906));
#3026=CARTESIAN_POINT('Ctrl Pts',(-19.5087609309815,17.4132004578215,0.355452949219061));
#3027=CARTESIAN_POINT('Ctrl Pts',(-19.5168227563126,17.4206480586974,0.355593972249314));
#3028=CARTESIAN_POINT('Ctrl Pts',(-19.5240456881166,17.4370695226043,0.355633749239919));
#3029=CARTESIAN_POINT('Ctrl Pts',(-19.5013422522667,17.433851892706,0.335944226683371));
#3030=CARTESIAN_POINT('Ctrl Pts',(-19.507862881136,17.433851892706,0.335944226683371));
#3031=CARTESIAN_POINT('Ctrl Pts',(-19.5150778147694,17.4403720613384,0.336025443390685));
#3032=CARTESIAN_POINT('Ctrl Pts',(-19.5215506025,17.4549931678273,0.336090276972549));
#3033=CARTESIAN_POINT('Ctrl Pts',(-19.5013422522667,17.4481979043289,0.331280254653172));
#3034=CARTESIAN_POINT('Ctrl Pts',(-19.5072477311414,17.4481979043289,0.331280254653172));
#3035=CARTESIAN_POINT('Ctrl Pts',(-19.5137905166463,17.4541514127593,0.331288744089921));
#3036=CARTESIAN_POINT('Ctrl Pts',(-19.5197191546942,17.4675044107278,0.331315606019076));
#3037=CARTESIAN_POINT('Ctrl Pts',(-19.5013422522667,17.4550573746575,0.330398602964554));
#3038=CARTESIAN_POINT('Ctrl Pts',(-19.506955488972,17.4550573746575,0.330398602964554));
#3039=CARTESIAN_POINT('Ctrl Pts',(-19.5131770861793,17.4607415123007,0.330403062068211));
#3040=CARTESIAN_POINT('Ctrl Pts',(-19.5188144931502,17.4734996715656,0.330410479700316));
#3041=CARTESIAN_POINT('',(-19.5013422522667,17.4550535344102,0.330399096697526));
#3042=CARTESIAN_POINT('',(-19.5244646682753,17.4326408400107,0.3785874614275));
#3043=CARTESIAN_POINT('Ctrl Pts',(-19.5013422522667,17.4550535344102,0.330399096697526));
#3044=CARTESIAN_POINT('Ctrl Pts',(-19.5112910749385,17.455170590466,0.330384042651377));
#3045=CARTESIAN_POINT('Ctrl Pts',(-19.517046907931,17.4487022486006,0.33378244028415));
#3046=CARTESIAN_POINT('Ctrl Pts',(-19.5201277924546,17.4415513989957,0.345466392321573));
#3047=CARTESIAN_POINT('Ctrl Pts',(-19.5225411674751,17.4359498642156,0.354618880112845));
#3048=CARTESIAN_POINT('Ctrl Pts',(-19.5237512082237,17.4325367905903,0.366798058035215));
#3049=CARTESIAN_POINT('Ctrl Pts',(-19.5244646682753,17.4326408400107,0.378587461427497));
#3050=CARTESIAN_POINT('',(-19.5013422522667,17.4081091670134,0.384774691478558));
#3051=CARTESIAN_POINT('Ctrl Pts',(-19.5013422522667,17.4550535344075,0.330399096701421));
#3052=CARTESIAN_POINT('Ctrl Pts',(-19.5013422522667,17.4481952271861,0.331281125071567));
#3053=CARTESIAN_POINT('Ctrl Pts',(-19.5013422522667,17.441023678677,0.333612978344262));
#3054=CARTESIAN_POINT('Ctrl Pts',(-19.5013422522667,17.4344881906282,0.337565194038063));
#3055=CARTESIAN_POINT('Ctrl Pts',(-19.5013422522667,17.427951482739,0.341518147407854));
#3056=CARTESIAN_POINT('Ctrl Pts',(-19.5013422522667,17.422051072772,0.347092068132336));
#3057=CARTESIAN_POINT('Ctrl Pts',(-19.5013422522667,17.41769622026,0.353507280817007));
#3058=CARTESIAN_POINT('Ctrl Pts',(-19.5013422522667,17.4111639415103,0.363130099817196));
#3059=CARTESIAN_POINT('Ctrl Pts',(-19.5013422522667,17.4081091670151,0.374645825717257));
#3060=CARTESIAN_POINT('Ctrl Pts',(-19.5013422522667,17.4081091670134,0.384774691478557));
#3061=CARTESIAN_POINT('',(-19.5246506890211,17.4326680740802,0.384774691478558));
#3062=CARTESIAN_POINT('Ctrl Pts',(-19.5013422522667,17.4081091670134,0.384774691478558));
#3063=CARTESIAN_POINT('Ctrl Pts',(-19.5089924929291,17.4081091670134,0.384774691478558));
#3064=CARTESIAN_POINT('Ctrl Pts',(-19.5172384239431,17.415806412784,0.384774691478554));
#3065=CARTESIAN_POINT('Ctrl Pts',(-19.5246506890205,17.4326680740805,0.384774691478553));
#3066=CARTESIAN_POINT('Ctrl Pts',(-19.5244616233697,17.4326629641712,0.378569872592337));
#3067=CARTESIAN_POINT('Ctrl Pts',(-19.5245876969762,17.4326695778595,0.380635579195081));
#3068=CARTESIAN_POINT('Ctrl Pts',(-19.5246506890198,17.4326680740792,0.382713368635482));
#3069=CARTESIAN_POINT('Ctrl Pts',(-19.5246506890198,17.4326680740789,0.384774691478554));
#3070=CARTESIAN_POINT('Ctrl Pts',(-19.478212216832,17.4322642972903,0.384774691562725));
#3071=CARTESIAN_POINT('Ctrl Pts',(-19.4855786184007,17.4156765803343,0.384774691562839));
#3072=CARTESIAN_POINT('Ctrl Pts',(-19.4937533312947,17.4081091670134,0.384774691563237));
#3073=CARTESIAN_POINT('Ctrl Pts',(-19.5013422522667,17.4081091670134,0.384774691563237));
#3074=CARTESIAN_POINT('Ctrl Pts',(-19.4782122168302,17.432264297277,0.374708356822356));
#3075=CARTESIAN_POINT('Ctrl Pts',(-19.4855838324342,17.415666876011,0.374694851466541));
#3076=CARTESIAN_POINT('Ctrl Pts',(-19.4937473159966,17.408109166998,0.37464636583487));
#3077=CARTESIAN_POINT('Ctrl Pts',(-19.5013422522667,17.408109166998,0.37464636583487));
#3078=CARTESIAN_POINT('Ctrl Pts',(-19.4788125480172,17.4366757241094,0.35563455110671));
#3079=CARTESIAN_POINT('Ctrl Pts',(-19.4859908989326,17.420521074227,0.355594537988175));
#3080=CARTESIAN_POINT('Ctrl Pts',(-19.4939830092687,17.4131998391534,0.355454665641405));
#3081=CARTESIAN_POINT('Ctrl Pts',(-19.5013422522667,17.4131998391534,0.355454665641406));
#3082=CARTESIAN_POINT('Ctrl Pts',(-19.4812893241058,17.4546407702348,0.336090538811648));
#3083=CARTESIAN_POINT('Ctrl Pts',(-19.4877224525241,17.4402577088865,0.336025897613584));
#3084=CARTESIAN_POINT('Ctrl Pts',(-19.4948737733987,17.4338491897647,0.335946036152945));
#3085=CARTESIAN_POINT('Ctrl Pts',(-19.5013422522667,17.4338491897647,0.335946036152945));
#3086=CARTESIAN_POINT('Ctrl Pts',(-19.4831074945308,17.4671814710009,0.331316085610118));
#3087=CARTESIAN_POINT('Ctrl Pts',(-19.4889993142439,17.4540461081873,0.331289632824901));
#3088=CARTESIAN_POINT('Ctrl Pts',(-19.4954839561478,17.4481943222038,0.331281228735421));
#3089=CARTESIAN_POINT('Ctrl Pts',(-19.5013422522667,17.4481943222038,0.33128122873542));
#3090=CARTESIAN_POINT('Ctrl Pts',(-19.4840051874926,17.4731908058197,0.33041080846883));
#3091=CARTESIAN_POINT('Ctrl Pts',(-19.4896074887888,17.4606405195186,0.330403479382562));
#3092=CARTESIAN_POINT('Ctrl Pts',(-19.4957738452662,17.4550535344102,0.330399096697523));
#3093=CARTESIAN_POINT('Ctrl Pts',(-19.5013422522667,17.4550535344102,0.330399096697523));
#3094=CARTESIAN_POINT('',(-19.4783982538741,17.4322403569157,0.3785874614275));
#3095=CARTESIAN_POINT('Ctrl Pts',(-19.4783982538741,17.4322403569157,0.378587461427504));
#3096=CARTESIAN_POINT('Ctrl Pts',(-19.4796525196572,17.4320796548527,0.357863457375553));
#3097=CARTESIAN_POINT('Ctrl Pts',(-19.4816069997694,17.4438658247105,0.340118189939915));
#3098=CARTESIAN_POINT('Ctrl Pts',(-19.4884788314579,17.4509148043668,0.333782543503816));
#3099=CARTESIAN_POINT('Ctrl Pts',(-19.4910613133325,17.453563859673,0.331401563755307));
#3100=CARTESIAN_POINT('Ctrl Pts',(-19.4953016364263,17.4549824616121,0.330408237046352));
#3101=CARTESIAN_POINT('Ctrl Pts',(-19.5013422522667,17.4550535344102,0.330399096697526));
#3102=CARTESIAN_POINT('',(-19.478212216831,17.4322642972899,0.384774691478558));
#3103=CARTESIAN_POINT('Ctrl Pts',(-19.4782122168333,17.4322642972873,0.384774691478562));
#3104=CARTESIAN_POINT('Ctrl Pts',(-19.4782122168334,17.4322642972876,0.382713383800253));
#3105=CARTESIAN_POINT('Ctrl Pts',(-19.4782752003847,17.4322669138952,0.380635585855343));
#3106=CARTESIAN_POINT('Ctrl Pts',(-19.4784012699846,17.4322625255913,0.37856987780851));
#3107=CARTESIAN_POINT('Ctrl Pts',(-19.478212216832,17.4322642972903,0.384774691478567));
#3108=CARTESIAN_POINT('Ctrl Pts',(-19.4855786184008,17.4156765803343,0.384774691478567));
#3109=CARTESIAN_POINT('Ctrl Pts',(-19.4937533312947,17.4081091670134,0.38477469147856));
#3110=CARTESIAN_POINT('Ctrl Pts',(-19.5013422522667,17.4081091670134,0.38477469147856));
#3111=CARTESIAN_POINT('Ctrl Pts',(-19.5013422522667,17.7957668394509,0.384774691478558));
#3112=CARTESIAN_POINT('Ctrl Pts',(-19.5101006199698,17.7957668394509,0.384774691478558));
#3113=CARTESIAN_POINT('Ctrl Pts',(-19.5185675771349,17.7860910864809,0.384774691478558));
#3114=CARTESIAN_POINT('Ctrl Pts',(-19.5258295101371,17.7684348290432,0.384774691478558));
#3115=CARTESIAN_POINT('Ctrl Pts',(-19.5013422522667,17.7957668394509,0.660984462047736));
#3116=CARTESIAN_POINT('Ctrl Pts',(-19.5101006199698,17.7957668394509,0.660984462047736));
#3117=CARTESIAN_POINT('Ctrl Pts',(-19.5185675771349,17.7860910864809,0.660984462047736));
#3118=CARTESIAN_POINT('Ctrl Pts',(-19.5258295101371,17.7684348290432,0.660984462047736));
#3119=CARTESIAN_POINT('Ctrl Pts',(-19.5013422522667,17.7957668394509,0.937194232616914));
#3120=CARTESIAN_POINT('Ctrl Pts',(-19.5101006199698,17.7957668394509,0.937194232616914));
#3121=CARTESIAN_POINT('Ctrl Pts',(-19.5185675771349,17.7860910864809,0.937194232616914));
#3122=CARTESIAN_POINT('Ctrl Pts',(-19.5258295101371,17.7684348290432,0.937194232616914));
#3123=CARTESIAN_POINT('Ctrl Pts',(-19.5013422522667,17.7957668394509,1.21340400318609));
#3124=CARTESIAN_POINT('Ctrl Pts',(-19.5101006199698,17.7957668394509,1.21340400318609));
#3125=CARTESIAN_POINT('Ctrl Pts',(-19.5185675771349,17.7860910864809,1.21340400318609));
#3126=CARTESIAN_POINT('Ctrl Pts',(-19.5258295101371,17.7684348290432,1.21340400318609));
#3127=CARTESIAN_POINT('',(-19.5258295101374,17.7684348290433,1.21340400318609));
#3128=CARTESIAN_POINT('Ctrl Pts',(-19.5258295101367,17.7684348290442,1.21340400318609));
#3129=CARTESIAN_POINT('Ctrl Pts',(-19.5258295101367,17.7684348290442,1.0752991179015));
#3130=CARTESIAN_POINT('Ctrl Pts',(-19.5258295101367,17.7684348290442,0.937194232616914));
#3131=CARTESIAN_POINT('Ctrl Pts',(-19.5258295101367,17.7684348290442,0.660984462047736));
#3132=CARTESIAN_POINT('Ctrl Pts',(-19.5258295101367,17.7684348290442,0.522879576763149));
#3133=CARTESIAN_POINT('Ctrl Pts',(-19.5258295101367,17.7684348290442,0.384774691478558));
#3134=CARTESIAN_POINT('',(-19.5013422522667,17.7957668394509,1.2134040031861));
#3135=CARTESIAN_POINT('Ctrl Pts',(-19.5013422522667,17.7957668394509,1.21340400318609));
#3136=CARTESIAN_POINT('Ctrl Pts',(-19.5101006199698,17.7957668394509,1.21340400318609));
#3137=CARTESIAN_POINT('Ctrl Pts',(-19.5185675771349,17.7860910864809,1.21340400318609));
#3138=CARTESIAN_POINT('Ctrl Pts',(-19.5258295101371,17.7684348290432,1.21340400318609));
#3139=CARTESIAN_POINT('Ctrl Pts',(-19.5013422522667,17.7957668394509,1.21340400318609));
#3140=CARTESIAN_POINT('Ctrl Pts',(-19.5013422522667,17.7957668394509,0.937194232616914));
#3141=CARTESIAN_POINT('Ctrl Pts',(-19.5013422522667,17.7957668394509,0.660984462047736));
#3142=CARTESIAN_POINT('Ctrl Pts',(-19.5013422522667,17.7957668394509,0.384774691478558));
#3143=CARTESIAN_POINT('Ctrl Pts',(-19.4769496957449,17.7686644709108,0.384774691478558));
#3144=CARTESIAN_POINT('Ctrl Pts',(-19.4841902759865,17.7861756467355,0.384774691478558));
#3145=CARTESIAN_POINT('Ctrl Pts',(-19.492621929747,17.7957668394509,0.384774691478558));
#3146=CARTESIAN_POINT('Ctrl Pts',(-19.5013422522667,17.7957668394509,0.384774691478558));
#3147=CARTESIAN_POINT('Ctrl Pts',(-19.4769496957449,17.7686644709108,0.660984462047736));
#3148=CARTESIAN_POINT('Ctrl Pts',(-19.4841902759865,17.7861756467355,0.660984462047736));
#3149=CARTESIAN_POINT('Ctrl Pts',(-19.492621929747,17.7957668394509,0.660984462047736));
#3150=CARTESIAN_POINT('Ctrl Pts',(-19.5013422522667,17.7957668394509,0.660984462047736));
#3151=CARTESIAN_POINT('Ctrl Pts',(-19.4769496957449,17.7686644709108,0.937194232616914));
#3152=CARTESIAN_POINT('Ctrl Pts',(-19.4841902759865,17.7861756467355,0.937194232616914));
#3153=CARTESIAN_POINT('Ctrl Pts',(-19.492621929747,17.7957668394509,0.937194232616914));
#3154=CARTESIAN_POINT('Ctrl Pts',(-19.5013422522667,17.7957668394509,0.937194232616914));
#3155=CARTESIAN_POINT('Ctrl Pts',(-19.4769496957449,17.7686644709108,1.21340400318609));
#3156=CARTESIAN_POINT('Ctrl Pts',(-19.4841902759865,17.7861756467355,1.21340400318609));
#3157=CARTESIAN_POINT('Ctrl Pts',(-19.492621929747,17.7957668394509,1.21340400318609));
#3158=CARTESIAN_POINT('Ctrl Pts',(-19.5013422522667,17.7957668394509,1.21340400318609));
#3159=CARTESIAN_POINT('',(-19.4999695296143,17.7956881185789,0.523587467387966));
#3160=CARTESIAN_POINT('Ctrl Pts',(-19.4770303591438,17.7688591128828,0.523587467387966));
#3161=CARTESIAN_POINT('Ctrl Pts',(-19.4786034058602,17.7726463157431,0.523587467387966));
#3162=CARTESIAN_POINT('Ctrl Pts',(-19.4803321116038,17.7763076731802,0.523587467387966));
#3163=CARTESIAN_POINT('Ctrl Pts',(-19.4843527290822,17.7834333833107,0.523587467387966));
#3164=CARTESIAN_POINT('Ctrl Pts',(-19.4869951122603,17.7873557590608,0.523587467387966));
#3165=CARTESIAN_POINT('Ctrl Pts',(-19.4918870962151,17.7921269496582,0.523587467387966));
#3166=CARTESIAN_POINT('Ctrl Pts',(-19.4939412373578,17.7936856176872,0.523587467387966));
#3167=CARTESIAN_POINT('Ctrl Pts',(-19.4974367762905,17.7951900410845,0.523587467387966));
#3168=CARTESIAN_POINT('Ctrl Pts',(-19.4986837703832,17.7955406042877,0.523587467387966));
#3169=CARTESIAN_POINT('Ctrl Pts',(-19.4999695296143,17.7956881185789,0.523587467387966));
#3170=CARTESIAN_POINT('Ctrl Pts',(-19.4770303601787,17.7688591097183,1.21340400318609));
#3171=CARTESIAN_POINT('Ctrl Pts',(-19.4842528642648,17.7862467056596,1.21340400318609));
#3172=CARTESIAN_POINT('Ctrl Pts',(-19.4926542932261,17.7957668394509,1.21340400318609));
#3173=CARTESIAN_POINT('Ctrl Pts',(-19.5013422522667,17.7957668394509,1.21340400318609));
#3174=CARTESIAN_POINT('',(-19.4999695296143,17.7956881185789,1.07358747334843));
#3175=CARTESIAN_POINT('Ctrl Pts',(-19.4999715351588,17.7956877990486,1.07358747334843));
#3176=CARTESIAN_POINT('Ctrl Pts',(-19.4917722696151,17.7947418206183,1.07358747334843));
#3177=CARTESIAN_POINT('Ctrl Pts',(-19.4838723304442,17.785330601184,1.07358747334843));
#3178=CARTESIAN_POINT('Ctrl Pts',(-19.4770303601791,17.7688591097191,1.07358747334843));
#3179=CARTESIAN_POINT('Ctrl Pts',(-19.4999695296143,17.7956881185789,0.523587467387966));
#3180=CARTESIAN_POINT('Ctrl Pts',(-19.4999695296143,17.7956881185789,0.706920802708121));
#3181=CARTESIAN_POINT('Ctrl Pts',(-19.4999695296143,17.7956881185789,0.890254138028274));
#3182=CARTESIAN_POINT('Ctrl Pts',(-19.4999695296143,17.7956881185789,1.07358747334843));
#3183=CARTESIAN_POINT('Ctrl Pts',(-19.5246506890205,17.4326680740805,0.384774691478558));
#3184=CARTESIAN_POINT('Ctrl Pts',(-19.5176907440728,17.4168353653032,0.384774691478558));
#3185=CARTESIAN_POINT('Ctrl Pts',(-19.5014559363308,17.3995320937146,0.384774691478558));
#3186=CARTESIAN_POINT('Ctrl Pts',(-19.485189232718,17.4165534016337,0.384774691478558));
#3187=CARTESIAN_POINT('Ctrl Pts',(-19.4782122165753,17.4322642978685,0.384774691478558));
#3188=CARTESIAN_POINT('Ctrl Pts',(-19.5246506890205,17.4326680740805,0.660984462047736));
#3189=CARTESIAN_POINT('Ctrl Pts',(-19.5176907440728,17.4168353653032,0.660984462047736));
#3190=CARTESIAN_POINT('Ctrl Pts',(-19.5014559363308,17.3995320937146,0.660984462047736));
#3191=CARTESIAN_POINT('Ctrl Pts',(-19.485189232718,17.4165534016337,0.660984462047736));
#3192=CARTESIAN_POINT('Ctrl Pts',(-19.4782122165753,17.4322642978685,0.660984462047736));
#3193=CARTESIAN_POINT('Ctrl Pts',(-19.5246506890205,17.4326680740805,0.937194232616914));
#3194=CARTESIAN_POINT('Ctrl Pts',(-19.5176907440728,17.4168353653032,0.937194232616914));
#3195=CARTESIAN_POINT('Ctrl Pts',(-19.5014559363308,17.3995320937146,0.937194232616914));
#3196=CARTESIAN_POINT('Ctrl Pts',(-19.485189232718,17.4165534016337,0.937194232616914));
#3197=CARTESIAN_POINT('Ctrl Pts',(-19.4782122165753,17.4322642978685,0.937194232616914));
#3198=CARTESIAN_POINT('Ctrl Pts',(-19.5246506890205,17.4326680740805,1.21340400318609));
#3199=CARTESIAN_POINT('Ctrl Pts',(-19.5176907440728,17.4168353653032,1.21340400318609));
#3200=CARTESIAN_POINT('Ctrl Pts',(-19.5014559363308,17.3995320937146,1.21340400318609));
#3201=CARTESIAN_POINT('Ctrl Pts',(-19.485189232718,17.4165534016337,1.21340400318609));
#3202=CARTESIAN_POINT('Ctrl Pts',(-19.4782122165753,17.4322642978685,1.21340400318609));
#3203=CARTESIAN_POINT('',(-19.4782122163721,17.4322642977782,1.21340400318609));
#3204=CARTESIAN_POINT('Ctrl Pts',(-19.4782122168333,17.4322642972874,1.21340400318609));
#3205=CARTESIAN_POINT('Ctrl Pts',(-19.4782122168333,17.4322642972874,1.0752991179015));
#3206=CARTESIAN_POINT('Ctrl Pts',(-19.4782122168333,17.4322642972874,0.937194232616914));
#3207=CARTESIAN_POINT('Ctrl Pts',(-19.4782122168333,17.4322642972874,0.660984462047736));
#3208=CARTESIAN_POINT('Ctrl Pts',(-19.4782122168333,17.4322642972874,0.522879576763149));
#3209=CARTESIAN_POINT('Ctrl Pts',(-19.4782122168333,17.4322642972874,0.384774691478558));
#3210=CARTESIAN_POINT('',(-19.5246506890198,17.4326680740789,1.21340400318609));
#3211=CARTESIAN_POINT('Ctrl Pts',(-19.5246506890198,17.4326680740789,1.2134040031861));
#3212=CARTESIAN_POINT('Ctrl Pts',(-19.5172681300108,17.4158739891121,1.21340400318609));
#3213=CARTESIAN_POINT('Ctrl Pts',(-19.5093499889547,17.4082021510487,1.21340400318605));
#3214=CARTESIAN_POINT('Ctrl Pts',(-19.5014350512062,17.4081360450001,1.21340400318605));
#3215=CARTESIAN_POINT('Ctrl Pts',(-19.4935201134576,17.4080699389514,1.21340400318605));
#3216=CARTESIAN_POINT('Ctrl Pts',(-19.4856083790166,17.4156095649176,1.21340400318609));
#3217=CARTESIAN_POINT('Ctrl Pts',(-19.4782122165753,17.4322642978685,1.2134040031861));
#3218=CARTESIAN_POINT('Ctrl Pts',(-19.5246506890198,17.4326680740789,0.384774691478558));
#3219=CARTESIAN_POINT('Ctrl Pts',(-19.5246506890198,17.4326680740789,0.429117267478951));
#3220=CARTESIAN_POINT('Ctrl Pts',(-19.5246506890198,17.4326680740789,0.473459843479347));
#3221=CARTESIAN_POINT('Ctrl Pts',(-19.5246506890198,17.4326680740789,0.749669614048525));
#3222=CARTESIAN_POINT('Ctrl Pts',(-19.5246506890198,17.4326680740789,0.981536808617307));
#3223=CARTESIAN_POINT('Ctrl Pts',(-19.5246506890198,17.4326680740789,1.21340400318609));
#3224=CARTESIAN_POINT('Ctrl Pts',(-19.5013422522667,17.7957668394509,1.21340400274276));
#3225=CARTESIAN_POINT('Ctrl Pts',(-19.5019178529063,17.7957668394509,1.21340400274276));
#3226=CARTESIAN_POINT('Ctrl Pts',(-19.5030771807376,17.7956837551582,1.2134040027428));
#3227=CARTESIAN_POINT('Ctrl Pts',(-19.5065941244715,17.7949164766722,1.21340400274309));
#3228=CARTESIAN_POINT('Ctrl Pts',(-19.511949255785,17.7917644426661,1.21340400274405));
#3229=CARTESIAN_POINT('Ctrl Pts',(-19.5178677084974,17.7843945173626,1.21340400274485));
#3230=CARTESIAN_POINT('Ctrl Pts',(-19.5219071583384,17.7771130318505,1.21340400274525));
#3231=CARTESIAN_POINT('Ctrl Pts',(-19.5241673475118,17.7723521779164,1.21340400274545));
#3232=CARTESIAN_POINT('Ctrl Pts',(-19.5252790751245,17.7697731259239,1.21340400274554));
#3233=CARTESIAN_POINT('Ctrl Pts',(-19.5258295101371,17.7684348290432,1.21340400274558));
#3234=CARTESIAN_POINT('Ctrl Pts',(-19.5013422522667,17.795766839508,1.22062232916971));
#3235=CARTESIAN_POINT('Ctrl Pts',(-19.5019178340418,17.795766839508,1.22062232916971));
#3236=CARTESIAN_POINT('Ctrl Pts',(-19.5030771028051,17.7956836154122,1.2206218850895));
#3237=CARTESIAN_POINT('Ctrl Pts',(-19.5065937351824,17.7949155834067,1.22061726181772));
#3238=CARTESIAN_POINT('Ctrl Pts',(-19.511947609407,17.7917625984338,1.22060369711778));
#3239=CARTESIAN_POINT('Ctrl Pts',(-19.5178671314498,17.78439380387,1.22059104009187));
#3240=CARTESIAN_POINT('Ctrl Pts',(-19.5219070893718,17.7771125746935,1.22058324318477));
#3241=CARTESIAN_POINT('Ctrl Pts',(-19.5241673989396,17.7723520521062,1.22057919222912));
#3242=CARTESIAN_POINT('Ctrl Pts',(-19.5252790947779,17.7697730372351,1.22057734973715));
#3243=CARTESIAN_POINT('Ctrl Pts',(-19.5258295101442,17.7684348290918,1.22057643572418));
#3244=CARTESIAN_POINT('Ctrl Pts',(-19.5013422522667,17.7929180368374,1.23633808359898));
#3245=CARTESIAN_POINT('Ctrl Pts',(-19.5019080921014,17.7929180368374,1.23633808359898));
#3246=CARTESIAN_POINT('Ctrl Pts',(-19.5030476457995,17.7928367038575,1.23633647414473));
#3247=CARTESIAN_POINT('Ctrl Pts',(-19.506506302336,17.7920875280023,1.23632138810972));
#3248=CARTESIAN_POINT('Ctrl Pts',(-19.5117852555374,17.788995271947,1.23626981306209));
#3249=CARTESIAN_POINT('Ctrl Pts',(-19.5176188932598,17.7817338934895,1.2362281291578));
#3250=CARTESIAN_POINT('Ctrl Pts',(-19.5215992206159,17.7745594096974,1.23620975152952));
#3251=CARTESIAN_POINT('Ctrl Pts',(-19.5238268421983,17.7698683813001,1.23620100975676));
#3252=CARTESIAN_POINT('Ctrl Pts',(-19.5249224053085,17.7673270587344,1.23619736352107));
#3253=CARTESIAN_POINT('Ctrl Pts',(-19.5254649624951,17.7660084190708,1.23619559569414));
#3254=CARTESIAN_POINT('Ctrl Pts',(-19.5013422522667,17.7748284555345,1.26092688584801));
#3255=CARTESIAN_POINT('Ctrl Pts',(-19.5018481540409,17.7748284555345,1.26092688584801));
#3256=CARTESIAN_POINT('Ctrl Pts',(-19.5028674587168,17.7747568920348,1.26092586880204));
#3257=CARTESIAN_POINT('Ctrl Pts',(-19.5059638464867,17.7740967429355,1.26091726549448));
#3258=CARTESIAN_POINT('Ctrl Pts',(-19.5107370646728,17.7713576060837,1.26087811416891));
#3259=CARTESIAN_POINT('Ctrl Pts',(-19.5160618481305,17.7648191811741,1.26080840861997));
#3260=CARTESIAN_POINT('Ctrl Pts',(-19.5196876494225,17.7583320259339,1.26076380382183));
#3261=CARTESIAN_POINT('Ctrl Pts',(-19.5217154741102,17.7540867431933,1.26074004679996));
#3262=CARTESIAN_POINT('Ctrl Pts',(-19.5227120462158,17.7517859929215,1.26072900492777));
#3263=CARTESIAN_POINT('Ctrl Pts',(-19.523205351381,17.7505919707395,1.26072365730718));
#3264=CARTESIAN_POINT('Ctrl Pts',(-19.5013422522667,17.7546215352348,1.267813040986));
#3265=CARTESIAN_POINT('Ctrl Pts',(-19.5017828887134,17.7546215352348,1.267813040986));
#3266=CARTESIAN_POINT('Ctrl Pts',(-19.502670253532,17.754557628221,1.26781346168023));
#3267=CARTESIAN_POINT('Ctrl Pts',(-19.5053665678145,17.7539733327237,1.26781460707007));
#3268=CARTESIAN_POINT('Ctrl Pts',(-19.5095224455568,17.7515560150871,1.26781979400147));
#3269=CARTESIAN_POINT('Ctrl Pts',(-19.5141988958853,17.7458042305366,1.26781917349384));
#3270=CARTESIAN_POINT('Ctrl Pts',(-19.5174040662496,17.7400903400994,1.26781190323575));
#3271=CARTESIAN_POINT('Ctrl Pts',(-19.519201006925,17.7363504575361,1.26780569507273));
#3272=CARTESIAN_POINT('Ctrl Pts',(-19.5200849185487,17.7343220379581,1.26780245345796));
#3273=CARTESIAN_POINT('Ctrl Pts',(-19.5205229216845,17.7332697076121,1.26780050927723));
#3274=CARTESIAN_POINT('Ctrl Pts',(-19.5013422522667,17.7439112709764,1.2681782979103));
#3275=CARTESIAN_POINT('Ctrl Pts',(-19.5017488352477,17.7439112709764,1.2681782979103));
#3276=CARTESIAN_POINT('Ctrl Pts',(-19.5025679678994,17.7438526228014,1.26817829481406));
#3277=CARTESIAN_POINT('Ctrl Pts',(-19.5050566944408,17.7433109906449,1.26817826639109));
#3278=CARTESIAN_POINT('Ctrl Pts',(-19.5088938613852,17.741067056666,1.26817814857864));
#3279=CARTESIAN_POINT('Ctrl Pts',(-19.5132038257106,17.7357171015605,1.26817787710029));
#3280=CARTESIAN_POINT('Ctrl Pts',(-19.5161560770934,17.7304028134796,1.268177621252));
#3281=CARTESIAN_POINT('Ctrl Pts',(-19.51781077973,17.7269231429567,1.26817745900379));
#3282=CARTESIAN_POINT('Ctrl Pts',(-19.518625128143,17.7250367303852,1.26817737298287));
#3283=CARTESIAN_POINT('Ctrl Pts',(-19.5190284760917,17.724057555477,1.26817732890156));
#3284=CARTESIAN_POINT('',(-19.5257057309131,17.7684538630556,1.2185874614275));
#3285=CARTESIAN_POINT('Ctrl Pts',(-19.5257048736246,17.7684520314612,1.21859200715291));
#3286=CARTESIAN_POINT('Ctrl Pts',(-19.5257880256056,17.7684398407261,1.21686529925326));
#3287=CARTESIAN_POINT('Ctrl Pts',(-19.5258295101366,17.7684348290439,1.21513117541112));
#3288=CARTESIAN_POINT('Ctrl Pts',(-19.5258295101367,17.7684348290442,1.21340400318609));
#3289=CARTESIAN_POINT('',(-19.5013422522667,17.7439123957408,1.26817825953989));
#3290=CARTESIAN_POINT('Ctrl Pts',(-19.5013422522667,17.7439123957408,1.2681782595399));
#3291=CARTESIAN_POINT('Ctrl Pts',(-19.5101241128609,17.7438228259881,1.26818131609865));
#3292=CARTESIAN_POINT('Ctrl Pts',(-19.5161323556659,17.7464894830081,1.2666977687011));
#3293=CARTESIAN_POINT('Ctrl Pts',(-19.5187795860891,17.7515717126138,1.26168006443044));
#3294=CARTESIAN_POINT('Ctrl Pts',(-19.5226630251571,17.7590272513651,1.25431918317664));
#3295=CARTESIAN_POINT('Ctrl Pts',(-19.5248409463247,17.7685865177912,1.23661855588673));
#3296=CARTESIAN_POINT('Ctrl Pts',(-19.5257057309131,17.7684538630556,1.2185874614275));
#3297=CARTESIAN_POINT('Ctrl Pts',(-19.5013422522667,17.7439123957418,1.26817825953825));
#3298=CARTESIAN_POINT('Ctrl Pts',(-19.5013422522667,17.7546223840599,1.26781275171588));
#3299=CARTESIAN_POINT('Ctrl Pts',(-19.5013422522667,17.7667460200129,1.26368106871502));
#3300=CARTESIAN_POINT('Ctrl Pts',(-19.5013422522667,17.7762469549073,1.25570583580605));
#3301=CARTESIAN_POINT('Ctrl Pts',(-19.5013422522667,17.7825811332357,1.25038882774128));
#3302=CARTESIAN_POINT('Ctrl Pts',(-19.5013422522667,17.7877495850366,1.24336345567013));
#3303=CARTESIAN_POINT('Ctrl Pts',(-19.5013422522667,17.7910460116046,1.23592183102724));
#3304=CARTESIAN_POINT('Ctrl Pts',(-19.5013422522667,17.7943424381052,1.2284802065367));
#3305=CARTESIAN_POINT('Ctrl Pts',(-19.5013422522667,17.7957668394497,1.22062232949146));
#3306=CARTESIAN_POINT('Ctrl Pts',(-19.5013422522667,17.7957668394509,1.2134040031861));
#3307=CARTESIAN_POINT('Ctrl Pts',(-19.4770303591435,17.7688591128819,1.21340400274557));
#3308=CARTESIAN_POINT('Ctrl Pts',(-19.4803146877911,17.7767663280456,1.21340400274532));
#3309=CARTESIAN_POINT('Ctrl Pts',(-19.4883973088694,17.7910989028007,1.21340400274464));
#3310=CARTESIAN_POINT('Ctrl Pts',(-19.4967723411287,17.7957668394509,1.21340400274275));
#3311=CARTESIAN_POINT('Ctrl Pts',(-19.5013422522667,17.7957668394509,1.21340400274275));
#3312=CARTESIAN_POINT('Ctrl Pts',(-19.4770303591328,17.768859112955,1.22416281148));
#3313=CARTESIAN_POINT('Ctrl Pts',(-19.4803182089056,17.7767727349908,1.22416881577147));
#3314=CARTESIAN_POINT('Ctrl Pts',(-19.488401558023,17.7911057709526,1.2241813620492));
#3315=CARTESIAN_POINT('Ctrl Pts',(-19.4967673633314,17.7957668395366,1.22423132994449));
#3316=CARTESIAN_POINT('Ctrl Pts',(-19.5013422522667,17.7957668395366,1.22423132994449));
#3317=CARTESIAN_POINT('Ctrl Pts',(-19.4777660735255,17.7638147453249,1.24476466452423));
#3318=CARTESIAN_POINT('Ctrl Pts',(-19.4809517209693,17.7714818561418,1.24478267022604));
#3319=CARTESIAN_POINT('Ctrl Pts',(-19.488797816089,17.7853938245038,1.24484476727061));
#3320=CARTESIAN_POINT('Ctrl Pts',(-19.4969336632692,17.7898504917513,1.24496808342724));
#3321=CARTESIAN_POINT('Ctrl Pts',(-19.5013422522667,17.7898504917513,1.24496808342724));
#3322=CARTESIAN_POINT('Ctrl Pts',(-19.4807125500202,17.743792054649,1.2642910895927));
#3323=CARTESIAN_POINT('Ctrl Pts',(-19.4835233285173,17.750503839653,1.26431976961978));
#3324=CARTESIAN_POINT('Ctrl Pts',(-19.4904711918514,17.7626541556659,1.26439843554676));
#3325=CARTESIAN_POINT('Ctrl Pts',(-19.4975387772024,17.7664608907753,1.26442633552238));
#3326=CARTESIAN_POINT('Ctrl Pts',(-19.5013422522667,17.7664608907753,1.26442633552238));
#3327=CARTESIAN_POINT('Ctrl Pts',(-19.4827953133484,17.7305259497242,1.2679260452365));
#3328=CARTESIAN_POINT('Ctrl Pts',(-19.4853412543337,17.7365997871145,1.26793051385121));
#3329=CARTESIAN_POINT('Ctrl Pts',(-19.4916083718929,17.7475905452422,1.26793250412351));
#3330=CARTESIAN_POINT('Ctrl Pts',(-19.497932708745,17.7510525190011,1.26793460355621));
#3331=CARTESIAN_POINT('Ctrl Pts',(-19.5013422522667,17.7510525190011,1.26793460355621));
#3332=CARTESIAN_POINT('Ctrl Pts',(-19.4837843724627,17.7243689461186,1.26817730332706));
#3333=CARTESIAN_POINT('Ctrl Pts',(-19.4861909343886,17.7301540017483,1.26817756476988));
#3334=CARTESIAN_POINT('Ctrl Pts',(-19.4921196176674,17.7406223609325,1.26817808083389));
#3335=CARTESIAN_POINT('Ctrl Pts',(-19.4981142075711,17.7439123957408,1.26817825953989));
#3336=CARTESIAN_POINT('Ctrl Pts',(-19.5013422522667,17.7439123957408,1.26817825953989));
#3337=CARTESIAN_POINT('Ctrl Pts',(-19.4771541485958,17.7688759508275,1.21858746142749));
#3338=CARTESIAN_POINT('Ctrl Pts',(-19.4780940746867,17.7690034480812,1.23818366553531));
#3339=CARTESIAN_POINT('Ctrl Pts',(-19.4804881017451,17.7575840260668,1.25670541264148));
#3340=CARTESIAN_POINT('Ctrl Pts',(-19.4850690012478,17.7501479821885,1.26332271148414));
#3341=CARTESIAN_POINT('Ctrl Pts',(-19.4880736638173,17.7452705988943,1.26766307086827));
#3342=CARTESIAN_POINT('Ctrl Pts',(-19.4949375226938,17.7439777201716,1.26817603035031));
#3343=CARTESIAN_POINT('Ctrl Pts',(-19.5013422522667,17.7439123957408,1.2681782595399));
#3344=CARTESIAN_POINT('Ctrl Pts',(-19.5246506890198,17.4326680740789,1.21340400274549));
#3345=CARTESIAN_POINT('Ctrl Pts',(-19.517268130011,17.4158739891126,1.2134040027449));
#3346=CARTESIAN_POINT('Ctrl Pts',(-19.5014318478987,17.4005303129864,1.2134040027405));
#3347=CARTESIAN_POINT('Ctrl Pts',(-19.4856083790163,17.4156095649181,1.21340400274488));
#3348=CARTESIAN_POINT('Ctrl Pts',(-19.4782122165753,17.4322642978685,1.21340400274548));
#3349=CARTESIAN_POINT('Ctrl Pts',(-19.5246506890296,17.4326680740076,1.22375191649215));
#3350=CARTESIAN_POINT('Ctrl Pts',(-19.5172618776133,17.4158627761635,1.22376567171915));
#3351=CARTESIAN_POINT('Ctrl Pts',(-19.5014318555846,17.400503237921,1.22386701935396));
#3352=CARTESIAN_POINT('Ctrl Pts',(-19.4856146381566,17.4155984599149,1.22376613828946));
#3353=CARTESIAN_POINT('Ctrl Pts',(-19.4782122165655,17.4322642977969,1.2237522526976));
#3354=CARTESIAN_POINT('Ctrl Pts',(-19.5240064914875,17.4373432380427,1.24344747943158));
#3355=CARTESIAN_POINT('Ctrl Pts',(-19.5168253410893,17.4210158245011,1.24348851876743));
#3356=CARTESIAN_POINT('Ctrl Pts',(-19.5014284576046,17.4062108127483,1.24378936790112));
#3357=CARTESIAN_POINT('Ctrl Pts',(-19.4860459506474,17.420758746111,1.24349002854891));
#3358=CARTESIAN_POINT('Ctrl Pts',(-19.4788514667851,17.4369506065723,1.24344838960085));
#3359=CARTESIAN_POINT('Ctrl Pts',(-19.5213761793404,17.4562282571687,1.26301191755744));
#3360=CARTESIAN_POINT('Ctrl Pts',(-19.5149801614952,17.4417903972786,1.26307698925316));
#3361=CARTESIAN_POINT('Ctrl Pts',(-19.5014154157138,17.428918717658,1.26322256432239));
#3362=CARTESIAN_POINT('Ctrl Pts',(-19.4878709222286,17.4415639338787,1.26307881124969));
#3363=CARTESIAN_POINT('Ctrl Pts',(-19.481462826783,17.4558811996659,1.26301347143273));
#3364=CARTESIAN_POINT('Ctrl Pts',(-19.5194742106575,17.4691441779156,1.26734870134682));
#3365=CARTESIAN_POINT('Ctrl Pts',(-19.5136432813308,17.4560092049501,1.26736849062183));
#3366=CARTESIAN_POINT('Ctrl Pts',(-19.5014077154884,17.4443066815628,1.26737293608135));
#3367=CARTESIAN_POINT('Ctrl Pts',(-19.4891923749304,17.4558033364798,1.26736860881027));
#3368=CARTESIAN_POINT('Ctrl Pts',(-19.4833510662725,17.4688283041813,1.26734905195837));
#3369=CARTESIAN_POINT('Ctrl Pts',(-19.518549695008,17.4752515817256,1.26799277030189));
#3370=CARTESIAN_POINT('Ctrl Pts',(-19.5130190944636,17.4627182665545,1.26799652578859));
#3371=CARTESIAN_POINT('Ctrl Pts',(-19.5014044919068,17.4515528580597,1.26800081864665));
#3372=CARTESIAN_POINT('Ctrl Pts',(-19.4898088448547,17.4625218593457,1.26799659549653));
#3373=CARTESIAN_POINT('Ctrl Pts',(-19.48426845283,17.4749502572829,1.26799286072085));
#3374=CARTESIAN_POINT('',(-19.478342538184,17.4322475048263,1.2185874614275));
#3375=CARTESIAN_POINT('Ctrl Pts',(-19.4783449865098,17.4322651371106,1.21860175387002));
#3376=CARTESIAN_POINT('Ctrl Pts',(-19.4782565321294,17.4322666279134,1.21686949623655));
#3377=CARTESIAN_POINT('Ctrl Pts',(-19.4782122168336,17.4322642972887,1.21513117034355));
#3378=CARTESIAN_POINT('Ctrl Pts',(-19.4782122168333,17.4322642972874,1.21340400318609));
#3379=CARTESIAN_POINT('',(-19.5245203790823,17.4326489741866,1.2185874614275));
#3380=CARTESIAN_POINT('Ctrl Pts',(-19.5245203790823,17.4326489741866,1.2185874614275));
#3381=CARTESIAN_POINT('Ctrl Pts',(-19.5234994184709,17.4324997337052,1.23880249908496));
#3382=CARTESIAN_POINT('Ctrl Pts',(-19.5210269554335,17.4447578103324,1.25766535776184));
#3383=CARTESIAN_POINT('Ctrl Pts',(-19.5157427662647,17.4519034187686,1.26388305129904));
#3384=CARTESIAN_POINT('Ctrl Pts',(-19.5111219914242,17.4581519171904,1.26932013179419));
#3385=CARTESIAN_POINT('Ctrl Pts',(-19.5065270408461,17.4572537992334,1.26812649609761));
#3386=CARTESIAN_POINT('Ctrl Pts',(-19.4996642092736,17.4570134628993,1.2679793815767));
#3387=CARTESIAN_POINT('Ctrl Pts',(-19.4891881411688,17.4566465910363,1.26775481220998));
#3388=CARTESIAN_POINT('Ctrl Pts',(-19.4847730261787,17.4484295887979,1.26330734206588));
#3389=CARTESIAN_POINT('Ctrl Pts',(-19.4821215463806,17.4412348268072,1.2516451339177));
#3390=CARTESIAN_POINT('Ctrl Pts',(-19.4801537401303,17.4358952056552,1.24298997987814));
#3391=CARTESIAN_POINT('Ctrl Pts',(-19.4789538916563,17.4321689698761,1.23069121001158));
#3392=CARTESIAN_POINT('Ctrl Pts',(-19.478342538184,17.4322475048263,1.2185874614275));
#3393=CARTESIAN_POINT('Ctrl Pts',(-19.5246506890198,17.4326680740789,1.2134040031861));
#3394=CARTESIAN_POINT('Ctrl Pts',(-19.5246506890196,17.4326680740803,1.21513117921457));
#3395=CARTESIAN_POINT('Ctrl Pts',(-19.5246063665678,17.4326696215082,1.21686950024533));
#3396=CARTESIAN_POINT('Ctrl Pts',(-19.5245179052339,17.4326665690479,1.21860175736414));
#3397=CARTESIAN_POINT('Ctrl Pts',(-19.6680730925526,17.5770020281699,0.3785874614275));
#3398=CARTESIAN_POINT('Ctrl Pts',(-19.650359235865,17.4510010225647,0.3785874614275));
#3399=CARTESIAN_POINT('Ctrl Pts',(-19.5244646682753,17.4326408400107,0.3785874614275));
#3400=CARTESIAN_POINT('Ctrl Pts',(-19.6680730925526,17.5770020281699,1.2185874614275));
#3401=CARTESIAN_POINT('Ctrl Pts',(-19.650359235865,17.4510010225647,1.2185874614275));
#3402=CARTESIAN_POINT('Ctrl Pts',(-19.5244646682753,17.4326408400107,1.2185874614275));
#3403=CARTESIAN_POINT('',(-19.6680654554787,17.5769477681628,1.2185874614275));
#3404=CARTESIAN_POINT('Origin',(-19.4999695296162,17.6006401922841,1.2185874614275));
#3405=CARTESIAN_POINT('',(-19.6680475174105,17.576820824541,1.21340400318609));
#3406=CARTESIAN_POINT('Ctrl Pts',(-19.6680468489388,17.5769504853614,1.21860223025153));
#3407=CARTESIAN_POINT('Ctrl Pts',(-19.6680451818493,17.576864136067,1.21686955491958));
#3408=CARTESIAN_POINT('Ctrl Pts',(-19.6680475185998,17.5768208256281,1.21513117276401));
#3409=CARTESIAN_POINT('Ctrl Pts',(-19.6680475186011,17.5768208256278,1.21340400318608));
#3410=CARTESIAN_POINT('',(-19.6680475186006,17.5768208256273,0.384774691478558));
#3411=CARTESIAN_POINT('Ctrl Pts',(-19.6680475186011,17.5768208256278,1.21340400318609));
#3412=CARTESIAN_POINT('Ctrl Pts',(-19.6680475186011,17.5768208256278,1.0752991179015));
#3413=CARTESIAN_POINT('Ctrl Pts',(-19.6680475186011,17.5768208256278,0.937194232616914));
#3414=CARTESIAN_POINT('Ctrl Pts',(-19.6680475186011,17.5768208256278,0.660984462047736));
#3415=CARTESIAN_POINT('Ctrl Pts',(-19.6680475186011,17.5768208256278,0.522879576763149));
#3416=CARTESIAN_POINT('Ctrl Pts',(-19.6680475186011,17.5768208256278,0.384774691478558));
#3417=CARTESIAN_POINT('',(-19.6680730925525,17.5770020281699,0.3785874614275));
#3418=CARTESIAN_POINT('Ctrl Pts',(-19.6680475186011,17.5768208256278,0.384774691478567));
#3419=CARTESIAN_POINT('Ctrl Pts',(-19.6680475186008,17.5768208256278,0.38271338028401));
#3420=CARTESIAN_POINT('Ctrl Pts',(-19.6680451424601,17.5768823680833,0.38063535410456));
#3421=CARTESIAN_POINT('Ctrl Pts',(-19.6680503051317,17.5770053793634,0.378568780577654));
#3422=CARTESIAN_POINT('Origin',(-19.4999695296162,17.6006401922841,0.3785874614275));
#3423=CARTESIAN_POINT('Ctrl Pts',(-19.5763601874715,17.6006401922841,0.3785874614275));
#3424=CARTESIAN_POINT('Ctrl Pts',(-19.5763601874715,17.6770394439895,0.3785874614275));
#3425=CARTESIAN_POINT('Ctrl Pts',(-19.4999695296162,17.6770394439895,0.3785874614275));
#3426=CARTESIAN_POINT('Ctrl Pts',(-19.4235788717609,17.6770394439895,0.3785874614275));
#3427=CARTESIAN_POINT('Ctrl Pts',(-19.4235788717609,17.6006401922841,0.3785874614275));
#3428=CARTESIAN_POINT('Ctrl Pts',(-19.4235788717609,17.5242409405786,0.3785874614275));
#3429=CARTESIAN_POINT('Ctrl Pts',(-19.4999695296162,17.5242409405786,0.3785874614275));
#3430=CARTESIAN_POINT('Ctrl Pts',(-19.5763601874715,17.5242409405786,0.3785874614275));
#3431=CARTESIAN_POINT('Ctrl Pts',(-19.5763601874715,17.6006401922841,0.3785874614275));
#3432=CARTESIAN_POINT('Ctrl Pts',(-19.5763601874715,17.6006401922841,0.4335874614275));
#3433=CARTESIAN_POINT('Ctrl Pts',(-19.5763601874715,17.6770394439895,0.4335874614275));
#3434=CARTESIAN_POINT('Ctrl Pts',(-19.4999695296162,17.6770394439895,0.4335874614275));
#3435=CARTESIAN_POINT('Ctrl Pts',(-19.4235788717609,17.6770394439895,0.4335874614275));
#3436=CARTESIAN_POINT('Ctrl Pts',(-19.4235788717609,17.6006401922841,0.4335874614275));
#3437=CARTESIAN_POINT('Ctrl Pts',(-19.4235788717609,17.5242409405786,0.4335874614275));
#3438=CARTESIAN_POINT('Ctrl Pts',(-19.4999695296162,17.5242409405786,0.4335874614275));
#3439=CARTESIAN_POINT('Ctrl Pts',(-19.5763601874715,17.5242409405786,0.4335874614275));
#3440=CARTESIAN_POINT('Ctrl Pts',(-19.5763601874715,17.6006401922841,0.4335874614275));
#3441=CARTESIAN_POINT('Ctrl Pts',(-19.6230433672719,17.6006401922841,0.4335874614275));
#3442=CARTESIAN_POINT('Ctrl Pts',(-19.6230433672719,17.7237278755873,0.4335874614275));
#3443=CARTESIAN_POINT('Ctrl Pts',(-19.4999695296162,17.7237278755873,0.4335874614275));
#3444=CARTESIAN_POINT('Ctrl Pts',(-19.3768956919604,17.7237278755873,0.4335874614275));
#3445=CARTESIAN_POINT('Ctrl Pts',(-19.3768956919604,17.6006401922841,0.4335874614275));
#3446=CARTESIAN_POINT('Ctrl Pts',(-19.3768956919604,17.4775525089808,0.4335874614275));
#3447=CARTESIAN_POINT('Ctrl Pts',(-19.4999695296162,17.4775525089808,0.4335874614275));
#3448=CARTESIAN_POINT('Ctrl Pts',(-19.6230433672719,17.4775525089808,0.4335874614275));
#3449=CARTESIAN_POINT('Ctrl Pts',(-19.6230433672719,17.6006401922841,0.4335874614275));
#3450=CARTESIAN_POINT('Ctrl Pts',(-19.6697265470724,17.6006401922841,0.4335874614275));
#3451=CARTESIAN_POINT('Ctrl Pts',(-19.6697265470724,17.7704163071851,0.4335874614275));
#3452=CARTESIAN_POINT('Ctrl Pts',(-19.4999695296162,17.7704163071851,0.4335874614275));
#3453=CARTESIAN_POINT('Ctrl Pts',(-19.33021251216,17.7704163071851,0.4335874614275));
#3454=CARTESIAN_POINT('Ctrl Pts',(-19.33021251216,17.6006401922841,0.4335874614275));
#3455=CARTESIAN_POINT('Ctrl Pts',(-19.33021251216,17.430864077383,0.4335874614275));
#3456=CARTESIAN_POINT('Ctrl Pts',(-19.4999695296162,17.430864077383,0.4335874614275));
#3457=CARTESIAN_POINT('Ctrl Pts',(-19.6697265470724,17.430864077383,0.4335874614275));
#3458=CARTESIAN_POINT('Ctrl Pts',(-19.6697265470724,17.6006401922841,0.4335874614275));
#3459=CARTESIAN_POINT('Ctrl Pts',(-19.6697265470724,17.6006401922841,0.3785874614275));
#3460=CARTESIAN_POINT('Ctrl Pts',(-19.6697265470724,17.7704163071851,0.3785874614275));
#3461=CARTESIAN_POINT('Ctrl Pts',(-19.4999695296162,17.7704163071851,0.3785874614275));
#3462=CARTESIAN_POINT('Ctrl Pts',(-19.33021251216,17.7704163071851,0.3785874614275));
#3463=CARTESIAN_POINT('Ctrl Pts',(-19.33021251216,17.6006401922841,0.3785874614275));
#3464=CARTESIAN_POINT('Ctrl Pts',(-19.33021251216,17.430864077383,0.3785874614275));
#3465=CARTESIAN_POINT('Ctrl Pts',(-19.4999695296162,17.430864077383,0.3785874614275));
#3466=CARTESIAN_POINT('Ctrl Pts',(-19.6697265470724,17.430864077383,0.3785874614275));
#3467=CARTESIAN_POINT('Ctrl Pts',(-19.6697265470724,17.6006401922841,0.3785874614275));
#3468=CARTESIAN_POINT('Ctrl Pts',(-19.6697265470724,17.6006401922841,0.323587461427504));
#3469=CARTESIAN_POINT('Ctrl Pts',(-19.6697265470724,17.7704163071851,0.323587461427504));
#3470=CARTESIAN_POINT('Ctrl Pts',(-19.4999695296162,17.7704163071851,0.323587461427504));
#3471=CARTESIAN_POINT('Ctrl Pts',(-19.33021251216,17.7704163071851,0.323587461427504));
#3472=CARTESIAN_POINT('Ctrl Pts',(-19.33021251216,17.6006401922841,0.323587461427504));
#3473=CARTESIAN_POINT('Ctrl Pts',(-19.33021251216,17.430864077383,0.323587461427504));
#3474=CARTESIAN_POINT('Ctrl Pts',(-19.4999695296162,17.430864077383,0.323587461427504));
#3475=CARTESIAN_POINT('Ctrl Pts',(-19.6697265470724,17.430864077383,0.323587461427504));
#3476=CARTESIAN_POINT('Ctrl Pts',(-19.6697265470724,17.6006401922841,0.323587461427504));
#3477=CARTESIAN_POINT('Ctrl Pts',(-19.6230433672719,17.6006401922841,0.323587461427504));
#3478=CARTESIAN_POINT('Ctrl Pts',(-19.6230433672719,17.7237278755873,0.323587461427504));
#3479=CARTESIAN_POINT('Ctrl Pts',(-19.4999695296162,17.7237278755873,0.323587461427504));
#3480=CARTESIAN_POINT('Ctrl Pts',(-19.3768956919604,17.7237278755873,0.323587461427504));
#3481=CARTESIAN_POINT('Ctrl Pts',(-19.3768956919604,17.6006401922841,0.323587461427504));
#3482=CARTESIAN_POINT('Ctrl Pts',(-19.3768956919604,17.4775525089808,0.323587461427504));
#3483=CARTESIAN_POINT('Ctrl Pts',(-19.4999695296162,17.4775525089808,0.323587461427504));
#3484=CARTESIAN_POINT('Ctrl Pts',(-19.6230433672719,17.4775525089808,0.323587461427504));
#3485=CARTESIAN_POINT('Ctrl Pts',(-19.6230433672719,17.6006401922841,0.323587461427504));
#3486=CARTESIAN_POINT('Ctrl Pts',(-19.5763601874715,17.6006401922841,0.323587461427504));
#3487=CARTESIAN_POINT('Ctrl Pts',(-19.5763601874715,17.6770394439895,0.323587461427504));
#3488=CARTESIAN_POINT('Ctrl Pts',(-19.4999695296162,17.6770394439895,0.323587461427504));
#3489=CARTESIAN_POINT('Ctrl Pts',(-19.4235788717609,17.6770394439895,0.323587461427504));
#3490=CARTESIAN_POINT('Ctrl Pts',(-19.4235788717609,17.6006401922841,0.323587461427504));
#3491=CARTESIAN_POINT('Ctrl Pts',(-19.4235788717609,17.5242409405786,0.323587461427504));
#3492=CARTESIAN_POINT('Ctrl Pts',(-19.4999695296162,17.5242409405786,0.323587461427504));
#3493=CARTESIAN_POINT('Ctrl Pts',(-19.5763601874715,17.5242409405786,0.323587461427504));
#3494=CARTESIAN_POINT('Ctrl Pts',(-19.5763601874715,17.6006401922841,0.323587461427504));
#3495=CARTESIAN_POINT('Ctrl Pts',(-19.5763601874715,17.6006401922841,0.3785874614275));
#3496=CARTESIAN_POINT('Ctrl Pts',(-19.5763601874715,17.6770394439895,0.3785874614275));
#3497=CARTESIAN_POINT('Ctrl Pts',(-19.4999695296162,17.6770394439895,0.3785874614275));
#3498=CARTESIAN_POINT('Ctrl Pts',(-19.4235788717609,17.6770394439895,0.3785874614275));
#3499=CARTESIAN_POINT('Ctrl Pts',(-19.4235788717609,17.6006401922841,0.3785874614275));
#3500=CARTESIAN_POINT('Ctrl Pts',(-19.4235788717609,17.5242409405786,0.3785874614275));
#3501=CARTESIAN_POINT('Ctrl Pts',(-19.4999695296162,17.5242409405786,0.3785874614275));
#3502=CARTESIAN_POINT('Ctrl Pts',(-19.5763601874715,17.5242409405786,0.3785874614275));
#3503=CARTESIAN_POINT('Ctrl Pts',(-19.5763601874715,17.6006401922841,0.3785874614275));
#3504=CARTESIAN_POINT('',(-19.6452698521365,17.6006401922841,0.330221345687516));
#3505=CARTESIAN_POINT('Ctrl Pts',(-19.6680730925525,17.5770020281699,0.37858746142749));
#3506=CARTESIAN_POINT('Ctrl Pts',(-19.6682434888106,17.5782140792917,0.358022417599286));
#3507=CARTESIAN_POINT('Ctrl Pts',(-19.6565652311041,17.5802390863463,0.340222711519385));
#3508=CARTESIAN_POINT('Ctrl Pts',(-19.6495079723314,17.5867283682896,0.33381205434041));
#3509=CARTESIAN_POINT('Ctrl Pts',(-19.6462676968808,17.5897078624034,0.330868660063963));
#3510=CARTESIAN_POINT('Ctrl Pts',(-19.6452698521365,17.5946629878265,0.330221345687516));
#3511=CARTESIAN_POINT('Ctrl Pts',(-19.6452698521365,17.6006401922841,0.330221345687516));
#3512=CARTESIAN_POINT('',(-19.6230433672719,17.6006401922841,0.323587461427504));
#3513=CARTESIAN_POINT('Ctrl Pts',(-19.6230433672719,17.6006401922841,0.323587461427504));
#3514=CARTESIAN_POINT('Ctrl Pts',(-19.6301789164185,17.6006401922841,0.323587461427509));
#3515=CARTESIAN_POINT('Ctrl Pts',(-19.6380709765704,17.6006401922841,0.325629378682469));
#3516=CARTESIAN_POINT('Ctrl Pts',(-19.6452698521365,17.6006401922841,0.330221345687519));
#3517=CARTESIAN_POINT('',(-19.3768956919604,17.6006401922841,0.323587461427501));
#3518=CARTESIAN_POINT('Origin',(-19.4999695296162,17.6006401922841,0.323587461427501));
#3519=CARTESIAN_POINT('Origin',(-19.4999695296162,17.6006401922841,0.323587461427501));
#3520=CARTESIAN_POINT('',(-19.6680730925525,17.6242783563982,0.3785874614275));
#3521=CARTESIAN_POINT('Ctrl Pts',(-19.6452698521365,17.6006401922841,0.330221345687516));
#3522=CARTESIAN_POINT('Ctrl Pts',(-19.6452698521365,17.609761430352,0.330221345687515));
#3523=CARTESIAN_POINT('Ctrl Pts',(-19.6498537201169,17.615677041444,0.332963497804684));
#3524=CARTESIAN_POINT('Ctrl Pts',(-19.6557245957342,17.6185141998821,0.340530852789865));
#3525=CARTESIAN_POINT('Ctrl Pts',(-19.6620271552727,17.6215599738248,0.348654633372448));
#3526=CARTESIAN_POINT('Ctrl Pts',(-19.6681967159598,17.6233990067511,0.363667410854469));
#3527=CARTESIAN_POINT('Ctrl Pts',(-19.6680730925525,17.6242783563982,0.378587461427504));
#3528=CARTESIAN_POINT('Origin',(-19.4999695296162,17.6006401922841,0.3785874614275));
#3529=CARTESIAN_POINT('',(-19.3318659666798,17.5770020281699,0.3785874614275));
#3530=CARTESIAN_POINT('Ctrl Pts',(-19.3318659666798,17.6242783563982,0.378587461427497));
#3531=CARTESIAN_POINT('Ctrl Pts',(-19.3316951753207,17.6230634948709,0.357974733047811));
#3532=CARTESIAN_POINT('Ctrl Pts',(-19.3434235061692,17.6210549502122,0.340162047685851));
#3533=CARTESIAN_POINT('Ctrl Pts',(-19.3504801196441,17.6145067236621,0.333767568304811));
#3534=CARTESIAN_POINT('Ctrl Pts',(-19.3556298174644,17.6097280308639,0.329101075425761));
#3535=CARTESIAN_POINT('Ctrl Pts',(-19.3565109628331,17.5979193331774,0.328759440213087));
#3536=CARTESIAN_POINT('Ctrl Pts',(-19.3532702347546,17.590611013665,0.331389709027885));
#3537=CARTESIAN_POINT('Ctrl Pts',(-19.3490410739561,17.5810736326707,0.334822218479843));
#3538=CARTESIAN_POINT('Ctrl Pts',(-19.3367798338741,17.579909053594,0.346999824830394));
#3539=CARTESIAN_POINT('Ctrl Pts',(-19.3331250869379,17.5780519309936,0.365262345853399));
#3540=CARTESIAN_POINT('Ctrl Pts',(-19.3322516212442,17.5776080882574,0.369626994315396));
#3541=CARTESIAN_POINT('Ctrl Pts',(-19.3318288077836,17.577266344313,0.374102771821129));
#3542=CARTESIAN_POINT('Ctrl Pts',(-19.3318659666798,17.5770020281699,0.378587461427504));
#3543=CARTESIAN_POINT('Origin',(-19.4999695296162,17.6006401922841,0.3785874614275));
#3544=CARTESIAN_POINT('Ctrl Pts',(-19.3318915406324,17.5768208256273,1.21340400274552));
#3545=CARTESIAN_POINT('Ctrl Pts',(-19.3243254989994,17.5800530278973,1.21340400274527));
#3546=CARTESIAN_POINT('Ctrl Pts',(-19.3106293551635,17.5879783213074,1.21340400274458));
#3547=CARTESIAN_POINT('Ctrl Pts',(-19.3061624964379,17.5961679352879,1.21340400274276));
#3548=CARTESIAN_POINT('Ctrl Pts',(-19.3061624964379,17.6006401922841,1.21340400274276));
#3549=CARTESIAN_POINT('Ctrl Pts',(-19.3318915405602,17.576820825617,1.22396027274468));
#3550=CARTESIAN_POINT('Ctrl Pts',(-19.3243199206876,17.5800561141811,1.22396624112153));
#3551=CARTESIAN_POINT('Ctrl Pts',(-19.3106234892347,17.5879819808141,1.22397946867295));
#3552=CARTESIAN_POINT('Ctrl Pts',(-19.3061624963538,17.5961634787393,1.22402658954549));
#3553=CARTESIAN_POINT('Ctrl Pts',(-19.3061624963538,17.6006401922841,1.22402658954549));
#3554=CARTESIAN_POINT('Ctrl Pts',(-19.3367518775373,17.577510304892,1.24411434225443));
#3555=CARTESIAN_POINT('Ctrl Pts',(-19.3294058117553,17.580649884829,1.24413217729474));
#3556=CARTESIAN_POINT('Ctrl Pts',(-19.3160951330067,17.5883544992961,1.24419263658202));
#3557=CARTESIAN_POINT('Ctrl Pts',(-19.311823215101,17.5963189801288,1.24430970361487));
#3558=CARTESIAN_POINT('Ctrl Pts',(-19.311823215101,17.6006401922841,1.24430970361487));
#3559=CARTESIAN_POINT('Ctrl Pts',(-19.3562163277823,17.5802987785212,1.26367262365279));
#3560=CARTESIAN_POINT('Ctrl Pts',(-19.3497532830234,17.5830818425126,1.263700986572));
#3561=CARTESIAN_POINT('Ctrl Pts',(-19.338069341545,17.5899353318487,1.263779189862));
#3562=CARTESIAN_POINT('Ctrl Pts',(-19.3344024458386,17.5968913173048,1.26380975068246));
#3563=CARTESIAN_POINT('Ctrl Pts',(-19.3344024458386,17.6006401922841,1.26380975068246));
#3564=CARTESIAN_POINT('Ctrl Pts',(-19.3693185391385,17.5822921178263,1.26766097850313));
#3565=CARTESIAN_POINT('Ctrl Pts',(-19.3634546912586,17.5848210774277,1.26766753157503));
#3566=CARTESIAN_POINT('Ctrl Pts',(-19.3528597879908,17.5910251968626,1.26767426967019));
#3567=CARTESIAN_POINT('Ctrl Pts',(-19.3495189477197,17.5972697264059,1.26767672411286));
#3568=CARTESIAN_POINT('Ctrl Pts',(-19.3495189477197,17.6006401922841,1.26767672411286));
#3569=CARTESIAN_POINT('Ctrl Pts',(-19.375455725449,17.5832500690071,1.26810735455877));
#3570=CARTESIAN_POINT('Ctrl Pts',(-19.3698657605561,17.5856445310096,1.26810815720893));
#3571=CARTESIAN_POINT('Ctrl Pts',(-19.3597654586844,17.5915212239186,1.26810974156621));
#3572=CARTESIAN_POINT('Ctrl Pts',(-19.3565870266389,17.5974456080191,1.26811029271315));
#3573=CARTESIAN_POINT('Ctrl Pts',(-19.3565870266389,17.6006401922841,1.26811029271315));
#3574=CARTESIAN_POINT('',(-19.3318736037536,17.5769477681628,1.2185874614275));
#3575=CARTESIAN_POINT('',(-19.3565870266389,17.6006401922841,1.26811029271315));
#3576=CARTESIAN_POINT('Ctrl Pts',(-19.3318736037536,17.5769477681628,1.21858746142749));
#3577=CARTESIAN_POINT('Ctrl Pts',(-19.3317299504782,17.5779672064289,1.23931077666559));
#3578=CARTESIAN_POINT('Ctrl Pts',(-19.3440160571702,17.5800522858271,1.25785129996264));
#3579=CARTESIAN_POINT('Ctrl Pts',(-19.3516982846468,17.5858589477393,1.26432111505288));
#3580=CARTESIAN_POINT('Ctrl Pts',(-19.355715187863,17.5888951503227,1.26770406890627));
#3581=CARTESIAN_POINT('Ctrl Pts',(-19.3565870266389,17.5946600349622,1.26811029271314));
#3582=CARTESIAN_POINT('Ctrl Pts',(-19.3565870266389,17.6006401922841,1.26811029271314));
#3583=CARTESIAN_POINT('Ctrl Pts',(-19.3318915406313,17.5768208256278,1.2134040031861));
#3584=CARTESIAN_POINT('Ctrl Pts',(-19.3318915406327,17.576820825628,1.21513117276406));
#3585=CARTESIAN_POINT('Ctrl Pts',(-19.3318938805213,17.5768641299898,1.21686955395754));
#3586=CARTESIAN_POINT('Ctrl Pts',(-19.3318921808346,17.5769505003295,1.21860222518039));
#3587=CARTESIAN_POINT('Ctrl Pts',(-19.3565870266389,17.6006401922841,1.26811029271315));
#3588=CARTESIAN_POINT('Ctrl Pts',(-19.3495189477197,17.6006401922841,1.26767672411286));
#3589=CARTESIAN_POINT('Ctrl Pts',(-19.3419606967791,17.6006401922841,1.26574323739766));
#3590=CARTESIAN_POINT('Ctrl Pts',(-19.3349559669178,17.6006401922841,1.2619907730304));
#3591=CARTESIAN_POINT('Ctrl Pts',(-19.3279512370564,17.6006401922841,1.25823830866315));
#3592=CARTESIAN_POINT('Ctrl Pts',(-19.3215000282742,17.6006401922841,1.25266686664384));
#3593=CARTESIAN_POINT('Ctrl Pts',(-19.3167235880054,17.6006401922841,1.24607870318115));
#3594=CARTESIAN_POINT('Ctrl Pts',(-19.3095589277018,17.6006401922841,1.2361964581246));
#3595=CARTESIAN_POINT('Ctrl Pts',(-19.3061624964483,17.6006401922841,1.2240265898841));
#3596=CARTESIAN_POINT('Ctrl Pts',(-19.3061624964379,17.6006401922841,1.2134040031861));
#3597=CARTESIAN_POINT('Ctrl Pts',(-19.3061624964379,17.6006401922841,1.21340400274276));
#3598=CARTESIAN_POINT('Ctrl Pts',(-19.3061624964379,17.6011992244086,1.21340400274276));
#3599=CARTESIAN_POINT('Ctrl Pts',(-19.306240804287,17.6023251579002,1.21340400274279));
#3600=CARTESIAN_POINT('Ctrl Pts',(-19.3067228884371,17.6046006179458,1.21340400274297));
#3601=CARTESIAN_POINT('Ctrl Pts',(-19.308444841323,17.6086226665318,1.21340400274356));
#3602=CARTESIAN_POINT('Ctrl Pts',(-19.3125133947671,17.613246824307,1.21340400274434));
#3603=CARTESIAN_POINT('Ctrl Pts',(-19.31882509443,17.6178159829002,1.21340400274491));
#3604=CARTESIAN_POINT('Ctrl Pts',(-19.3237182073756,17.6206268358242,1.2134040027452));
#3605=CARTESIAN_POINT('Ctrl Pts',(-19.3282012958932,17.6228338812373,1.2134040027454));
#3606=CARTESIAN_POINT('Ctrl Pts',(-19.3306305336936,17.6239208585625,1.21340400274549));
#3607=CARTESIAN_POINT('Ctrl Pts',(-19.3318915406324,17.6244595589409,1.21340400274553));
#3608=CARTESIAN_POINT('Ctrl Pts',(-19.3061624963818,17.6006401922841,1.22048572727791));
#3609=CARTESIAN_POINT('Ctrl Pts',(-19.3061624963818,17.6011992076485,1.22048572727791));
#3610=CARTESIAN_POINT('Ctrl Pts',(-19.3062409670817,17.6023250849785,1.22048528512618));
#3611=CARTESIAN_POINT('Ctrl Pts',(-19.306723369096,17.6046004108463,1.22048254528504));
#3612=CARTESIAN_POINT('Ctrl Pts',(-19.3084461627372,17.608621791402,1.22047404636437));
#3613=CARTESIAN_POINT('Ctrl Pts',(-19.312514575196,17.6132458156138,1.22046296125195));
#3614=CARTESIAN_POINT('Ctrl Pts',(-19.3188256174948,17.6178157138706,1.22045341098397));
#3615=CARTESIAN_POINT('Ctrl Pts',(-19.3237185347231,17.620626832384,1.22044803326923));
#3616=CARTESIAN_POINT('Ctrl Pts',(-19.3282013923461,17.6228339530685,1.22044414950172));
#3617=CARTESIAN_POINT('Ctrl Pts',(-19.3306306049093,17.6239208866292,1.22044238775151));
#3618=CARTESIAN_POINT('Ctrl Pts',(-19.3318915405842,17.6244595589477,1.2204415160783));
#3619=CARTESIAN_POINT('Ctrl Pts',(-19.3089041984916,17.6006401922841,1.23587288806663));
#3620=CARTESIAN_POINT('Ctrl Pts',(-19.3089041984916,17.601190114941,1.23587288806663));
#3621=CARTESIAN_POINT('Ctrl Pts',(-19.3089808305439,17.6022975610915,1.23587135977942));
#3622=CARTESIAN_POINT('Ctrl Pts',(-19.309452328129,17.6045368098088,1.23586225684467));
#3623=CARTESIAN_POINT('Ctrl Pts',(-19.3111396903692,17.6084999495794,1.23583230243526));
#3624=CARTESIAN_POINT('Ctrl Pts',(-19.3151455369457,17.6130619631188,1.2357913539853));
#3625=CARTESIAN_POINT('Ctrl Pts',(-19.321367045146,17.6175677534897,1.23576349602346));
#3626=CARTESIAN_POINT('Ctrl Pts',(-19.3261909300664,17.6203395335912,1.23575001343637));
#3627=CARTESIAN_POINT('Ctrl Pts',(-19.3306106767957,17.622516037124,1.23574128768334));
#3628=CARTESIAN_POINT('Ctrl Pts',(-19.3330057137685,17.6235879177166,1.23573751745453));
#3629=CARTESIAN_POINT('Ctrl Pts',(-19.3342488942969,17.6241192340162,1.23573569496431));
#3630=CARTESIAN_POINT('Ctrl Pts',(-19.3262822252008,17.6006401922841,1.26017238674159));
#3631=CARTESIAN_POINT('Ctrl Pts',(-19.3262822252008,17.6011341337018,1.26017238674159));
#3632=CARTESIAN_POINT('Ctrl Pts',(-19.3263498380131,17.602129079131,1.26017143111351));
#3633=CARTESIAN_POINT('Ctrl Pts',(-19.3267676069741,17.604143596964,1.26016543646079));
#3634=CARTESIAN_POINT('Ctrl Pts',(-19.3282658907654,17.6077248523916,1.260144107637));
#3635=CARTESIAN_POINT('Ctrl Pts',(-19.3318640510137,17.6118923695702,1.26009644389485));
#3636=CARTESIAN_POINT('Ctrl Pts',(-19.3374997203579,17.6160157457275,1.26004421746519));
#3637=CARTESIAN_POINT('Ctrl Pts',(-19.341878592447,17.6185509563035,1.26001316347833));
#3638=CARTESIAN_POINT('Ctrl Pts',(-19.3458947143819,17.6205397411889,1.2599902242858));
#3639=CARTESIAN_POINT('Ctrl Pts',(-19.348071788634,17.6215187078924,1.2599795035332));
#3640=CARTESIAN_POINT('Ctrl Pts',(-19.3492020544499,17.6220037100908,1.25997432803287));
#3641=CARTESIAN_POINT('Ctrl Pts',(-19.3459849082601,17.6006401922841,1.26745993981271));
#3642=CARTESIAN_POINT('Ctrl Pts',(-19.3459849082601,17.6010723048887,1.26745993981271));
#3643=CARTESIAN_POINT('Ctrl Pts',(-19.3460456553008,17.6019422207477,1.26746043155131));
#3644=CARTESIAN_POINT('Ctrl Pts',(-19.3464158278567,17.6037045186125,1.26746084343325));
#3645=CARTESIAN_POINT('Ctrl Pts',(-19.3477431607144,17.6068373269656,1.26746256031943));
#3646=CARTESIAN_POINT('Ctrl Pts',(-19.3509223755667,17.6104958974748,1.26746436402235));
#3647=CARTESIAN_POINT('Ctrl Pts',(-19.3558997753775,17.6141430090461,1.26745789185794));
#3648=CARTESIAN_POINT('Ctrl Pts',(-19.3597711592869,17.6163934054383,1.26745122075815));
#3649=CARTESIAN_POINT('Ctrl Pts',(-19.3633230820913,17.6181631032034,1.2674438288881));
#3650=CARTESIAN_POINT('Ctrl Pts',(-19.3652498902773,17.6190348971687,1.26744003428695));
#3651=CARTESIAN_POINT('Ctrl Pts',(-19.3662499459832,17.6194672423322,1.2674377904753));
#3652=CARTESIAN_POINT('Ctrl Pts',(-19.3565870266389,17.6006401922841,1.26811029271314));
#3653=CARTESIAN_POINT('Ctrl Pts',(-19.3565870266389,17.6010395153172,1.26811029271314));
#3654=CARTESIAN_POINT('Ctrl Pts',(-19.3566427177728,17.6018438035657,1.26811028337116));
#3655=CARTESIAN_POINT('Ctrl Pts',(-19.356986896797,17.6034726367311,1.26811022553229));
#3656=CARTESIAN_POINT('Ctrl Pts',(-19.3582208425677,17.606368924426,1.26811001931823));
#3657=CARTESIAN_POINT('Ctrl Pts',(-19.361179328765,17.6097497961939,1.26810953010452));
#3658=CARTESIAN_POINT('Ctrl Pts',(-19.3658158974378,17.6131158967437,1.26810879468789));
#3659=CARTESIAN_POINT('Ctrl Pts',(-19.3694212518875,17.6151929701692,1.26810824135162));
#3660=CARTESIAN_POINT('Ctrl Pts',(-19.3727298908251,17.6168262344128,1.26810774923594));
#3661=CARTESIAN_POINT('Ctrl Pts',(-19.3745240646335,17.6176312385606,1.2681074883338));
#3662=CARTESIAN_POINT('Ctrl Pts',(-19.375455725449,17.618030315561,1.26810735455877));
#3663=CARTESIAN_POINT('Ctrl Pts',(-19.3565870266389,17.6006401922841,1.26811029271314));
#3664=CARTESIAN_POINT('Ctrl Pts',(-19.3565870266389,17.607479024201,1.26811029271314));
#3665=CARTESIAN_POINT('Ctrl Pts',(-19.3564528274873,17.6132229088933,1.2693088723467));
#3666=CARTESIAN_POINT('Ctrl Pts',(-19.348565484277,17.6173715510734,1.26145122778187));
#3667=CARTESIAN_POINT('Ctrl Pts',(-19.3409644917519,17.6213695764362,1.25387885569038));
#3668=CARTESIAN_POINT('Ctrl Pts',(-19.3317543629839,17.6234864219612,1.23578904665535));
#3669=CARTESIAN_POINT('Ctrl Pts',(-19.3318736037536,17.6243326164053,1.21858746142751));
#3670=CARTESIAN_POINT('Ctrl Pts',(-19.6680475155778,17.6244595602319,0.384774691478558));
#3671=CARTESIAN_POINT('Ctrl Pts',(-19.6846897652334,17.6173500152676,0.384774691478558));
#3672=CARTESIAN_POINT('Ctrl Pts',(-19.7028540627707,17.6006401927309,0.384774691478558));
#3673=CARTESIAN_POINT('Ctrl Pts',(-19.6846897663699,17.5839303700647,0.384774691478558));
#3674=CARTESIAN_POINT('Ctrl Pts',(-19.6680475172016,17.5768208250299,0.384774691478558));
#3675=CARTESIAN_POINT('Ctrl Pts',(-19.6680475155778,17.6244595602319,0.660984462047736));
#3676=CARTESIAN_POINT('Ctrl Pts',(-19.6846897652334,17.6173500152676,0.660984462047736));
#3677=CARTESIAN_POINT('Ctrl Pts',(-19.7028540627707,17.6006401927309,0.660984462047736));
#3678=CARTESIAN_POINT('Ctrl Pts',(-19.6846897663699,17.5839303700647,0.660984462047736));
#3679=CARTESIAN_POINT('Ctrl Pts',(-19.6680475172016,17.5768208250299,0.660984462047736));
#3680=CARTESIAN_POINT('Ctrl Pts',(-19.6680475155778,17.6244595602319,0.937194232616914));
#3681=CARTESIAN_POINT('Ctrl Pts',(-19.6846897652334,17.6173500152676,0.937194232616914));
#3682=CARTESIAN_POINT('Ctrl Pts',(-19.7028540627707,17.6006401927309,0.937194232616914));
#3683=CARTESIAN_POINT('Ctrl Pts',(-19.6846897663699,17.5839303700647,0.937194232616914));
#3684=CARTESIAN_POINT('Ctrl Pts',(-19.6680475172016,17.5768208250299,0.937194232616914));
#3685=CARTESIAN_POINT('Ctrl Pts',(-19.6680475155778,17.6244595602319,1.21340400318609));
#3686=CARTESIAN_POINT('Ctrl Pts',(-19.6846897652334,17.6173500152676,1.21340400318609));
#3687=CARTESIAN_POINT('Ctrl Pts',(-19.7028540627707,17.6006401927309,1.21340400318609));
#3688=CARTESIAN_POINT('Ctrl Pts',(-19.6846897663699,17.5839303700647,1.21340400318609));
#3689=CARTESIAN_POINT('Ctrl Pts',(-19.6680475172016,17.5768208250299,1.21340400318609));
#3690=CARTESIAN_POINT('',(-19.6680475186001,17.6244595589413,0.384774691478558));
#3691=CARTESIAN_POINT('',(-19.668047516029,17.6244595612881,1.21340400318609));
#3692=CARTESIAN_POINT('Ctrl Pts',(-19.6680475186011,17.6244595589404,0.384774691478558));
#3693=CARTESIAN_POINT('Ctrl Pts',(-19.6680475186011,17.6244595589404,0.430389683941751));
#3694=CARTESIAN_POINT('Ctrl Pts',(-19.6680475186011,17.6244595589404,0.476004676404944));
#3695=CARTESIAN_POINT('Ctrl Pts',(-19.6680475186011,17.6244595589404,0.652860292225153));
#3696=CARTESIAN_POINT('Ctrl Pts',(-19.6680475186011,17.6244595589404,0.784100915582169));
#3697=CARTESIAN_POINT('Ctrl Pts',(-19.6680475186011,17.6244595589404,1.01469569368815));
#3698=CARTESIAN_POINT('Ctrl Pts',(-19.6680475186011,17.6244595589404,1.11404984843712));
#3699=CARTESIAN_POINT('Ctrl Pts',(-19.6680475186011,17.6244595589404,1.21340400318609));
#3700=CARTESIAN_POINT('',(-19.6937765627944,17.6006401922841,0.384774691478558));
#3701=CARTESIAN_POINT('Ctrl Pts',(-19.6937719142862,17.6006401922909,0.384774691478558));
#3702=CARTESIAN_POINT('Ctrl Pts',(-19.6937719142975,17.6089951032218,0.384774691478558));
#3703=CARTESIAN_POINT('Ctrl Pts',(-19.6846897666036,17.6173500141405,0.384774691478558));
#3704=CARTESIAN_POINT('Ctrl Pts',(-19.6680475185999,17.6244595589408,0.384774691478558));
#3705=CARTESIAN_POINT('Ctrl Pts',(-19.6680475186005,17.5768208256275,0.384774691478558));
#3706=CARTESIAN_POINT('Ctrl Pts',(-19.6846897666082,17.5839303704172,0.384774691478558));
#3707=CARTESIAN_POINT('Ctrl Pts',(-19.6937719142749,17.5922852813602,0.384774691478558));
#3708=CARTESIAN_POINT('Ctrl Pts',(-19.6937719142862,17.6006401922909,0.384774691478558));
#3709=CARTESIAN_POINT('Ctrl Pts',(-19.6680475155778,17.6244595602319,1.21340400318609));
#3710=CARTESIAN_POINT('Ctrl Pts',(-19.6857016144952,17.6169177547274,1.21340400318609));
#3711=CARTESIAN_POINT('Ctrl Pts',(-19.6937461671091,17.6087789736811,1.21340400318604));
#3712=CARTESIAN_POINT('Ctrl Pts',(-19.6937461673759,17.6006401926473,1.21340400318604));
#3713=CARTESIAN_POINT('Ctrl Pts',(-19.6937461676426,17.5925014116134,1.21340400318604));
#3714=CARTESIAN_POINT('Ctrl Pts',(-19.6857016155622,17.584362630592,1.21340400318609));
#3715=CARTESIAN_POINT('Ctrl Pts',(-19.6680475172017,17.5768208250299,1.2134040031861));
#3716=CARTESIAN_POINT('Ctrl Pts',(-19.6680475186005,17.5768208256275,0.384774691562704));
#3717=CARTESIAN_POINT('Ctrl Pts',(-19.6756135602333,17.5800530278975,0.384774691562752));
#3718=CARTESIAN_POINT('Ctrl Pts',(-19.689309705317,17.587978321046,0.384774691562886));
#3719=CARTESIAN_POINT('Ctrl Pts',(-19.6937765627944,17.5961679352879,0.384774691563233));
#3720=CARTESIAN_POINT('Ctrl Pts',(-19.6937765627944,17.6006401922841,0.384774691563234));
#3721=CARTESIAN_POINT('Ctrl Pts',(-19.6680475186139,17.5768208256256,0.374489743506319));
#3722=CARTESIAN_POINT('Ctrl Pts',(-19.6756184878005,17.5800556727853,0.374483876361115));
#3723=CARTESIAN_POINT('Ctrl Pts',(-19.6893147847687,17.5879815826306,0.374470380030397));
#3724=CARTESIAN_POINT('Ctrl Pts',(-19.6937765628101,17.5961639892551,0.374425131207239));
#3725=CARTESIAN_POINT('Ctrl Pts',(-19.6937765628101,17.6006401922841,0.374425131207239));
#3726=CARTESIAN_POINT('Ctrl Pts',(-19.6634685600175,17.5774701486877,0.354931691508753));
#3727=CARTESIAN_POINT('Ctrl Pts',(-19.6708272925623,17.5806153046124,0.354914503057624));
#3728=CARTESIAN_POINT('Ctrl Pts',(-19.6841600331043,17.588332710272,0.354857839723338));
#3729=CARTESIAN_POINT('Ctrl Pts',(-19.6884435177116,17.5963101902474,0.354743168398357));
#3730=CARTESIAN_POINT('Ctrl Pts',(-19.6884435177116,17.6006401922841,0.354743168398357));
#3731=CARTESIAN_POINT('Ctrl Pts',(-19.6449284340089,17.5801242239845,0.335373011335868));
#3732=CARTESIAN_POINT('Ctrl Pts',(-19.6514463833299,17.5829290847906,0.335344767875252));
#3733=CARTESIAN_POINT('Ctrl Pts',(-19.6632319409773,17.5898358674256,0.335264763378507));
#3734=CARTESIAN_POINT('Ctrl Pts',(-19.6669334642302,17.5968562041945,0.335228418242463));
#3735=CARTESIAN_POINT('Ctrl Pts',(-19.6669334642302,17.6006401922841,0.335228418242464));
#3736=CARTESIAN_POINT('Ctrl Pts',(-19.6321896508386,17.5820497498445,0.330931751405997));
#3737=CARTESIAN_POINT('Ctrl Pts',(-19.6381247709218,17.5846102008491,0.33092205763387));
#3738=CARTESIAN_POINT('Ctrl Pts',(-19.6488483723692,17.5908951137043,0.330908034036142));
#3739=CARTESIAN_POINT('Ctrl Pts',(-19.6522287135132,17.5972245377993,0.330904757157532));
#3740=CARTESIAN_POINT('Ctrl Pts',(-19.6522287135132,17.6006401922841,0.330904757157532));
#3741=CARTESIAN_POINT('Ctrl Pts',(-19.6261484249475,17.5829904559127,0.330228735984967));
#3742=CARTESIAN_POINT('Ctrl Pts',(-19.6318132368402,17.5854204446979,0.330226741800535));
#3743=CARTESIAN_POINT('Ctrl Pts',(-19.6420488265848,17.5913846563832,0.330222756336364));
#3744=CARTESIAN_POINT('Ctrl Pts',(-19.6452698521365,17.5973977667037,0.330221345687509));
#3745=CARTESIAN_POINT('Ctrl Pts',(-19.6452698521365,17.6006401922841,0.330221345687509));
#3746=CARTESIAN_POINT('Ctrl Pts',(-19.6452698521365,17.6006401922841,0.330221345687509));
#3747=CARTESIAN_POINT('Ctrl Pts',(-19.6522287135132,17.6006401922841,0.330904757157532));
#3748=CARTESIAN_POINT('Ctrl Pts',(-19.6595810888717,17.6006401922841,0.333066587699998));
#3749=CARTESIAN_POINT('Ctrl Pts',(-19.666330141334,17.6006401922841,0.336935324422073));
#3750=CARTESIAN_POINT('Ctrl Pts',(-19.6730791937963,17.6006401922841,0.340804061144147));
#3751=CARTESIAN_POINT('Ctrl Pts',(-19.6792249233624,17.6006401922841,0.346379704045831));
#3752=CARTESIAN_POINT('Ctrl Pts',(-19.6837656483179,17.6006401922841,0.352874203836262));
#3753=CARTESIAN_POINT('Ctrl Pts',(-19.6905767357324,17.6006401922841,0.362615953495341));
#3754=CARTESIAN_POINT('Ctrl Pts',(-19.6937765627926,17.6006401922841,0.374425131142825));
#3755=CARTESIAN_POINT('Ctrl Pts',(-19.6937765627944,17.6006401922841,0.384774691478555));
#3756=CARTESIAN_POINT('Ctrl Pts',(-19.3318915406318,17.6244595589406,0.384774691562704));
#3757=CARTESIAN_POINT('Ctrl Pts',(-19.3142374434885,17.616917753644,0.384774691562816));
#3758=CARTESIAN_POINT('Ctrl Pts',(-19.2981481309612,17.6006401922839,0.384774691563678));
#3759=CARTESIAN_POINT('Ctrl Pts',(-19.3142374434888,17.5843626309239,0.384774691562819));
#3760=CARTESIAN_POINT('Ctrl Pts',(-19.3318915406324,17.5768208256273,0.384774691562708));
#3761=CARTESIAN_POINT('Ctrl Pts',(-19.3318915406184,17.6244595589425,0.374488245590595));
#3762=CARTESIAN_POINT('Ctrl Pts',(-19.314225937854,17.6169115769117,0.37447455405715));
#3763=CARTESIAN_POINT('Ctrl Pts',(-19.2981209921286,17.600640192284,0.374371767863448));
#3764=CARTESIAN_POINT('Ctrl Pts',(-19.3142259378544,17.5843688076561,0.374474554057155));
#3765=CARTESIAN_POINT('Ctrl Pts',(-19.331891540619,17.5768208256254,0.374488245590599));
#3766=CARTESIAN_POINT('Ctrl Pts',(-19.3364720020151,17.6238100228719,0.354926933334291));
#3767=CARTESIAN_POINT('Ctrl Pts',(-19.3193017860076,17.6164713958329,0.354886819093229));
#3768=CARTESIAN_POINT('Ctrl Pts',(-19.3037641022755,17.600640192284,0.354579852396644));
#3769=CARTESIAN_POINT('Ctrl Pts',(-19.319301786008,17.5848089887349,0.35488681909323));
#3770=CARTESIAN_POINT('Ctrl Pts',(-19.3364720020157,17.577470361696,0.354926933334292));
#3771=CARTESIAN_POINT('Ctrl Pts',(-19.3550172163117,17.6211552096374,0.335368120687652));
#3772=CARTESIAN_POINT('Ctrl Pts',(-19.3398093687413,17.6146108132634,0.335302216675712));
#3773=CARTESIAN_POINT('Ctrl Pts',(-19.3262737279492,17.600640192284,0.335144627725368));
#3774=CARTESIAN_POINT('Ctrl Pts',(-19.3398093687416,17.5866695713046,0.335302216675713));
#3775=CARTESIAN_POINT('Ctrl Pts',(-19.3550172163122,17.5801251749305,0.335368120687652));
#3776=CARTESIAN_POINT('Ctrl Pts',(-19.3677580768402,17.6192293000759,0.330929275750779));
#3777=CARTESIAN_POINT('Ctrl Pts',(-19.3539103829205,17.6132553168331,0.330906695995749));
#3778=CARTESIAN_POINT('Ctrl Pts',(-19.3415981097941,17.600640192284,0.330899320434691));
#3779=CARTESIAN_POINT('Ctrl Pts',(-19.3539103829208,17.5880250677348,0.330906695995745));
#3780=CARTESIAN_POINT('Ctrl Pts',(-19.3677580768406,17.582051084492,0.330929275750776));
#3781=CARTESIAN_POINT('Ctrl Pts',(-19.3737998725093,17.6182884901189,0.330227662058263));
#3782=CARTESIAN_POINT('Ctrl Pts',(-19.3605829476019,17.6126189743082,0.330223027432295));
#3783=CARTESIAN_POINT('Ctrl Pts',(-19.3488319578691,17.600640192284,0.330217624395662));
#3784=CARTESIAN_POINT('Ctrl Pts',(-19.3605829476022,17.5886614102598,0.330223027432291));
#3785=CARTESIAN_POINT('Ctrl Pts',(-19.3737998725097,17.582991894449,0.33022766205826));
#3786=CARTESIAN_POINT('Ctrl Pts',(-19.3318888050475,17.577005347275,0.37856877477213));
#3787=CARTESIAN_POINT('Ctrl Pts',(-19.331893906797,17.5768823799455,0.380635354118466));
#3788=CARTESIAN_POINT('Ctrl Pts',(-19.3318915406316,17.5768208256278,0.382713380284));
#3789=CARTESIAN_POINT('Ctrl Pts',(-19.3318915406313,17.5768208256278,0.38477469147856));
#3790=CARTESIAN_POINT('Ctrl Pts',(-19.6937765627944,17.6006401922841,0.384774691563237));
#3791=CARTESIAN_POINT('Ctrl Pts',(-19.6937765627944,17.6039943850312,0.384774691563237));
#3792=CARTESIAN_POINT('Ctrl Pts',(-19.6904604862615,17.6120974205272,0.384774691562944));
#3793=CARTESIAN_POINT('Ctrl Pts',(-19.6781355741106,17.6201499559142,0.384774691562765));
#3794=CARTESIAN_POINT('Ctrl Pts',(-19.6680475185999,17.6244595589409,0.384774691562701));
#3795=CARTESIAN_POINT('Ctrl Pts',(-19.6937765628101,17.6006401922841,0.37442513120724));
#3796=CARTESIAN_POINT('Ctrl Pts',(-19.6937765628101,17.6039973445558,0.37442513120724));
#3797=CARTESIAN_POINT('Ctrl Pts',(-19.6904606449086,17.6120985966695,0.374463593640185));
#3798=CARTESIAN_POINT('Ctrl Pts',(-19.6781421441957,17.6201464293964,0.374481920646042));
#3799=CARTESIAN_POINT('Ctrl Pts',(-19.6680475186134,17.6244595589428,0.374489743506315));
#3800=CARTESIAN_POINT('Ctrl Pts',(-19.6884435173604,17.6006401922841,0.354743168062983));
#3801=CARTESIAN_POINT('Ctrl Pts',(-19.6884435173604,17.6038876938116,0.354743168062983));
#3802=CARTESIAN_POINT('Ctrl Pts',(-19.6852747964199,17.6117705948134,0.354836459687896));
#3803=CARTESIAN_POINT('Ctrl Pts',(-19.6732802030992,17.6196166945702,0.354908773241751));
#3804=CARTESIAN_POINT('Ctrl Pts',(-19.6634685597059,17.6238102358032,0.35493169117659));
#3805=CARTESIAN_POINT('Ctrl Pts',(-19.666933464101,17.6006401922841,0.335228418099841));
#3806=CARTESIAN_POINT('Ctrl Pts',(-19.666933464101,17.6034781833513,0.335228418099842));
#3807=CARTESIAN_POINT('Ctrl Pts',(-19.6642009488444,17.6103945963668,0.335253014178611));
#3808=CARTESIAN_POINT('Ctrl Pts',(-19.6536190329777,17.6174163461157,0.33533535324618));
#3809=CARTESIAN_POINT('Ctrl Pts',(-19.6449284338828,17.6211561605239,0.335373011193669));
#3810=CARTESIAN_POINT('Ctrl Pts',(-19.6522287135132,17.6006401922841,0.330904757157541));
#3811=CARTESIAN_POINT('Ctrl Pts',(-19.6522287135132,17.6032019331477,0.330904757157541));
#3812=CARTESIAN_POINT('Ctrl Pts',(-19.6497322690358,17.6094373568003,0.330907638540137));
#3813=CARTESIAN_POINT('Ctrl Pts',(-19.6401031442826,17.615816700051,0.330918826376485));
#3814=CARTESIAN_POINT('Ctrl Pts',(-19.6321896508381,17.6192306347238,0.330931751405988));
#3815=CARTESIAN_POINT('Ctrl Pts',(-19.6452698521365,17.6006401922841,0.330221345687519));
#3816=CARTESIAN_POINT('Ctrl Pts',(-19.6452698521365,17.6030720114693,0.33022134568752));
#3817=CARTESIAN_POINT('Ctrl Pts',(-19.642891009816,17.6089946619878,0.330222365524839));
#3818=CARTESIAN_POINT('Ctrl Pts',(-19.6337015074708,17.6150499436086,0.330226077072384));
#3819=CARTESIAN_POINT('Ctrl Pts',(-19.6261484249471,17.6182899286556,0.33022873598496));
#3820=CARTESIAN_POINT('Ctrl Pts',(-19.6680502946239,17.6242750055692,0.378568780036928));
#3821=CARTESIAN_POINT('Ctrl Pts',(-19.6680451460409,17.6243980163191,0.380635354423252));
#3822=CARTESIAN_POINT('Ctrl Pts',(-19.6680475186008,17.6244595589403,0.382713380283965));
#3823=CARTESIAN_POINT('Ctrl Pts',(-19.6680475186011,17.6244595589404,0.384774691478539));
#3824=CARTESIAN_POINT('Ctrl Pts',(-19.6680475155778,17.6244595602319,1.21340400274553));
#3825=CARTESIAN_POINT('Ctrl Pts',(-19.6857016144947,17.6169177547277,1.21340400274494));
#3826=CARTESIAN_POINT('Ctrl Pts',(-19.7017907197217,17.6006401926348,1.21340400274044));
#3827=CARTESIAN_POINT('Ctrl Pts',(-19.6857016155616,17.5843626305917,1.21340400274494));
#3828=CARTESIAN_POINT('Ctrl Pts',(-19.6680475172017,17.5768208250299,1.21340400274553));
#3829=CARTESIAN_POINT('Ctrl Pts',(-19.66804751565,17.6244595602421,1.22396180047856));
#3830=CARTESIAN_POINT('Ctrl Pts',(-19.6857146394183,17.6169105472116,1.2239757277574));
#3831=CARTESIAN_POINT('Ctrl Pts',(-19.7018216567167,17.6006401926348,1.22408121663389));
#3832=CARTESIAN_POINT('Ctrl Pts',(-19.6857146404848,17.5843698381079,1.22397572775917));
#3833=CARTESIAN_POINT('Ctrl Pts',(-19.6680475172739,17.5768208250197,1.22396180047985));
#3834=CARTESIAN_POINT('Ctrl Pts',(-19.6631855418024,17.6237698458769,1.24411925644111));
#3835=CARTESIAN_POINT('Ctrl Pts',(-19.6803261938826,17.6164442341899,1.2441608805771));
#3836=CARTESIAN_POINT('Ctrl Pts',(-19.6958285466727,17.600640192621,1.2444764214709));
#3837=CARTESIAN_POINT('Ctrl Pts',(-19.6803261949186,17.584836151108,1.24416088058299));
#3838=CARTESIAN_POINT('Ctrl Pts',(-19.6631855433794,17.5775105393646,1.24411925644458));
#3839=CARTESIAN_POINT('Ctrl Pts',(-19.6437158739485,17.6209806112486,1.26367739656922));
#3840=CARTESIAN_POINT('Ctrl Pts',(-19.6587955853921,17.6144870834206,1.2637435770833));
#3841=CARTESIAN_POINT('Ctrl Pts',(-19.6722059439744,17.600640192568,1.26388415992079));
#3842=CARTESIAN_POINT('Ctrl Pts',(-19.6587955863001,17.5867933017953,1.26374357709031));
#3843=CARTESIAN_POINT('Ctrl Pts',(-19.6437158753353,17.5802997739166,1.26367739657523));
#3844=CARTESIAN_POINT('Ctrl Pts',(-19.6306116910381,17.6189869000907,1.26766311473581));
#3845=CARTESIAN_POINT('Ctrl Pts',(-19.6442930696426,17.6130864112856,1.26767836271871));
#3846=CARTESIAN_POINT('Ctrl Pts',(-19.6564581566462,17.6006401925375,1.26767487517399));
#3847=CARTESIAN_POINT('Ctrl Pts',(-19.6442930704659,17.5881939738682,1.26767836271869));
#3848=CARTESIAN_POINT('Ctrl Pts',(-19.630611692297,17.5822934850195,1.26766311473672));
#3849=CARTESIAN_POINT('Ctrl Pts',(-19.6244740058228,17.6180288608602,1.26810803171069));
#3850=CARTESIAN_POINT('Ctrl Pts',(-19.6375162809288,17.6124422486738,1.26810989227543));
#3851=CARTESIAN_POINT('Ctrl Pts',(-19.6491116261785,17.6006401925248,1.26811198979977));
#3852=CARTESIAN_POINT('Ctrl Pts',(-19.6375162817135,17.5888381364494,1.26810989227556));
#3853=CARTESIAN_POINT('Ctrl Pts',(-19.6244740070224,17.5832515242218,1.26810803171086));
#3854=CARTESIAN_POINT('',(-19.6680654554787,17.6243326164053,1.2185874614275));
#3855=CARTESIAN_POINT('Ctrl Pts',(-19.6680475186011,17.6244595589404,1.21340400318608));
#3856=CARTESIAN_POINT('Ctrl Pts',(-19.6680475186,17.62445955894,1.21513117276401));
#3857=CARTESIAN_POINT('Ctrl Pts',(-19.6680451818495,17.624416248501,1.21686955491959));
#3858=CARTESIAN_POINT('Ctrl Pts',(-19.6680468489388,17.6243298992068,1.21860223025158));
#3859=CARTESIAN_POINT('Ctrl Pts',(-19.6680654554787,17.6243326164053,1.2185874614275));
#3860=CARTESIAN_POINT('Ctrl Pts',(-19.6682095920298,17.6233097485636,1.23938049366534));
#3861=CARTESIAN_POINT('Ctrl Pts',(-19.6558569423198,17.6212496923566,1.25793248313847));
#3862=CARTESIAN_POINT('Ctrl Pts',(-19.6481633126832,17.6153625267025,1.26438622246495));
#3863=CARTESIAN_POINT('Ctrl Pts',(-19.6425458182309,17.6110640197606,1.26909841249437));
#3864=CARTESIAN_POINT('Ctrl Pts',(-19.6425985731375,17.600725562079,1.26866200377373));
#3865=CARTESIAN_POINT('Ctrl Pts',(-19.6436963855617,17.5935412223276,1.26780987578442));
#3866=CARTESIAN_POINT('Ctrl Pts',(-19.6444527274453,17.5885915451876,1.26722279909052));
#3867=CARTESIAN_POINT('Ctrl Pts',(-19.6491044651533,17.5845194552492,1.26544367767962));
#3868=CARTESIAN_POINT('Ctrl Pts',(-19.656401855424,17.5816627341235,1.25563314989396));
#3869=CARTESIAN_POINT('Ctrl Pts',(-19.6630004343989,17.5790795777817,1.24676209599967));
#3870=CARTESIAN_POINT('Ctrl Pts',(-19.6681598951593,17.577617961195,1.23221125988338));
#3871=CARTESIAN_POINT('Ctrl Pts',(-19.6680654554787,17.5769477681628,1.21858746142751));
#3872=CARTESIAN_POINT('Ctrl Pts',(-19.4235788717609,17.6006401922841,1.2185874614275));
#3873=CARTESIAN_POINT('Ctrl Pts',(-19.4235788717609,17.6770394439895,1.2185874614275));
#3874=CARTESIAN_POINT('Ctrl Pts',(-19.4999695296162,17.6770394439895,1.2185874614275));
#3875=CARTESIAN_POINT('Ctrl Pts',(-19.5763601874714,17.6770394439895,1.2185874614275));
#3876=CARTESIAN_POINT('Ctrl Pts',(-19.5763601874714,17.6006401922841,1.2185874614275));
#3877=CARTESIAN_POINT('Ctrl Pts',(-19.5763601874714,17.5242409405786,1.2185874614275));
#3878=CARTESIAN_POINT('Ctrl Pts',(-19.4999695296162,17.5242409405786,1.2185874614275));
#3879=CARTESIAN_POINT('Ctrl Pts',(-19.4235788717609,17.5242409405786,1.2185874614275));
#3880=CARTESIAN_POINT('Ctrl Pts',(-19.4235788717609,17.6006401922841,1.2185874614275));
#3881=CARTESIAN_POINT('Ctrl Pts',(-19.4235788717609,17.6006401922841,1.1635874614275));
#3882=CARTESIAN_POINT('Ctrl Pts',(-19.4235788717609,17.6770394439895,1.1635874614275));
#3883=CARTESIAN_POINT('Ctrl Pts',(-19.4999695296162,17.6770394439895,1.1635874614275));
#3884=CARTESIAN_POINT('Ctrl Pts',(-19.5763601874714,17.6770394439895,1.1635874614275));
#3885=CARTESIAN_POINT('Ctrl Pts',(-19.5763601874714,17.6006401922841,1.1635874614275));
#3886=CARTESIAN_POINT('Ctrl Pts',(-19.5763601874714,17.5242409405786,1.1635874614275));
#3887=CARTESIAN_POINT('Ctrl Pts',(-19.4999695296162,17.5242409405786,1.1635874614275));
#3888=CARTESIAN_POINT('Ctrl Pts',(-19.4235788717609,17.5242409405786,1.1635874614275));
#3889=CARTESIAN_POINT('Ctrl Pts',(-19.4235788717609,17.6006401922841,1.1635874614275));
#3890=CARTESIAN_POINT('Ctrl Pts',(-19.3768956919604,17.6006401922841,1.1635874614275));
#3891=CARTESIAN_POINT('Ctrl Pts',(-19.3768956919604,17.7237278755873,1.1635874614275));
#3892=CARTESIAN_POINT('Ctrl Pts',(-19.4999695296162,17.7237278755873,1.1635874614275));
#3893=CARTESIAN_POINT('Ctrl Pts',(-19.6230433672719,17.7237278755873,1.1635874614275));
#3894=CARTESIAN_POINT('Ctrl Pts',(-19.6230433672719,17.6006401922841,1.1635874614275));
#3895=CARTESIAN_POINT('Ctrl Pts',(-19.6230433672719,17.4775525089808,1.1635874614275));
#3896=CARTESIAN_POINT('Ctrl Pts',(-19.4999695296162,17.4775525089808,1.1635874614275));
#3897=CARTESIAN_POINT('Ctrl Pts',(-19.3768956919604,17.4775525089808,1.1635874614275));
#3898=CARTESIAN_POINT('Ctrl Pts',(-19.3768956919604,17.6006401922841,1.1635874614275));
#3899=CARTESIAN_POINT('Ctrl Pts',(-19.33021251216,17.6006401922841,1.1635874614275));
#3900=CARTESIAN_POINT('Ctrl Pts',(-19.33021251216,17.7704163071851,1.1635874614275));
#3901=CARTESIAN_POINT('Ctrl Pts',(-19.4999695296162,17.7704163071851,1.1635874614275));
#3902=CARTESIAN_POINT('Ctrl Pts',(-19.6697265470724,17.7704163071851,1.1635874614275));
#3903=CARTESIAN_POINT('Ctrl Pts',(-19.6697265470724,17.6006401922841,1.1635874614275));
#3904=CARTESIAN_POINT('Ctrl Pts',(-19.6697265470724,17.430864077383,1.1635874614275));
#3905=CARTESIAN_POINT('Ctrl Pts',(-19.4999695296162,17.430864077383,1.1635874614275));
#3906=CARTESIAN_POINT('Ctrl Pts',(-19.33021251216,17.430864077383,1.1635874614275));
#3907=CARTESIAN_POINT('Ctrl Pts',(-19.33021251216,17.6006401922841,1.1635874614275));
#3908=CARTESIAN_POINT('Ctrl Pts',(-19.33021251216,17.6006401922841,1.2185874614275));
#3909=CARTESIAN_POINT('Ctrl Pts',(-19.33021251216,17.7704163071851,1.2185874614275));
#3910=CARTESIAN_POINT('Ctrl Pts',(-19.4999695296162,17.7704163071851,1.2185874614275));
#3911=CARTESIAN_POINT('Ctrl Pts',(-19.6697265470724,17.7704163071851,1.2185874614275));
#3912=CARTESIAN_POINT('Ctrl Pts',(-19.6697265470724,17.6006401922841,1.2185874614275));
#3913=CARTESIAN_POINT('Ctrl Pts',(-19.6697265470724,17.430864077383,1.2185874614275));
#3914=CARTESIAN_POINT('Ctrl Pts',(-19.4999695296162,17.430864077383,1.2185874614275));
#3915=CARTESIAN_POINT('Ctrl Pts',(-19.33021251216,17.430864077383,1.2185874614275));
#3916=CARTESIAN_POINT('Ctrl Pts',(-19.33021251216,17.6006401922841,1.2185874614275));
#3917=CARTESIAN_POINT('Ctrl Pts',(-19.33021251216,17.6006401922841,1.2735874614275));
#3918=CARTESIAN_POINT('Ctrl Pts',(-19.33021251216,17.7704163071851,1.2735874614275));
#3919=CARTESIAN_POINT('Ctrl Pts',(-19.4999695296162,17.7704163071851,1.2735874614275));
#3920=CARTESIAN_POINT('Ctrl Pts',(-19.6697265470724,17.7704163071851,1.2735874614275));
#3921=CARTESIAN_POINT('Ctrl Pts',(-19.6697265470724,17.6006401922841,1.2735874614275));
#3922=CARTESIAN_POINT('Ctrl Pts',(-19.6697265470724,17.430864077383,1.2735874614275));
#3923=CARTESIAN_POINT('Ctrl Pts',(-19.4999695296162,17.430864077383,1.2735874614275));
#3924=CARTESIAN_POINT('Ctrl Pts',(-19.33021251216,17.430864077383,1.2735874614275));
#3925=CARTESIAN_POINT('Ctrl Pts',(-19.33021251216,17.6006401922841,1.2735874614275));
#3926=CARTESIAN_POINT('Ctrl Pts',(-19.3768956919604,17.6006401922841,1.2735874614275));
#3927=CARTESIAN_POINT('Ctrl Pts',(-19.3768956919604,17.7237278755873,1.2735874614275));
#3928=CARTESIAN_POINT('Ctrl Pts',(-19.4999695296162,17.7237278755873,1.2735874614275));
#3929=CARTESIAN_POINT('Ctrl Pts',(-19.6230433672719,17.7237278755873,1.2735874614275));
#3930=CARTESIAN_POINT('Ctrl Pts',(-19.6230433672719,17.6006401922841,1.2735874614275));
#3931=CARTESIAN_POINT('Ctrl Pts',(-19.6230433672719,17.4775525089808,1.2735874614275));
#3932=CARTESIAN_POINT('Ctrl Pts',(-19.4999695296162,17.4775525089808,1.2735874614275));
#3933=CARTESIAN_POINT('Ctrl Pts',(-19.3768956919604,17.4775525089808,1.2735874614275));
#3934=CARTESIAN_POINT('Ctrl Pts',(-19.3768956919604,17.6006401922841,1.2735874614275));
#3935=CARTESIAN_POINT('Ctrl Pts',(-19.4235788717609,17.6006401922841,1.2735874614275));
#3936=CARTESIAN_POINT('Ctrl Pts',(-19.4235788717609,17.6770394439895,1.2735874614275));
#3937=CARTESIAN_POINT('Ctrl Pts',(-19.4999695296162,17.6770394439895,1.2735874614275));
#3938=CARTESIAN_POINT('Ctrl Pts',(-19.5763601874714,17.6770394439895,1.2735874614275));
#3939=CARTESIAN_POINT('Ctrl Pts',(-19.5763601874714,17.6006401922841,1.2735874614275));
#3940=CARTESIAN_POINT('Ctrl Pts',(-19.5763601874714,17.5242409405786,1.2735874614275));
#3941=CARTESIAN_POINT('Ctrl Pts',(-19.4999695296162,17.5242409405786,1.2735874614275));
#3942=CARTESIAN_POINT('Ctrl Pts',(-19.4235788717609,17.5242409405786,1.2735874614275));
#3943=CARTESIAN_POINT('Ctrl Pts',(-19.4235788717609,17.6006401922841,1.2735874614275));
#3944=CARTESIAN_POINT('Ctrl Pts',(-19.4235788717609,17.6006401922841,1.2185874614275));
#3945=CARTESIAN_POINT('Ctrl Pts',(-19.4235788717609,17.6770394439895,1.2185874614275));
#3946=CARTESIAN_POINT('Ctrl Pts',(-19.4999695296162,17.6770394439895,1.2185874614275));
#3947=CARTESIAN_POINT('Ctrl Pts',(-19.5763601874714,17.6770394439895,1.2185874614275));
#3948=CARTESIAN_POINT('Ctrl Pts',(-19.5763601874714,17.6006401922841,1.2185874614275));
#3949=CARTESIAN_POINT('Ctrl Pts',(-19.5763601874714,17.5242409405786,1.2185874614275));
#3950=CARTESIAN_POINT('Ctrl Pts',(-19.4999695296162,17.5242409405786,1.2185874614275));
#3951=CARTESIAN_POINT('Ctrl Pts',(-19.4235788717609,17.5242409405786,1.2185874614275));
#3952=CARTESIAN_POINT('Ctrl Pts',(-19.4235788717609,17.6006401922841,1.2185874614275));
#3953=CARTESIAN_POINT('Origin',(-19.4999695296162,17.6006401922841,1.2185874614275));
#3954=CARTESIAN_POINT('',(-19.3768956919604,17.6006401922841,1.2735874614275));
#3955=CARTESIAN_POINT('Ctrl Pts',(-19.3768956919604,17.6006401922841,1.2735874614275));
#3956=CARTESIAN_POINT('Ctrl Pts',(-19.3703884163841,17.6006401922841,1.2735874614275));
#3957=CARTESIAN_POINT('Ctrl Pts',(-19.3632603989207,17.6006401922841,1.27190891217205));
#3958=CARTESIAN_POINT('Ctrl Pts',(-19.3565870266389,17.6006401922841,1.26811029271314));
#3959=CARTESIAN_POINT('Origin',(-19.4999695296162,17.6006401922841,1.2735874614275));
#3960=CARTESIAN_POINT('Origin',(-19.4999695296162,17.6006401922841,1.2185874614275));
#3961=CARTESIAN_POINT('Ctrl Pts',(-19.4783982538741,17.4322403569158,0.3785874614275));
#3962=CARTESIAN_POINT('Ctrl Pts',(-19.3499027836746,17.4487037631813,0.3785874614275));
#3963=CARTESIAN_POINT('Ctrl Pts',(-19.3318659666798,17.5770020281699,0.3785874614275));
#3964=CARTESIAN_POINT('Ctrl Pts',(-19.4783982538741,17.4322403569158,1.2185874614275));
#3965=CARTESIAN_POINT('Ctrl Pts',(-19.3499027836746,17.4487037631813,1.2185874614275));
#3966=CARTESIAN_POINT('Ctrl Pts',(-19.3318659666798,17.5770020281699,1.2185874614275));
#3967=CARTESIAN_POINT('Ctrl Pts',(-19.5256528328582,17.7684619688853,0.3785874614275));
#3968=CARTESIAN_POINT('Ctrl Pts',(-19.650489500605,17.7493527716778,0.3785874614275));
#3969=CARTESIAN_POINT('Ctrl Pts',(-19.6680730925526,17.6242783563982,0.3785874614275));
#3970=CARTESIAN_POINT('Ctrl Pts',(-19.5256528328582,17.7684619688853,1.2185874614275));
#3971=CARTESIAN_POINT('Ctrl Pts',(-19.650489500605,17.7493527716778,1.2185874614275));
#3972=CARTESIAN_POINT('Ctrl Pts',(-19.6680730925526,17.6242783563982,1.2185874614275));
#3973=CARTESIAN_POINT('Origin',(-19.4999695296162,17.6006401922841,0.323587461427501));
#3974=CARTESIAN_POINT('Origin',(-19.4999695296162,17.6006401922841,1.2735874614275));
#3975=CARTESIAN_POINT('Origin',(-19.4999695296143,18.2505620383594,0.623587467387964));
#3976=CARTESIAN_POINT('',(-19.4999695296143,18.2005620383594,1.07358747334843));
#3977=CARTESIAN_POINT($,(-19.4999695296143,18.2505620383594,1.07358747334843));
#3978=CARTESIAN_POINT('',(-19.4999695296143,18.2005620383594,0.523587467387966));
#3979=CARTESIAN_POINT($,(-19.4999695296143,18.2005620383594,0.623587467387964));
#3980=CARTESIAN_POINT($,(-19.4999695296143,18.2505620383594,0.523587467387966));
#3981=CARTESIAN_POINT('Origin',(-16.4999695296143,18.2505620383594,1.07358747334843));
#3982=CARTESIAN_POINT('',(-18.9499695296143,17.6005620383594,1.07358747334843));
#3983=CARTESIAN_POINT($,(-16.4999695296143,17.6005620383594,1.07358747334843));
#3984=CARTESIAN_POINT('',(-18.9499695296143,17.9005620383594,1.07358744950657));
#3985=CARTESIAN_POINT($,(-18.9499695296143,18.2505620383594,1.07358747334843));
#3986=CARTESIAN_POINT('',(-19.2066918753658,17.9005612009556,1.07358747334843));
#3987=CARTESIAN_POINT($,(-17.2499695296143,17.9005620383594,1.07358747334843));
#3988=CARTESIAN_POINT('',(-19.2066918753658,18.2929009073765,1.07358747334843));
#3989=CARTESIAN_POINT($,(-19.2066918753658,18.1467314728679,1.07358747334843));
#3990=CARTESIAN_POINT('',(-19.0499695296143,18.2929009073765,1.07358747334843));
#3991=CARTESIAN_POINT($,(-17.25333070249,18.2929009073765,1.07358747334843));
#3992=CARTESIAN_POINT('',(-19.0499695296143,18.6005620383594,1.07358744950657));
#3993=CARTESIAN_POINT($,(-19.0499695296143,18.4255620383594,1.07358747334843));
#3994=CARTESIAN_POINT('',(-19.0999695296143,18.6005620383594,1.07358747334843));
#3995=CARTESIAN_POINT($,(-16.4999695296143,18.6005620383594,1.07358747334843));
#3996=CARTESIAN_POINT('Origin',(-19.0999695296143,18.2005620383594,1.07358747334843));
#3997=CARTESIAN_POINT('Origin',(-16.4999695296143,18.2505620383594,0.623587467387964));
#3998=CARTESIAN_POINT('',(-16.4999695296143,17.7956881185789,0.523587467387966));
#3999=CARTESIAN_POINT('',(-16.4999695296143,17.7956881185789,1.07358747334843));
#4000=CARTESIAN_POINT('Ctrl Pts',(-16.4999695296143,17.7956881185789,0.523587467387966));
#4001=CARTESIAN_POINT('Ctrl Pts',(-16.4999695296143,17.7956881185789,0.70692080270812));
#4002=CARTESIAN_POINT('Ctrl Pts',(-16.4999695296143,17.7956881185789,0.890254138028274));
#4003=CARTESIAN_POINT('Ctrl Pts',(-16.4999695296143,17.7956881185789,1.07358747334843));
#4004=CARTESIAN_POINT('',(-16.4999695296143,18.2005620383594,0.523587467387966));
#4005=CARTESIAN_POINT($,(-16.4999695296143,18.2505620383594,0.523587467387966));
#4006=CARTESIAN_POINT('',(-16.4999695296143,18.2005620383594,1.07358747334843));
#4007=CARTESIAN_POINT($,(-16.4999695296143,18.2005620383594,0.623587467387964));
#4008=CARTESIAN_POINT($,(-16.4999695296143,18.2505620383594,1.07358747334843));
#4009=CARTESIAN_POINT('Origin',(-16.4999695296143,18.2505620383594,0.523587467387966));
#4010=CARTESIAN_POINT('',(-19.0999695296143,18.6005620383594,0.523587467387966));
#4011=CARTESIAN_POINT('Origin',(-19.0999695296143,18.2005620383594,0.523587467387966));
#4012=CARTESIAN_POINT('',(-16.8999695296143,18.6005620383594,0.523587467387966));
#4013=CARTESIAN_POINT($,(-16.4999695296143,18.6005620383594,0.523587467387966));
#4014=CARTESIAN_POINT('Origin',(-16.8999695296143,18.2005620383594,0.523587467387966));
#4015=CARTESIAN_POINT('',(-16.5013422522667,17.7957668394509,0.523587467387968));
#4016=CARTESIAN_POINT('Ctrl Pts',(-16.5013422821728,17.7957668324517,0.523587467387967));
#4017=CARTESIAN_POINT('Ctrl Pts',(-16.5008847150948,17.7957667915622,0.523587467387967));
#4018=CARTESIAN_POINT('Ctrl Pts',(-16.5004279241018,17.7957403291998,0.523587467387967));
#4019=CARTESIAN_POINT('Ctrl Pts',(-16.4999720412815,17.7956876864886,0.523587467387967));
#4020=CARTESIAN_POINT('',(-16.5258295101367,17.7684348290442,0.523587467387966));
#4021=CARTESIAN_POINT('Ctrl Pts',(-16.5258295101367,17.7684348290441,0.523587467387966));
#4022=CARTESIAN_POINT('Ctrl Pts',(-16.5236277735018,17.7737880082628,0.523587467387966));
#4023=CARTESIAN_POINT('Ctrl Pts',(-16.5210415148483,17.7790873199265,0.523587467387966));
#4024=CARTESIAN_POINT('Ctrl Pts',(-16.5161048069453,17.7865594382891,0.523587467387966));
#4025=CARTESIAN_POINT('Ctrl Pts',(-16.5137331449893,17.7895467341954,0.523587467387966));
#4026=CARTESIAN_POINT('Ctrl Pts',(-16.5094450545987,17.793103672131,0.523587467387966));
#4027=CARTESIAN_POINT('Ctrl Pts',(-16.5077214449468,17.7942076739679,0.523587467387966));
#4028=CARTESIAN_POINT('Ctrl Pts',(-16.5043902500845,17.795467400531,0.523587467387966));
#4029=CARTESIAN_POINT('Ctrl Pts',(-16.5028885244782,17.7957668394509,0.523587467387966));
#4030=CARTESIAN_POINT('Ctrl Pts',(-16.5013422522667,17.7957668394509,0.523587467387966));
#4031=CARTESIAN_POINT('',(-16.6680475186011,17.6244595589404,0.523587467387966));
#4032=CARTESIAN_POINT('Origin',(-16.4999695296162,17.6006401922841,0.523587467387966));
#4033=CARTESIAN_POINT('',(-16.6937763077933,17.6005620383594,0.523587467387966));
#4034=CARTESIAN_POINT('Ctrl Pts',(-16.6937715821321,17.6005641251211,0.523587467387965));
#4035=CARTESIAN_POINT('Ctrl Pts',(-16.6938288186591,17.6089443505314,0.523587467387965));
#4036=CARTESIAN_POINT('Ctrl Pts',(-16.6847402965828,17.617326921998,0.523587467387965));
#4037=CARTESIAN_POINT('Ctrl Pts',(-16.668047515475,17.6244595514278,0.523587467387965));
#4038=CARTESIAN_POINT($,(-16.4999695296143,17.6005620383594,0.523587467387966));
#4039=CARTESIAN_POINT('',(-16.8066918753658,18.2929009073765,0.523587467387966));
#4040=CARTESIAN_POINT('',(-19.2066918753658,18.2929009073765,0.523587467387966));
#4041=CARTESIAN_POINT($,(-17.25333070249,18.2929009073765,0.523587467387966));
#4042=CARTESIAN_POINT('',(-19.2066918753658,17.9005612009556,0.523587467387966));
#4043=CARTESIAN_POINT($,(-19.2066918753658,18.1467314728679,0.523587467387966));
#4044=CARTESIAN_POINT('',(-16.8066918753658,17.9005612009556,0.523587467387966));
#4045=CARTESIAN_POINT($,(-17.25333070249,17.9005612009556,0.523587467387966));
#4046=CARTESIAN_POINT($,(-16.8066918753658,18.1467314728679,0.523587467387966));
#4047=CARTESIAN_POINT('Origin',(-18.5699695168208,18.4580620681519,0.88278746142749));
#4048=CARTESIAN_POINT('',(-18.5576326624419,18.3689116221405,0.723587467387965));
#4049=CARTESIAN_POINT('',(-18.5576326624419,18.3689116221405,0.873587467387953));
#4050=CARTESIAN_POINT($,(-18.5576326624419,18.3689116221405,0.88278746142749));
#4051=CARTESIAN_POINT('',(-18.4808190708093,18.4457252137731,0.723587467387965));
#4052=CARTESIAN_POINT('Origin',(-18.5699695168208,18.4580620681519,0.723587467387965));
#4053=CARTESIAN_POINT('',(-18.4808190708093,18.4457252137731,0.873587467387953));
#4054=CARTESIAN_POINT($,(-18.4808190708093,18.4457252137731,0.88278746142749));
#4055=CARTESIAN_POINT('Origin',(-18.5699695168208,18.4580620681519,0.873587467387953));
#4056=CARTESIAN_POINT('Origin',(-18.5699695168208,18.4580620681519,0.88278746142749));
#4057=CARTESIAN_POINT('',(-18.6591199628322,18.4457252137731,0.723587467387969));
#4058=CARTESIAN_POINT('',(-18.6591199628322,18.4457252137731,0.873587467387953));
#4059=CARTESIAN_POINT($,(-18.6591199628322,18.4457252137731,0.88278746142749));
#4060=CARTESIAN_POINT('',(-18.5823063711996,18.3689116221405,0.723587467387965));
#4061=CARTESIAN_POINT('Origin',(-18.5699695168208,18.4580620681519,0.723587467387965));
#4062=CARTESIAN_POINT('',(-18.5823063711996,18.3689116221405,0.873587467387953));
#4063=CARTESIAN_POINT($,(-18.5823063711996,18.3689116221405,0.88278746142749));
#4064=CARTESIAN_POINT('Origin',(-18.5699695168208,18.4580620681519,0.873587467387953));
#4065=CARTESIAN_POINT('Origin',(-18.5699695168208,18.4580620681519,0.88278746142749));
#4066=CARTESIAN_POINT('',(-18.5576326624419,18.5472125141633,0.873587467387953));
#4067=CARTESIAN_POINT('',(-18.5576326624419,18.5472125141633,0.723587467387961));
#4068=CARTESIAN_POINT($,(-18.5576326624419,18.5472125141633,0.882787461427487));
#4069=CARTESIAN_POINT('',(-18.4808190708093,18.4703989225307,0.873587467387953));
#4070=CARTESIAN_POINT('Origin',(-18.5699695168208,18.4580620681519,0.873587467387953));
#4071=CARTESIAN_POINT('',(-18.4808190708093,18.4703989225307,0.723587467387961));
#4072=CARTESIAN_POINT($,(-18.4808190708093,18.4703989225307,0.88278746142749));
#4073=CARTESIAN_POINT('Origin',(-18.5699695168208,18.4580620681519,0.723587467387965));
#4074=CARTESIAN_POINT('Origin',(-18.5699695168208,18.4580620681519,0.88278746142749));
#4075=CARTESIAN_POINT('',(-18.6591199628322,18.4703989225307,0.873587467387949));
#4076=CARTESIAN_POINT('',(-18.6591199628322,18.4703989225307,0.723587467387965));
#4077=CARTESIAN_POINT($,(-18.6591199628322,18.4703989225307,0.882787461427487));
#4078=CARTESIAN_POINT('',(-18.5823063711996,18.5472125141633,0.873587467387953));
#4079=CARTESIAN_POINT('Origin',(-18.5699695168208,18.4580620681519,0.873587467387953));
#4080=CARTESIAN_POINT('',(-18.5823063711996,18.5472125141633,0.723587467387961));
#4081=CARTESIAN_POINT($,(-18.5823063711996,18.5472125141633,0.882787461427487));
#4082=CARTESIAN_POINT('Origin',(-18.5699695168208,18.4580620681519,0.723587467387965));
#4083=CARTESIAN_POINT('Ctrl Pts',(-18.5576326624419,18.5472125141633,0.723587467387961));
#4084=CARTESIAN_POINT('Ctrl Pts',(-18.5699695168208,18.5759106092423,0.723587467387961));
#4085=CARTESIAN_POINT('Ctrl Pts',(-18.5823063711996,18.5472125141633,0.723587467387961));
#4086=CARTESIAN_POINT('Ctrl Pts',(-18.5576326624419,18.5472125141633,0.873587467387956));
#4087=CARTESIAN_POINT('Ctrl Pts',(-18.5699695168208,18.5759106092423,0.873587467387956));
#4088=CARTESIAN_POINT('Ctrl Pts',(-18.5823063711996,18.5472125141633,0.873587467387956));
#4089=CARTESIAN_POINT('Origin',(-18.5699695168208,18.4580620681519,0.873587467387956));
#4090=CARTESIAN_POINT('Origin',(-18.5699695168208,18.4580620681519,0.723587467387965));
#4091=CARTESIAN_POINT('Ctrl Pts',(-18.4808190708094,18.4457252137731,0.723587467387961));
#4092=CARTESIAN_POINT('Ctrl Pts',(-18.4521209757304,18.4580620681519,0.723587467387961));
#4093=CARTESIAN_POINT('Ctrl Pts',(-18.4808190708093,18.4703989225307,0.723587467387961));
#4094=CARTESIAN_POINT('Ctrl Pts',(-18.4808190708094,18.4457252137731,0.87358746738796));
#4095=CARTESIAN_POINT('Ctrl Pts',(-18.4521209757304,18.4580620681519,0.87358746738796));
#4096=CARTESIAN_POINT('Ctrl Pts',(-18.4808190708093,18.4703989225307,0.87358746738796));
#4097=CARTESIAN_POINT('Origin',(-18.5699695168208,18.4580620681519,0.87358746738796));
#4098=CARTESIAN_POINT('Origin',(-18.5699695168208,18.4580620681519,0.723587467387965));
#4099=CARTESIAN_POINT('Origin',(-17.9999695296143,18.6205620383594,0.723587467387965));
#4100=CARTESIAN_POINT('',(-17.5191199719744,18.4457251748092,0.723587467387969));
#4101=CARTESIAN_POINT('',(-17.5191199719744,18.4703988835669,0.723587467387965));
#4102=CARTESIAN_POINT('Origin',(-17.429969525963,18.458062029188,0.723587467387965));
#4103=CARTESIAN_POINT('',(-17.4423063803418,18.5472124751994,0.723587467387965));
#4104=CARTESIAN_POINT('Origin',(-17.429969525963,18.458062029188,0.723587467387965));
#4105=CARTESIAN_POINT('',(-17.4176326715841,18.5472124751994,0.723587467387965));
#4106=CARTESIAN_POINT('Origin',(-17.429969525963,18.458062029188,0.723587467387965));
#4107=CARTESIAN_POINT('',(-17.3408190799516,18.4703988835669,0.723587467387965));
#4108=CARTESIAN_POINT('Origin',(-17.429969525963,18.458062029188,0.723587467387965));
#4109=CARTESIAN_POINT('',(-17.3408190799516,18.4457251748092,0.723587467387965));
#4110=CARTESIAN_POINT('Origin',(-17.429969525963,18.458062029188,0.723587467387965));
#4111=CARTESIAN_POINT('',(-17.4176326715841,18.3689115831766,0.723587467387965));
#4112=CARTESIAN_POINT('Origin',(-17.429969525963,18.458062029188,0.723587467387965));
#4113=CARTESIAN_POINT('',(-17.4423063803418,18.3689115831766,0.723587467387965));
#4114=CARTESIAN_POINT('Origin',(-17.429969525963,18.458062029188,0.723587467387965));
#4115=CARTESIAN_POINT('Origin',(-17.429969525963,18.458062029188,0.723587467387965));
#4116=CARTESIAN_POINT('',(-19.0499695296143,18.2929009073765,0.723587467387965));
#4117=CARTESIAN_POINT('',(-16.9499695296143,18.2929009073765,0.723587467387965));
#4118=CARTESIAN_POINT($,(-18.00333070249,18.2929009073765,0.723587467387965));
#4119=CARTESIAN_POINT('',(-16.9499695296143,18.6005620383594,0.723587467387965));
#4120=CARTESIAN_POINT($,(-16.9499695296143,18.6205620383594,0.723587467387965));
#4121=CARTESIAN_POINT('',(-19.0499695296143,18.6005620383594,0.723587467387965));
#4122=CARTESIAN_POINT($,(-17.2499695296143,18.6005620383594,0.723587467387965));
#4123=CARTESIAN_POINT($,(-19.0499695296143,18.6205620383594,0.723587467387965));
#4124=CARTESIAN_POINT('Origin',(-18.5699695168208,18.4580620681519,0.723587467387965));
#4125=CARTESIAN_POINT('Origin',(-18.5699695168208,18.4580620681519,0.723587467387965));
#4126=CARTESIAN_POINT('Ctrl Pts',(-17.3408190799516,18.4457251748092,0.723587467387965));
#4127=CARTESIAN_POINT('Ctrl Pts',(-17.3121209848726,18.458062029188,0.723587467387965));
#4128=CARTESIAN_POINT('Ctrl Pts',(-17.3408190799516,18.4703988835669,0.723587467387965));
#4129=CARTESIAN_POINT('Ctrl Pts',(-17.3408190799516,18.4457251748092,0.87358746738796));
#4130=CARTESIAN_POINT('Ctrl Pts',(-17.3121209848726,18.458062029188,0.87358746738796));
#4131=CARTESIAN_POINT('Ctrl Pts',(-17.3408190799516,18.4703988835669,0.87358746738796));
#4132=CARTESIAN_POINT('',(-17.3408190799516,18.4457251748092,0.87358746738796));
#4133=CARTESIAN_POINT($,(-17.3408190799516,18.4457251748092,0.882787461427494));
#4134=CARTESIAN_POINT('',(-17.3408190799516,18.4703988835669,0.87358746738796));
#4135=CARTESIAN_POINT($,(-17.3408190799516,18.4703988835669,0.882787461427494));
#4136=CARTESIAN_POINT('Origin',(-17.429969525963,18.458062029188,0.87358746738796));
#4137=CARTESIAN_POINT('Ctrl Pts',(-17.5191199719744,18.4703988835669,0.723587467387965));
#4138=CARTESIAN_POINT('Ctrl Pts',(-17.5478180670533,18.458062029188,0.723587467387965));
#4139=CARTESIAN_POINT('Ctrl Pts',(-17.5191199719744,18.4457251748092,0.723587467387965));
#4140=CARTESIAN_POINT('Ctrl Pts',(-17.5191199719744,18.4703988835669,0.87358746738796));
#4141=CARTESIAN_POINT('Ctrl Pts',(-17.5478180670533,18.458062029188,0.87358746738796));
#4142=CARTESIAN_POINT('Ctrl Pts',(-17.5191199719744,18.4457251748092,0.87358746738796));
#4143=CARTESIAN_POINT('',(-17.5191199719744,18.4457251748092,0.87358746738796));
#4144=CARTESIAN_POINT($,(-17.5191199719744,18.4457251748092,0.882787461427498));
#4145=CARTESIAN_POINT('',(-17.5191199719744,18.4703988835669,0.87358746738796));
#4146=CARTESIAN_POINT('Origin',(-17.429969525963,18.458062029188,0.87358746738796));
#4147=CARTESIAN_POINT($,(-17.5191199719744,18.4703988835669,0.882787461427498));
#4148=CARTESIAN_POINT('Origin',(-17.429969525963,18.458062029188,0.882787461427501));
#4149=CARTESIAN_POINT('',(-17.4423063803418,18.5472124751994,0.87358746738796));
#4150=CARTESIAN_POINT('Origin',(-17.429969525963,18.458062029188,0.873587467387964));
#4151=CARTESIAN_POINT($,(-17.4423063803418,18.5472124751994,0.882787461427498));
#4152=CARTESIAN_POINT('Origin',(-17.429969525963,18.458062029188,0.882787461427501));
#4153=CARTESIAN_POINT('',(-17.4176326715841,18.5472124751994,0.87358746738796));
#4154=CARTESIAN_POINT($,(-17.4176326715841,18.5472124751994,0.882787461427498));
#4155=CARTESIAN_POINT('Origin',(-17.429969525963,18.458062029188,0.873587467387964));
#4156=CARTESIAN_POINT('Ctrl Pts',(-18.5823063711996,18.3689116221405,0.723587467387965));
#4157=CARTESIAN_POINT('Ctrl Pts',(-18.5699695168208,18.3402135270616,0.723587467387965));
#4158=CARTESIAN_POINT('Ctrl Pts',(-18.5576326624419,18.3689116221405,0.723587467387965));
#4159=CARTESIAN_POINT('Ctrl Pts',(-18.5823063711996,18.3689116221405,0.873587467387957));
#4160=CARTESIAN_POINT('Ctrl Pts',(-18.5699695168208,18.3402135270616,0.873587467387957));
#4161=CARTESIAN_POINT('Ctrl Pts',(-18.5576326624419,18.3689116221405,0.873587467387957));
#4162=CARTESIAN_POINT('Origin',(-18.5699695168208,18.4580620681519,0.873587467387956));
#4163=CARTESIAN_POINT('Ctrl Pts',(-18.6591199628322,18.4703989225307,0.723587467387965));
#4164=CARTESIAN_POINT('Ctrl Pts',(-18.6878180579111,18.4580620681519,0.723587467387965));
#4165=CARTESIAN_POINT('Ctrl Pts',(-18.6591199628322,18.4457252137731,0.723587467387965));
#4166=CARTESIAN_POINT('Ctrl Pts',(-18.6591199628322,18.4703989225307,0.87358746738796));
#4167=CARTESIAN_POINT('Ctrl Pts',(-18.6878180579111,18.4580620681519,0.87358746738796));
#4168=CARTESIAN_POINT('Ctrl Pts',(-18.6591199628322,18.4457252137731,0.87358746738796));
#4169=CARTESIAN_POINT('Origin',(-18.5699695168208,18.4580620681519,0.87358746738796));
#4170=CARTESIAN_POINT('Origin',(-18.5675860459484,18.3255162577018,0.87358746738796));
#4171=CARTESIAN_POINT('Ctrl Pts',(-17.4423063803418,18.3689115831766,0.723587467387965));
#4172=CARTESIAN_POINT('Ctrl Pts',(-17.429969525963,18.3402134880977,0.723587467387965));
#4173=CARTESIAN_POINT('Ctrl Pts',(-17.4176326715841,18.3689115831766,0.723587467387965));
#4174=CARTESIAN_POINT('Ctrl Pts',(-17.4423063803418,18.3689115831766,0.87358746738796));
#4175=CARTESIAN_POINT('Ctrl Pts',(-17.429969525963,18.3402134880977,0.87358746738796));
#4176=CARTESIAN_POINT('Ctrl Pts',(-17.4176326715841,18.3689115831766,0.87358746738796));
#4177=CARTESIAN_POINT('',(-17.4423063803418,18.3689115831766,0.87358746738796));
#4178=CARTESIAN_POINT($,(-17.4423063803418,18.3689115831766,0.882787461427498));
#4179=CARTESIAN_POINT('',(-17.4176326715841,18.3689115831766,0.87358746738796));
#4180=CARTESIAN_POINT($,(-17.4176326715841,18.3689115831766,0.882787461427498));
#4181=CARTESIAN_POINT('Origin',(-17.429969525963,18.458062029188,0.87358746738796));
#4182=CARTESIAN_POINT('Ctrl Pts',(-17.4176326715841,18.5472124751994,0.723587467387965));
#4183=CARTESIAN_POINT('Ctrl Pts',(-17.429969525963,18.5759105702784,0.723587467387965));
#4184=CARTESIAN_POINT('Ctrl Pts',(-17.4423063803418,18.5472124751994,0.723587467387965));
#4185=CARTESIAN_POINT('Ctrl Pts',(-17.4176326715841,18.5472124751994,0.87358746738796));
#4186=CARTESIAN_POINT('Ctrl Pts',(-17.429969525963,18.5759105702784,0.87358746738796));
#4187=CARTESIAN_POINT('Ctrl Pts',(-17.4423063803418,18.5472124751994,0.87358746738796));
#4188=CARTESIAN_POINT('Origin',(-17.429969525963,18.458062029188,0.87358746738796));
#4189=CARTESIAN_POINT('Origin',(-17.429969525963,18.458062029188,0.882787461427501));
#4190=CARTESIAN_POINT('Origin',(-17.429969525963,18.458062029188,0.873587467387964));
#4191=CARTESIAN_POINT('Origin',(-16.8066918753658,18.0429009073765,1.32358746738797));
#4192=CARTESIAN_POINT('',(-16.8066918753658,17.9005612009556,1.07358747334843));
#4193=CARTESIAN_POINT($,(-16.8066918753658,17.9005612009556,1.32358746738797));
#4194=CARTESIAN_POINT('',(-16.8066918753658,18.2929009073765,1.07358747334843));
#4195=CARTESIAN_POINT($,(-16.8066918753658,18.1467314728679,1.07358747334843));
#4196=CARTESIAN_POINT($,(-16.8066918753658,18.2929009073765,1.32358746738797));
#4197=CARTESIAN_POINT('Origin',(-18.0066918753658,18.2929009073765,1.32358746738797));
#4198=CARTESIAN_POINT('',(-16.9499695296143,18.2929009073765,1.07358747334843));
#4199=CARTESIAN_POINT($,(-17.25333070249,18.2929009073765,1.07358747334843));
#4200=CARTESIAN_POINT($,(-16.9499695296143,18.2929009073765,1.04858746738796));
#4201=CARTESIAN_POINT($,(-19.0499695296143,18.2929009073765,1.04858746738796));
#4202=CARTESIAN_POINT($,(-19.2066918753658,18.2929009073765,1.32358746738797));
#4203=CARTESIAN_POINT('Origin',(-19.2066918753658,18.0429009073765,1.32358746738797));
#4204=CARTESIAN_POINT($,(-19.2066918753658,17.9005612009556,1.32358746738797));
#4205=CARTESIAN_POINT('Origin',(-19.0499695296143,18.6205620383594,0.773587467387966));
#4206=CARTESIAN_POINT('',(-19.0499695296143,17.9005612009556,0.723587467387965));
#4207=CARTESIAN_POINT('',(-19.0499695296143,17.9005612009556,0.833587467387968));
#4208=CARTESIAN_POINT($,(-19.0499695296143,17.9005612009556,1.04858746738796));
#4209=CARTESIAN_POINT('',(-19.0499695296143,17.6005620383594,0.833587467387968));
#4210=CARTESIAN_POINT($,(-19.0499695296143,18.6205620383594,0.833587467387968));
#4211=CARTESIAN_POINT('',(-19.0499695296143,17.6005620383594,0.723587467387965));
#4212=CARTESIAN_POINT($,(-19.0499695296143,17.6005620383594,0.698587467387966));
#4213=CARTESIAN_POINT($,(-19.0499695296143,18.6205620383594,0.723587467387965));
#4214=CARTESIAN_POINT('Origin',(-19.0499695296143,18.6205620383594,0.773587467387966));
#4215=CARTESIAN_POINT($,(-19.0499695296143,18.6005620383594,0.748587464407734));
#4216=CARTESIAN_POINT('Origin',(-16.4999695296143,18.2505620383594,1.07358747334843));
#4217=CARTESIAN_POINT('',(-16.5013422522667,17.7957668394509,1.07358747334843));
#4218=CARTESIAN_POINT('Ctrl Pts',(-16.4999720412816,17.7956876864886,1.07358747334843));
#4219=CARTESIAN_POINT('Ctrl Pts',(-16.5004279241019,17.7957403291998,1.07358747334843));
#4220=CARTESIAN_POINT('Ctrl Pts',(-16.5008847150948,17.7957667915622,1.07358747334843));
#4221=CARTESIAN_POINT('Ctrl Pts',(-16.5013422821728,17.7957668324517,1.07358747334843));
#4222=CARTESIAN_POINT('',(-16.8999695296143,18.6005620383594,1.07358747334843));
#4223=CARTESIAN_POINT('Origin',(-16.8999695296143,18.2005620383594,1.07358747334843));
#4224=CARTESIAN_POINT('',(-16.9499695296143,18.6005620383594,1.07358744950657));
#4225=CARTESIAN_POINT($,(-16.4999695296143,18.6005620383594,1.07358747334843));
#4226=CARTESIAN_POINT($,(-16.9499695296143,18.4255620383594,1.07358747334843));
#4227=CARTESIAN_POINT('',(-17.0499695296143,17.9005620383594,1.07358744950657));
#4228=CARTESIAN_POINT($,(-17.25333070249,17.9005612009556,1.07358747334843));
#4229=CARTESIAN_POINT('',(-17.0499695296143,17.6005620383594,1.07358747334843));
#4230=CARTESIAN_POINT($,(-17.0499695296143,18.2505620383594,1.07358747334843));
#4231=CARTESIAN_POINT('',(-16.6937763077933,17.6005620383594,1.07358747334843));
#4232=CARTESIAN_POINT($,(-16.4999695296143,17.6005620383594,1.07358747334843));
#4233=CARTESIAN_POINT('',(-16.6680475186011,17.6244595589404,1.07358747334843));
#4234=CARTESIAN_POINT('Ctrl Pts',(-16.668047515475,17.6244595514278,1.07358747334843));
#4235=CARTESIAN_POINT('Ctrl Pts',(-16.6847402965828,17.617326921998,1.07358747334843));
#4236=CARTESIAN_POINT('Ctrl Pts',(-16.6938288186591,17.6089443505314,1.07358747334843));
#4237=CARTESIAN_POINT('Ctrl Pts',(-16.6937715821321,17.6005641251211,1.07358747334843));
#4238=CARTESIAN_POINT('',(-16.5258295101367,17.7684348290442,1.07358747334843));
#4239=CARTESIAN_POINT('Origin',(-16.4999695296162,17.6006401922841,1.07358747334843));
#4240=CARTESIAN_POINT('Ctrl Pts',(-16.5013422494787,17.7957668388133,1.07358747334843));
#4241=CARTESIAN_POINT('Ctrl Pts',(-16.5100995770864,17.7957666021365,1.07358747334843));
#4242=CARTESIAN_POINT('Ctrl Pts',(-16.5185674858169,17.7860907993861,1.07358747334843));
#4243=CARTESIAN_POINT('Ctrl Pts',(-16.5258295098933,17.7684348282766,1.07358747334843));
#4244=CARTESIAN_POINT('Origin',(-17.9999695296143,18.6205620383594,0.723587467387965));
#4245=CARTESIAN_POINT('',(-16.9499695296143,17.9005612009556,0.723587467387965));
#4246=CARTESIAN_POINT($,(-18.00333070249,17.9005612009556,0.723587467387965));
#4247=CARTESIAN_POINT('',(-16.9499695296143,17.6005620383594,0.723587467387965));
#4248=CARTESIAN_POINT($,(-17.2499695296143,17.6005620383594,0.723587467387965));
#4249=CARTESIAN_POINT($,(-16.9499695296143,18.6205620383594,0.723587467387965));
#4250=CARTESIAN_POINT('Origin',(-16.9499695296143,18.6205620383594,0.773587467387966));
#4251=CARTESIAN_POINT('',(-16.9499695296143,17.9005612009556,0.833587467387968));
#4252=CARTESIAN_POINT($,(-16.9499695296143,17.9005612009556,1.04858746738796));
#4253=CARTESIAN_POINT('',(-16.9499695296143,17.6005620383594,0.833587467387968));
#4254=CARTESIAN_POINT($,(-16.9499695296143,17.6005620383594,0.698587467387966));
#4255=CARTESIAN_POINT($,(-16.9499695296143,18.6205620383594,0.833587467387968));
#4256=CARTESIAN_POINT('Origin',(-16.9499695296143,18.6205620383594,0.773587467387966));
#4257=CARTESIAN_POINT($,(-16.9499695296143,18.6005620383594,0.748587464407734));
#4258=CARTESIAN_POINT('Origin',(-17.9999695296143,17.9005620383594,0.873587461427501));
#4259=CARTESIAN_POINT('',(-18.9499695296143,17.9005620383594,0.833587467387968));
#4260=CARTESIAN_POINT($,(-18.9499695296143,17.9005620383594,0.898587464407733));
#4261=CARTESIAN_POINT($,(-17.9999695296143,17.9005620383594,0.833587467387968));
#4262=CARTESIAN_POINT('',(-17.0499695296143,17.9005620383594,0.833587467387968));
#4263=CARTESIAN_POINT($,(-17.9999695296143,17.9005620383594,0.833587467387968));
#4264=CARTESIAN_POINT($,(-17.0499695296143,17.9005620383594,0.898587464407733));
#4265=CARTESIAN_POINT('Origin',(-17.9999695296143,18.6205620383594,0.833587467387968));
#4266=CARTESIAN_POINT('',(-18.9499695296143,17.6005620383594,0.833587467387968));
#4267=CARTESIAN_POINT($,(-18.9499695296143,18.4355620383594,0.833587467387968));
#4268=CARTESIAN_POINT($,(-17.2499695296143,17.6005620383594,0.833587467387968));
#4269=CARTESIAN_POINT('Origin',(-17.0499695296143,18.2505620383594,0.923587467387964));
#4270=CARTESIAN_POINT('',(-17.0499695296143,17.6005620383594,0.833587467387968));
#4271=CARTESIAN_POINT($,(-17.0499695296143,18.4355620383594,0.833587467387968));
#4272=CARTESIAN_POINT($,(-17.0499695296143,17.6005620383594,0.773587467387966));
#4273=CARTESIAN_POINT('Origin',(-16.4999695296143,18.6005620383594,0.623587467387964));
#4274=CARTESIAN_POINT($,(-16.8999695296143,18.6005620383594,0.623587467387964));
#4275=CARTESIAN_POINT($,(-19.0999695296143,18.6005620383594,0.623587467387964));
#4276=CARTESIAN_POINT('Origin',(-17.9999695296143,18.6205620383594,0.833587467387968));
#4277=CARTESIAN_POINT($,(-17.2499695296143,17.6005620383594,0.833587467387968));
#4278=CARTESIAN_POINT('Origin',(-16.8999695296143,18.2005620383594,0.623587467387964));
#4279=CARTESIAN_POINT('Origin',(-19.0999695296143,18.2005620383594,0.623587467387964));
#4280=CARTESIAN_POINT('Origin',(-18.9499695296143,18.2505620383594,0.923587467387964));
#4281=CARTESIAN_POINT($,(-18.9499695296143,17.6005620383594,0.773587467387966));
#4282=CARTESIAN_POINT('Origin',(-16.4999695296143,17.6005620383594,0.623587467387964));
#4283=CARTESIAN_POINT('Ctrl Pts',(-16.6937763077933,17.6005620383594,1.07358747334843));
#4284=CARTESIAN_POINT('Ctrl Pts',(-16.6937763077933,17.6005620383594,0.890254138028274));
#4285=CARTESIAN_POINT('Ctrl Pts',(-16.6937763077933,17.6005620383594,0.706920802708121));
#4286=CARTESIAN_POINT('Ctrl Pts',(-16.6937763077933,17.6005620383594,0.523587467387966));
#4287=CARTESIAN_POINT('Origin',(-17.429969525963,18.458062029188,0.882787461427501));
#4288=CARTESIAN_POINT('Origin',(-17.429969525963,18.458062029188,0.873587467387964));
#4289=CARTESIAN_POINT('Origin',(-17.9071344167738,18.4601548653207,0.873587467387964));
#4290=CARTESIAN_POINT('Ctrl Pts',(-16.5012437935361,17.7957664345993,0.384774691478558));
#4291=CARTESIAN_POINT('Ctrl Pts',(-16.510067749639,17.7958390010127,0.384774691478558));
#4292=CARTESIAN_POINT('Ctrl Pts',(-16.518603665063,17.7860842106724,0.384774691478558));
#4293=CARTESIAN_POINT('Ctrl Pts',(-16.5259110970428,17.7682360095139,0.384774691478558));
#4294=CARTESIAN_POINT('Ctrl Pts',(-16.5012437935361,17.7957664345993,0.431195830683962));
#4295=CARTESIAN_POINT('Ctrl Pts',(-16.510067749639,17.7958390010127,0.431195830683962));
#4296=CARTESIAN_POINT('Ctrl Pts',(-16.518603665063,17.7860842106724,0.431195830683962));
#4297=CARTESIAN_POINT('Ctrl Pts',(-16.5259110970428,17.7682360095139,0.431195830683962));
#4298=CARTESIAN_POINT('Ctrl Pts',(-16.5012437935361,17.7957664345993,0.477616969889364));
#4299=CARTESIAN_POINT('Ctrl Pts',(-16.510067749639,17.7958390010127,0.477616969889364));
#4300=CARTESIAN_POINT('Ctrl Pts',(-16.518603665063,17.7860842106724,0.477616969889364));
#4301=CARTESIAN_POINT('Ctrl Pts',(-16.5259110970428,17.7682360095139,0.477616969889364));
#4302=CARTESIAN_POINT('Ctrl Pts',(-16.5012437935361,17.7957664345993,0.524038109094768));
#4303=CARTESIAN_POINT('Ctrl Pts',(-16.510067749639,17.7958390010127,0.524038109094768));
#4304=CARTESIAN_POINT('Ctrl Pts',(-16.518603665063,17.7860842106724,0.524038109094768));
#4305=CARTESIAN_POINT('Ctrl Pts',(-16.5259110970428,17.7682360095139,0.524038109094768));
#4306=CARTESIAN_POINT('',(-16.5013422522667,17.7957668394509,0.384774691478558));
#4307=CARTESIAN_POINT('Ctrl Pts',(-16.5013422398852,17.795766836546,0.523587467387965));
#4308=CARTESIAN_POINT('Ctrl Pts',(-16.5013422398852,17.795766836546,0.477316542084829));
#4309=CARTESIAN_POINT('Ctrl Pts',(-16.5013422398852,17.795766836546,0.431045616781694));
#4310=CARTESIAN_POINT('Ctrl Pts',(-16.5013422398852,17.795766836546,0.384774691478558));
#4311=CARTESIAN_POINT('',(-16.5258295101367,17.7684348290441,0.384774691478558));
#4312=CARTESIAN_POINT('Ctrl Pts',(-16.5258295090216,17.7684348256244,0.384774691478558));
#4313=CARTESIAN_POINT('Ctrl Pts',(-16.5185673775518,17.786090478199,0.384774691478558));
#4314=CARTESIAN_POINT('Ctrl Pts',(-16.5100984173705,17.7957663278455,0.384774691478558));
#4315=CARTESIAN_POINT('Ctrl Pts',(-16.5013422398852,17.795766836546,0.384774691478558));
#4316=CARTESIAN_POINT('Ctrl Pts',(-16.5258295101367,17.7684348290442,0.523587467387966));
#4317=CARTESIAN_POINT('Ctrl Pts',(-16.5258295101367,17.7684348290442,0.47731654208483));
#4318=CARTESIAN_POINT('Ctrl Pts',(-16.5258295101367,17.7684348290442,0.431045616781694));
#4319=CARTESIAN_POINT('Ctrl Pts',(-16.5258295101367,17.7684348290442,0.384774691478558));
#4320=CARTESIAN_POINT('Ctrl Pts',(-16.5012954266984,17.7957667478809,1.07337315489792));
#4321=CARTESIAN_POINT('Ctrl Pts',(-16.5100849999766,17.7958011248701,1.07337315489792));
#4322=CARTESIAN_POINT('Ctrl Pts',(-16.5185847324977,17.7860877974998,1.07337315489792));
#4323=CARTESIAN_POINT('Ctrl Pts',(-16.525868323961,17.7683403566669,1.07337315489792));
#4324=CARTESIAN_POINT('Ctrl Pts',(-16.5012954266984,17.7957667478809,1.12005010432731));
#4325=CARTESIAN_POINT('Ctrl Pts',(-16.5100849999766,17.7958011248701,1.12005010432731));
#4326=CARTESIAN_POINT('Ctrl Pts',(-16.5185847324977,17.7860877974998,1.12005010432731));
#4327=CARTESIAN_POINT('Ctrl Pts',(-16.525868323961,17.7683403566669,1.12005010432731));
#4328=CARTESIAN_POINT('Ctrl Pts',(-16.5012954266984,17.7957667478809,1.1667270537567));
#4329=CARTESIAN_POINT('Ctrl Pts',(-16.5100849999766,17.7958011248701,1.1667270537567));
#4330=CARTESIAN_POINT('Ctrl Pts',(-16.5185847324977,17.7860877974998,1.1667270537567));
#4331=CARTESIAN_POINT('Ctrl Pts',(-16.525868323961,17.7683403566669,1.1667270537567));
#4332=CARTESIAN_POINT('Ctrl Pts',(-16.5012954266984,17.7957667478809,1.21340400318609));
#4333=CARTESIAN_POINT('Ctrl Pts',(-16.5100849999766,17.7958011248701,1.21340400318609));
#4334=CARTESIAN_POINT('Ctrl Pts',(-16.5185847324977,17.7860877974998,1.21340400318609));
#4335=CARTESIAN_POINT('Ctrl Pts',(-16.525868323961,17.7683403566669,1.21340400318609));
#4336=CARTESIAN_POINT('',(-16.5258295101374,17.7684348290433,1.21340400318609));
#4337=CARTESIAN_POINT('Ctrl Pts',(-16.5258295101367,17.7684348290442,1.21340400318609));
#4338=CARTESIAN_POINT('Ctrl Pts',(-16.5258295101367,17.7684348290442,1.1667984932402));
#4339=CARTESIAN_POINT('Ctrl Pts',(-16.5258295101367,17.7684348290442,1.12019298329432));
#4340=CARTESIAN_POINT('Ctrl Pts',(-16.5258295101367,17.7684348290442,1.07358747334843));
#4341=CARTESIAN_POINT('',(-16.5013422522667,17.7957668394509,1.2134040031861));
#4342=CARTESIAN_POINT('Ctrl Pts',(-16.5013422494787,17.7957668388133,1.21340400318609));
#4343=CARTESIAN_POINT('Ctrl Pts',(-16.5100995770866,17.7957666021365,1.21340400318609));
#4344=CARTESIAN_POINT('Ctrl Pts',(-16.5185674858172,17.7860907993857,1.21340400318609));
#4345=CARTESIAN_POINT('Ctrl Pts',(-16.5258295098937,17.7684348282757,1.21340400318609));
#4346=CARTESIAN_POINT('Ctrl Pts',(-16.5013422494787,17.7957668388133,1.21340400318609));
#4347=CARTESIAN_POINT('Ctrl Pts',(-16.5013422494787,17.7957668388133,1.1667984932402));
#4348=CARTESIAN_POINT('Ctrl Pts',(-16.5013422494787,17.7957668388133,1.12019298329432));
#4349=CARTESIAN_POINT('Ctrl Pts',(-16.5013422494787,17.7957668388133,1.07358747334843));
#4350=CARTESIAN_POINT('Ctrl Pts',(-16.6678502874189,17.6245436160163,0.384774691478558));
#4351=CARTESIAN_POINT('Ctrl Pts',(-16.6845845233356,17.6174286191711,0.384774691478558));
#4352=CARTESIAN_POINT('Ctrl Pts',(-16.7028899549712,17.6006943787515,0.384774691478558));
#4353=CARTESIAN_POINT('Ctrl Pts',(-16.6847225794974,17.5839443877858,0.384774691478558));
#4354=CARTESIAN_POINT('Ctrl Pts',(-16.6680475172016,17.5768208250299,0.384774691478558));
#4355=CARTESIAN_POINT('Ctrl Pts',(-16.6678502874189,17.6245436160163,0.660984462047736));
#4356=CARTESIAN_POINT('Ctrl Pts',(-16.6845845233356,17.6174286191711,0.660984462047736));
#4357=CARTESIAN_POINT('Ctrl Pts',(-16.7028899549712,17.6006943787515,0.660984462047736));
#4358=CARTESIAN_POINT('Ctrl Pts',(-16.6847225794974,17.5839443877858,0.660984462047736));
#4359=CARTESIAN_POINT('Ctrl Pts',(-16.6680475172016,17.5768208250299,0.660984462047736));
#4360=CARTESIAN_POINT('Ctrl Pts',(-16.6678502874189,17.6245436160163,0.937194232616914));
#4361=CARTESIAN_POINT('Ctrl Pts',(-16.6845845233356,17.6174286191711,0.937194232616914));
#4362=CARTESIAN_POINT('Ctrl Pts',(-16.7028899549712,17.6006943787515,0.937194232616914));
#4363=CARTESIAN_POINT('Ctrl Pts',(-16.6847225794974,17.5839443877858,0.937194232616914));
#4364=CARTESIAN_POINT('Ctrl Pts',(-16.6680475172016,17.5768208250299,0.937194232616914));
#4365=CARTESIAN_POINT('Ctrl Pts',(-16.6678502874189,17.6245436160163,1.21340400318609));
#4366=CARTESIAN_POINT('Ctrl Pts',(-16.6845845233356,17.6174286191711,1.21340400318609));
#4367=CARTESIAN_POINT('Ctrl Pts',(-16.7028899549712,17.6006943787515,1.21340400318609));
#4368=CARTESIAN_POINT('Ctrl Pts',(-16.6847225794974,17.5839443877858,1.21340400318609));
#4369=CARTESIAN_POINT('Ctrl Pts',(-16.6680475172016,17.5768208250299,1.21340400318609));
#4370=CARTESIAN_POINT('',(-16.6680475186001,17.6244595589413,0.384774691478558));
#4371=CARTESIAN_POINT('Ctrl Pts',(-16.6680475186011,17.6244595589404,0.384774691478558));
#4372=CARTESIAN_POINT('Ctrl Pts',(-16.6680475186011,17.6244595589404,0.430389683941751));
#4373=CARTESIAN_POINT('Ctrl Pts',(-16.6680475186011,17.6244595589404,0.476004676404944));
#4374=CARTESIAN_POINT('Ctrl Pts',(-16.6680475186011,17.6244595589404,0.52227560170808));
#4375=CARTESIAN_POINT('Ctrl Pts',(-16.6680475186011,17.6244595589404,0.522931534548023));
#4376=CARTESIAN_POINT('Ctrl Pts',(-16.6680475186011,17.6244595589404,0.523587467387966));
#4377=CARTESIAN_POINT('',(-16.6937765627944,17.6006401922841,0.384774691478558));
#4378=CARTESIAN_POINT('Ctrl Pts',(-16.6937718510321,17.6006410230589,0.384774691478558));
#4379=CARTESIAN_POINT('Ctrl Pts',(-16.6937732142166,17.6089956186129,0.384774691478558));
#4380=CARTESIAN_POINT('Ctrl Pts',(-16.6846892382928,17.6173487386062,0.384774691478558));
#4381=CARTESIAN_POINT('Ctrl Pts',(-16.6680475154739,17.6244595514283,0.384774691478558));
#4382=CARTESIAN_POINT('',(-16.6680475186006,17.5768208256273,0.384774691478558));
#4383=CARTESIAN_POINT('Ctrl Pts',(-16.6680475186005,17.5768208256275,0.384774691478558));
#4384=CARTESIAN_POINT('Ctrl Pts',(-16.6846897666081,17.5839303704173,0.384774691478558));
#4385=CARTESIAN_POINT('Ctrl Pts',(-16.6937704878475,17.5922864275049,0.384774691478558));
#4386=CARTESIAN_POINT('Ctrl Pts',(-16.6937718510321,17.6006410230589,0.384774691478558));
#4387=CARTESIAN_POINT('',(-16.6680475174105,17.576820824541,1.21340400318609));
#4388=CARTESIAN_POINT('Ctrl Pts',(-16.6680475186011,17.5768208256278,1.21340400318609));
#4389=CARTESIAN_POINT('Ctrl Pts',(-16.6680475186011,17.5768208256278,1.0752991179015));
#4390=CARTESIAN_POINT('Ctrl Pts',(-16.6680475186011,17.5768208256278,0.937194232616914));
#4391=CARTESIAN_POINT('Ctrl Pts',(-16.6680475186011,17.5768208256278,0.660984462047736));
#4392=CARTESIAN_POINT('Ctrl Pts',(-16.6680475186011,17.5768208256278,0.522879576763149));
#4393=CARTESIAN_POINT('Ctrl Pts',(-16.6680475186011,17.5768208256278,0.384774691478558));
#4394=CARTESIAN_POINT('',(-16.668047516029,17.6244595612881,1.21340400318609));
#4395=CARTESIAN_POINT('Ctrl Pts',(-16.6680475155778,17.6244595602319,1.21340400318609));
#4396=CARTESIAN_POINT('Ctrl Pts',(-16.6857016144952,17.6169177547274,1.21340400318609));
#4397=CARTESIAN_POINT('Ctrl Pts',(-16.6937464424399,17.6087789736811,1.21340400318604));
#4398=CARTESIAN_POINT('Ctrl Pts',(-16.6937464427066,17.6006401926473,1.21340400318604));
#4399=CARTESIAN_POINT('Ctrl Pts',(-16.6937464429734,17.5925014116134,1.21340400318604));
#4400=CARTESIAN_POINT('Ctrl Pts',(-16.6857016155622,17.584362630592,1.21340400318609));
#4401=CARTESIAN_POINT('Ctrl Pts',(-16.6680475172017,17.5768208250299,1.2134040031861));
#4402=CARTESIAN_POINT('Ctrl Pts',(-16.6680475186011,17.6244595589404,1.07358747334843));
#4403=CARTESIAN_POINT('Ctrl Pts',(-16.6680475186011,17.6244595589404,1.12019298329432));
#4404=CARTESIAN_POINT('Ctrl Pts',(-16.6680475186011,17.6244595589404,1.1667984932402));
#4405=CARTESIAN_POINT('Ctrl Pts',(-16.6680475186011,17.6244595589404,1.21340400318609));
#4406=CARTESIAN_POINT('Ctrl Pts',(-16.5256528328582,17.7684619688853,0.3785874614275));
#4407=CARTESIAN_POINT('Ctrl Pts',(-16.650489500605,17.7493527716778,0.3785874614275));
#4408=CARTESIAN_POINT('Ctrl Pts',(-16.6680730925526,17.6242783563982,0.3785874614275));
#4409=CARTESIAN_POINT('Ctrl Pts',(-16.5256528328582,17.7684619688853,0.523587467387966));
#4410=CARTESIAN_POINT('Ctrl Pts',(-16.650489500605,17.7493527716778,0.523587467387966));
#4411=CARTESIAN_POINT('Ctrl Pts',(-16.6680730925526,17.6242783563982,0.523587467387966));
#4412=CARTESIAN_POINT('',(-16.5256528328582,17.7684619688853,0.3785874614275));
#4413=CARTESIAN_POINT('Ctrl Pts',(-16.5258295101367,17.7684348290442,0.384774691478556));
#4414=CARTESIAN_POINT('Ctrl Pts',(-16.5258295101367,17.7684348290441,0.382713376299545));
#4415=CARTESIAN_POINT('Ctrl Pts',(-16.5257705099732,17.7684420686919,0.380641455733075));
#4416=CARTESIAN_POINT('Ctrl Pts',(-16.5256518585553,17.7684598761982,0.378582702732738));
#4417=CARTESIAN_POINT('',(-16.6680730925525,17.6242783563982,0.3785874614275));
#4418=CARTESIAN_POINT('Origin',(-16.4999695296162,17.6006401922841,0.3785874614275));
#4419=CARTESIAN_POINT('Ctrl Pts',(-16.6680503051553,17.6242750082223,0.378568791290186));
#4420=CARTESIAN_POINT('Ctrl Pts',(-16.6680451501624,17.6243980173462,0.38063535882523));
#4421=CARTESIAN_POINT('Ctrl Pts',(-16.6680475186008,17.6244595589403,0.382713380283965));
#4422=CARTESIAN_POINT('Ctrl Pts',(-16.6680475186011,17.6244595589404,0.384774691478539));
#4423=CARTESIAN_POINT('Ctrl Pts',(-16.5257057309131,17.7684538630556,1.07358747334843));
#4424=CARTESIAN_POINT('Ctrl Pts',(-16.6504532381021,17.7493180599804,1.07358747334843));
#4425=CARTESIAN_POINT('Ctrl Pts',(-16.6680654554787,17.6243326164053,1.07358747334843));
#4426=CARTESIAN_POINT('Ctrl Pts',(-16.5257057309131,17.7684538630556,1.2185874614275));
#4427=CARTESIAN_POINT('Ctrl Pts',(-16.6504532381021,17.7493180599804,1.2185874614275));
#4428=CARTESIAN_POINT('Ctrl Pts',(-16.6680654554787,17.6243326164053,1.2185874614275));
#4429=CARTESIAN_POINT('',(-16.6680654554787,17.6243326164053,1.2185874614275));
#4430=CARTESIAN_POINT('Ctrl Pts',(-16.6680475186011,17.6244595589404,1.21340400318608));
#4431=CARTESIAN_POINT('Ctrl Pts',(-16.6680475186,17.62445955894,1.21513117276401));
#4432=CARTESIAN_POINT('Ctrl Pts',(-16.6680451850075,17.6244162493005,1.2168695516275));
#4433=CARTESIAN_POINT('Ctrl Pts',(-16.6680468572573,17.6243299013258,1.21860222159426));
#4434=CARTESIAN_POINT('',(-16.5257057309131,17.7684538630556,1.2185874614275));
#4435=CARTESIAN_POINT('Origin',(-16.4999695296162,17.6006401922841,1.2185874614275));
#4436=CARTESIAN_POINT('Ctrl Pts',(-16.5257048749749,17.7684520250691,1.21859201434254));
#4437=CARTESIAN_POINT('Ctrl Pts',(-16.5257880261274,17.7684398383038,1.21686530192666));
#4438=CARTESIAN_POINT('Ctrl Pts',(-16.5258295101366,17.7684348290439,1.21513117541112));
#4439=CARTESIAN_POINT('Ctrl Pts',(-16.5258295101367,17.7684348290442,1.21340400318609));
#4440=CARTESIAN_POINT('Ctrl Pts',(-16.5258295101367,17.7684348290441,0.384774691562697));
#4441=CARTESIAN_POINT('Ctrl Pts',(-16.5247328111606,17.7711012815503,0.384774691562713));
#4442=CARTESIAN_POINT('Ctrl Pts',(-16.5224877400523,17.7760454502683,0.384774691562748));
#4443=CARTESIAN_POINT('Ctrl Pts',(-16.5179077381954,17.7843438288633,0.384774691562834));
#4444=CARTESIAN_POINT('Ctrl Pts',(-16.5107593125213,17.793183756555,0.384774691563021));
#4445=CARTESIAN_POINT('Ctrl Pts',(-16.5002801118744,17.797789314271,0.384774691563397));
#4446=CARTESIAN_POINT('Ctrl Pts',(-16.4908913068137,17.7924946207754,0.38477469156297));
#4447=CARTESIAN_POINT('Ctrl Pts',(-16.4838170159426,17.7825645371064,0.384774691562818));
#4448=CARTESIAN_POINT('Ctrl Pts',(-16.4803787501261,17.7764091102226,0.384774691562746));
#4449=CARTESIAN_POINT('Ctrl Pts',(-16.4781293149919,17.7715049139819,0.384774691562713));
#4450=CARTESIAN_POINT('Ctrl Pts',(-16.4770303591435,17.7688591128819,0.384774691562697));
#4451=CARTESIAN_POINT('Ctrl Pts',(-16.525829510138,17.7684348290532,0.377776487869239));
#4452=CARTESIAN_POINT('Ctrl Pts',(-16.5247329057173,17.7711011470469,0.377774793014679));
#4453=CARTESIAN_POINT('Ctrl Pts',(-16.5224879845739,17.776045051321,0.377771129666657));
#4454=CARTESIAN_POINT('Ctrl Pts',(-16.517907480434,17.7843428884966,0.377762373260618));
#4455=CARTESIAN_POINT('Ctrl Pts',(-16.5107583125983,17.7931808246746,0.377746867770554));
#4456=CARTESIAN_POINT('Ctrl Pts',(-16.500280331631,17.7977876306122,0.377718483670899));
#4457=CARTESIAN_POINT('Ctrl Pts',(-16.4908924223571,17.7924917934105,0.3777505040908));
#4458=CARTESIAN_POINT('Ctrl Pts',(-16.4838171301761,17.7825637391577,0.37776405339537));
#4459=CARTESIAN_POINT('Ctrl Pts',(-16.4803785659646,17.7764086485073,0.3777710527907));
#4460=CARTESIAN_POINT('Ctrl Pts',(-16.4781292271891,17.7715047788912,0.377774566941821));
#4461=CARTESIAN_POINT('Ctrl Pts',(-16.4770303591422,17.768859112891,0.377776279277562));
#4462=CARTESIAN_POINT('Ctrl Pts',(-16.5254840227972,17.7661252147197,0.362575322499954));
#4463=CARTESIAN_POINT('Ctrl Pts',(-16.524402152524,17.7687544049215,0.362571774511461));
#4464=CARTESIAN_POINT('Ctrl Pts',(-16.5221870319438,17.7736295523638,0.362563619854258));
#4465=CARTESIAN_POINT('Ctrl Pts',(-16.51767204243,17.7818108782842,0.362543192755892));
#4466=CARTESIAN_POINT('Ctrl Pts',(-16.5106129263385,17.7905258549503,0.362493167366002));
#4467=CARTESIAN_POINT('Ctrl Pts',(-16.5002967441274,17.7950319677738,0.362389920099013));
#4468=CARTESIAN_POINT('Ctrl Pts',(-16.4910493786474,17.7898494385065,0.362507022101385));
#4469=CARTESIAN_POINT('Ctrl Pts',(-16.4840666191522,17.7800562914082,0.36254648205768));
#4470=CARTESIAN_POINT('Ctrl Pts',(-16.480676821252,17.7739886509845,0.362563675117036));
#4471=CARTESIAN_POINT('Ctrl Pts',(-16.4784575261187,17.7691524103907,0.362571261367006));
#4472=CARTESIAN_POINT('Ctrl Pts',(-16.4773734339317,17.7665435871057,0.362574858764193));
#4473=CARTESIAN_POINT('Ctrl Pts',(-16.5233356761943,17.7514829813757,0.338426905411135));
#4474=CARTESIAN_POINT('Ctrl Pts',(-16.5223473220775,17.7538764058117,0.338416726156334));
#4475=CARTESIAN_POINT('Ctrl Pts',(-16.5203188676028,17.7583129145019,0.338394541337342));
#4476=CARTESIAN_POINT('Ctrl Pts',(-16.516193344862,17.7657519710399,0.338345167175852));
#4477=CARTESIAN_POINT('Ctrl Pts',(-16.5096968494153,17.7736434397288,0.338260342169672));
#4478=CARTESIAN_POINT('Ctrl Pts',(-16.500405159225,17.7776210174359,0.338190293081146));
#4479=CARTESIAN_POINT('Ctrl Pts',(-16.4920441094743,17.7730437265019,0.338272552260417));
#4480=CARTESIAN_POINT('Ctrl Pts',(-16.4856270150174,17.764154962149,0.33835550756445));
#4481=CARTESIAN_POINT('Ctrl Pts',(-16.4825300579685,17.7586406216287,0.338392408415182));
#4482=CARTESIAN_POINT('Ctrl Pts',(-16.480497348225,17.754238652508,0.338415022762893));
#4483=CARTESIAN_POINT('Ctrl Pts',(-16.479506901238,17.751863830955,0.338425290983144));
#4484=CARTESIAN_POINT('Ctrl Pts',(-16.5207562644881,17.7347239219415,0.330852210276772));
#4485=CARTESIAN_POINT('Ctrl Pts',(-16.5198738409441,17.7368444161873,0.330847239254654));
#4486=CARTESIAN_POINT('Ctrl Pts',(-16.5180660079172,17.7407736103675,0.330838314709701));
#4487=CARTESIAN_POINT('Ctrl Pts',(-16.5143949188917,17.7473558734406,0.330823568640038));
#4488=CARTESIAN_POINT('Ctrl Pts',(-16.5086535583904,17.7543248521138,0.330813831884255));
#4489=CARTESIAN_POINT('Ctrl Pts',(-16.5005220764111,17.7578427752753,0.330817218337594));
#4490=CARTESIAN_POINT('Ctrl Pts',(-16.4932054142835,17.7537960359257,0.330813236665789));
#4491=CARTESIAN_POINT('Ctrl Pts',(-16.487519713556,17.7459430378816,0.330827180721683));
#4492=CARTESIAN_POINT('Ctrl Pts',(-16.4847652195149,17.7410634484379,0.330837990046114));
#4493=CARTESIAN_POINT('Ctrl Pts',(-16.482953451996,17.7371654066049,0.330846894293183));
#4494=CARTESIAN_POINT('Ctrl Pts',(-16.4820692362747,17.7350614796059,0.330851832351768));
#4495=CARTESIAN_POINT('Ctrl Pts',(-16.5192838910996,17.7256331349647,0.330098852688185));
#4496=CARTESIAN_POINT('Ctrl Pts',(-16.5184686790687,17.7276092492766,0.330098499121843));
#4497=CARTESIAN_POINT('Ctrl Pts',(-16.5167980351487,17.7312708840154,0.33009782524179));
#4498=CARTESIAN_POINT('Ctrl Pts',(-16.5134081430765,17.7374060170033,0.330096644228168));
#4499=CARTESIAN_POINT('Ctrl Pts',(-16.5081054487138,17.7439049174931,0.33009531858966));
#4500=CARTESIAN_POINT('Ctrl Pts',(-16.5005840610205,17.7471845511038,0.330094604548715));
#4501=CARTESIAN_POINT('Ctrl Pts',(-16.4938152164894,17.74341159608,0.330095430158565));
#4502=CARTESIAN_POINT('Ctrl Pts',(-16.4885656041762,17.7360890642164,0.330096897868999));
#4503=CARTESIAN_POINT('Ctrl Pts',(-16.4860219646875,17.7315409659477,0.330097773241677));
#4504=CARTESIAN_POINT('Ctrl Pts',(-16.4843478028964,17.7279082494199,0.33009844454361));
#4505=CARTESIAN_POINT('Ctrl Pts',(-16.4835309637427,17.7259475629183,0.330098796350509));
#4506=CARTESIAN_POINT('',(-16.4770303591432,17.768859112882,0.384774691478558));
#4507=CARTESIAN_POINT('Ctrl Pts',(-16.5013392661228,17.7957690599186,0.384774691478546));
#4508=CARTESIAN_POINT('Ctrl Pts',(-16.4966968198228,17.7957684233539,0.384774691478546));
#4509=CARTESIAN_POINT('Ctrl Pts',(-16.4920335467254,17.7931176843955,0.384774691478525));
#4510=CARTESIAN_POINT('Ctrl Pts',(-16.487353071809,17.7873309434893,0.384774691478527));
#4511=CARTESIAN_POINT('Ctrl Pts',(-16.4861751128997,17.7858745649961,0.384774691478527));
#4512=CARTESIAN_POINT('Ctrl Pts',(-16.4849960644212,17.7842195510512,0.384774691478529));
#4513=CARTESIAN_POINT('Ctrl Pts',(-16.4838334958791,17.7823661395982,0.384774691478532));
#4514=CARTESIAN_POINT('Ctrl Pts',(-16.4826709273371,17.7805127281451,0.384774691478535));
#4515=CARTESIAN_POINT('Ctrl Pts',(-16.4815248387316,17.7784609191839,0.384774691478539));
#4516=CARTESIAN_POINT('Ctrl Pts',(-16.4803894356453,17.7762089656431,0.384774691478543));
#4517=CARTESIAN_POINT('Ctrl Pts',(-16.479254032559,17.7739570121023,0.384774691478547));
#4518=CARTESIAN_POINT('Ctrl Pts',(-16.4781293149919,17.7715049139819,0.384774691478552));
#4519=CARTESIAN_POINT('Ctrl Pts',(-16.4770303591435,17.7688591128819,0.384774691478557));
#4520=CARTESIAN_POINT('',(-16.4772070510239,17.7688831183602,0.3785874614275));
#4521=CARTESIAN_POINT('Ctrl Pts',(-16.4772080200609,17.7688810253429,0.37858272302369));
#4522=CARTESIAN_POINT('Ctrl Pts',(-16.4770893597865,17.7688653084621,0.380641468351475));
#4523=CARTESIAN_POINT('Ctrl Pts',(-16.4770303591439,17.7688591128827,0.382713390757391));
#4524=CARTESIAN_POINT('Ctrl Pts',(-16.4770303591438,17.7688591128827,0.384774691478552));
#4525=CARTESIAN_POINT('Ctrl Pts',(-16.5256528328582,17.7684619688853,0.378587461427497));
#4526=CARTESIAN_POINT('Ctrl Pts',(-16.524484586185,17.7686407966005,0.358254166995711));
#4527=CARTESIAN_POINT('Ctrl Pts',(-16.5224343126973,17.7571765228852,0.340449260095976));
#4528=CARTESIAN_POINT('Ctrl Pts',(-16.5162975759335,17.7500631720453,0.333906234598256));
#4529=CARTESIAN_POINT('Ctrl Pts',(-16.5111708116535,17.7441205229794,0.328440047812766));
#4530=CARTESIAN_POINT('Ctrl Pts',(-16.498074880506,17.7440424722062,0.328750581382518));
#4531=CARTESIAN_POINT('Ctrl Pts',(-16.4908936568336,17.7470816272254,0.331155338953668));
#4532=CARTESIAN_POINT('Ctrl Pts',(-16.482064122057,17.7508183615423,0.334112062149131));
#4533=CARTESIAN_POINT('Ctrl Pts',(-16.4801084043951,17.7638287458443,0.346536762447737));
#4534=CARTESIAN_POINT('Ctrl Pts',(-16.4782435577638,17.7675982571113,0.365172427179317));
#4535=CARTESIAN_POINT('Ctrl Pts',(-16.4778038164293,17.7684871290897,0.369566821838628));
#4536=CARTESIAN_POINT('Ctrl Pts',(-16.4774663100707,17.7689182027855,0.374075439421171));
#4537=CARTESIAN_POINT('Ctrl Pts',(-16.4772070510239,17.7688831183602,0.378587461427497));
#4538=CARTESIAN_POINT('Ctrl Pts',(-16.5013422522667,17.4081091670134,0.384774691563237));
#4539=CARTESIAN_POINT('Ctrl Pts',(-16.508992492929,17.4081091670134,0.384774691563237));
#4540=CARTESIAN_POINT('Ctrl Pts',(-16.5172384239431,17.4158064127841,0.384774691562825));
#4541=CARTESIAN_POINT('Ctrl Pts',(-16.5246506890205,17.4326680740805,0.384774691562711));
#4542=CARTESIAN_POINT('Ctrl Pts',(-16.5013422522667,17.408109166998,0.37464582578144));
#4543=CARTESIAN_POINT('Ctrl Pts',(-16.5089985583336,17.408109166998,0.374645825781439));
#4544=CARTESIAN_POINT('Ctrl Pts',(-16.5172331744684,17.4157965339661,0.374694670489402));
#4545=CARTESIAN_POINT('Ctrl Pts',(-16.5246506890223,17.4326680740672,0.374708147138537));
#4546=CARTESIAN_POINT('Ctrl Pts',(-16.5013422522667,17.4132002127801,0.355453116924701));
#4547=CARTESIAN_POINT('Ctrl Pts',(-16.5087609309815,17.4132002127801,0.355453116924701));
#4548=CARTESIAN_POINT('Ctrl Pts',(-16.5168227951076,17.4206478449863,0.355594140096576));
#4549=CARTESIAN_POINT('Ctrl Pts',(-16.5240457269116,17.4370693088932,0.355633917087181));
#4550=CARTESIAN_POINT('Ctrl Pts',(-16.5013422522667,17.4338517945655,0.335944288980432));
#4551=CARTESIAN_POINT('Ctrl Pts',(-16.507862881136,17.4338517945655,0.335944288980433));
#4552=CARTESIAN_POINT('Ctrl Pts',(-16.5150778366699,17.4403719733629,0.336025506656166));
#4553=CARTESIAN_POINT('Ctrl Pts',(-16.5215506244005,17.4549930798519,0.33609034023803));
#4554=CARTESIAN_POINT('Ctrl Pts',(-16.5013422522667,17.4481979043289,0.331280254653172));
#4555=CARTESIAN_POINT('Ctrl Pts',(-16.5072477311414,17.4481979043289,0.331280254653172));
#4556=CARTESIAN_POINT('Ctrl Pts',(-16.5137905166463,17.4541514127593,0.331288744089921));
#4557=CARTESIAN_POINT('Ctrl Pts',(-16.5197191546942,17.4675044107278,0.331315606019076));
#4558=CARTESIAN_POINT('Ctrl Pts',(-16.5013422522667,17.4550573746575,0.330398602964554));
#4559=CARTESIAN_POINT('Ctrl Pts',(-16.506955488972,17.4550573746575,0.330398602964554));
#4560=CARTESIAN_POINT('Ctrl Pts',(-16.5131770861793,17.4607415123007,0.330403062068211));
#4561=CARTESIAN_POINT('Ctrl Pts',(-16.5188144931502,17.4734996715656,0.330410479700316));
#4562=CARTESIAN_POINT('',(-16.5013422522667,17.4550535344102,0.330399096697526));
#4563=CARTESIAN_POINT('',(-16.5244646682753,17.4326408400107,0.3785874614275));
#4564=CARTESIAN_POINT('Ctrl Pts',(-16.5013422522667,17.4550535344102,0.330399096697526));
#4565=CARTESIAN_POINT('Ctrl Pts',(-16.5112910749385,17.455170590466,0.330384042651377));
#4566=CARTESIAN_POINT('Ctrl Pts',(-16.517046907931,17.4487022486006,0.33378244028415));
#4567=CARTESIAN_POINT('Ctrl Pts',(-16.5201277924546,17.4415513989957,0.345466392321573));
#4568=CARTESIAN_POINT('Ctrl Pts',(-16.5225411674751,17.4359498642156,0.354618880112845));
#4569=CARTESIAN_POINT('Ctrl Pts',(-16.5237512082237,17.4325367905903,0.366798058035215));
#4570=CARTESIAN_POINT('Ctrl Pts',(-16.5244646682753,17.4326408400107,0.378587461427497));
#4571=CARTESIAN_POINT('',(-16.5013422522667,17.4081091670134,0.384774691478558));
#4572=CARTESIAN_POINT('Ctrl Pts',(-16.5013422522667,17.4550535344075,0.330399096701424));
#4573=CARTESIAN_POINT('Ctrl Pts',(-16.5013422522667,17.4481952271678,0.331281125083193));
#4574=CARTESIAN_POINT('Ctrl Pts',(-16.5013422522667,17.4410236295983,0.333613009498509));
#4575=CARTESIAN_POINT('Ctrl Pts',(-16.5013422522667,17.434488096037,0.337565255819227));
#4576=CARTESIAN_POINT('Ctrl Pts',(-16.5013422522667,17.4279513426268,0.341518239821652));
#4577=CARTESIAN_POINT('Ctrl Pts',(-16.5013422522667,17.4220508906881,0.347092190662871));
#4578=CARTESIAN_POINT('Ctrl Pts',(-16.5013422522667,17.4176960521998,0.353507394584681));
#4579=CARTESIAN_POINT('Ctrl Pts',(-16.5013422522667,17.4111637944855,0.36313020044058));
#4580=CARTESIAN_POINT('Ctrl Pts',(-16.5013422522667,17.4081091670151,0.374645825717258));
#4581=CARTESIAN_POINT('Ctrl Pts',(-16.5013422522667,17.4081091670134,0.384774691478557));
#4582=CARTESIAN_POINT('',(-16.5246506890211,17.4326680740802,0.384774691478558));
#4583=CARTESIAN_POINT('Ctrl Pts',(-16.5013422522667,17.4081091670134,0.384774691478558));
#4584=CARTESIAN_POINT('Ctrl Pts',(-16.5089924929291,17.4081091670134,0.384774691478558));
#4585=CARTESIAN_POINT('Ctrl Pts',(-16.5172384239431,17.415806412784,0.384774691478554));
#4586=CARTESIAN_POINT('Ctrl Pts',(-16.5246506890205,17.4326680740805,0.384774691478553));
#4587=CARTESIAN_POINT('Ctrl Pts',(-16.5244616258483,17.4326629505835,0.378569883251681));
#4588=CARTESIAN_POINT('Ctrl Pts',(-16.5245876979449,17.4326695725264,0.380635583383651));
#4589=CARTESIAN_POINT('Ctrl Pts',(-16.5246506890198,17.4326680740792,0.382713368635482));
#4590=CARTESIAN_POINT('Ctrl Pts',(-16.5246506890198,17.4326680740789,0.384774691478554));
#4591=CARTESIAN_POINT('Ctrl Pts',(-16.478212216832,17.4322642972903,0.384774691562725));
#4592=CARTESIAN_POINT('Ctrl Pts',(-16.4855786184007,17.4156765803343,0.384774691562839));
#4593=CARTESIAN_POINT('Ctrl Pts',(-16.4937533312947,17.4081091670134,0.384774691563237));
#4594=CARTESIAN_POINT('Ctrl Pts',(-16.5013422522667,17.4081091670134,0.384774691563237));
#4595=CARTESIAN_POINT('Ctrl Pts',(-16.4782122168302,17.432264297277,0.374708356822356));
#4596=CARTESIAN_POINT('Ctrl Pts',(-16.4855838324342,17.415666876011,0.374694851466541));
#4597=CARTESIAN_POINT('Ctrl Pts',(-16.4937473159966,17.408109166998,0.37464636583487));
#4598=CARTESIAN_POINT('Ctrl Pts',(-16.5013422522667,17.408109166998,0.37464636583487));
#4599=CARTESIAN_POINT('Ctrl Pts',(-16.4788125096175,17.4366755095112,0.355634719063559));
#4600=CARTESIAN_POINT('Ctrl Pts',(-16.4859908605329,17.4205208596287,0.355594705945024));
#4601=CARTESIAN_POINT('Ctrl Pts',(-16.4939830092687,17.413199593589,0.355454833707653));
#4602=CARTESIAN_POINT('Ctrl Pts',(-16.5013422522667,17.413199593589,0.355454833707653));
#4603=CARTESIAN_POINT('Ctrl Pts',(-16.4812893024769,17.4546406819307,0.336090601956553));
#4604=CARTESIAN_POINT('Ctrl Pts',(-16.4877224308952,17.4402576205824,0.336025960758488));
#4605=CARTESIAN_POINT('Ctrl Pts',(-16.4948737733987,17.4338490914186,0.335946098572932));
#4606=CARTESIAN_POINT('Ctrl Pts',(-16.5013422522667,17.4338490914186,0.335946098572932));
#4607=CARTESIAN_POINT('Ctrl Pts',(-16.4831074945308,17.4671814710009,0.331316085610118));
#4608=CARTESIAN_POINT('Ctrl Pts',(-16.4889993142439,17.4540461081873,0.331289632824901));
#4609=CARTESIAN_POINT('Ctrl Pts',(-16.4954839561478,17.4481943222038,0.331281228735421));
#4610=CARTESIAN_POINT('Ctrl Pts',(-16.5013422522667,17.4481943222038,0.33128122873542));
#4611=CARTESIAN_POINT('Ctrl Pts',(-16.4840051874926,17.4731908058197,0.33041080846883));
#4612=CARTESIAN_POINT('Ctrl Pts',(-16.4896074887888,17.4606405195186,0.330403479382562));
#4613=CARTESIAN_POINT('Ctrl Pts',(-16.4957738452662,17.4550535344102,0.330399096697523));
#4614=CARTESIAN_POINT('Ctrl Pts',(-16.5013422522667,17.4550535344102,0.330399096697523));
#4615=CARTESIAN_POINT('',(-16.4783982538741,17.4322403569157,0.3785874614275));
#4616=CARTESIAN_POINT('Ctrl Pts',(-16.4783982538741,17.4322403569157,0.378587461427504));
#4617=CARTESIAN_POINT('Ctrl Pts',(-16.4796525196572,17.4320796548527,0.357863457375553));
#4618=CARTESIAN_POINT('Ctrl Pts',(-16.4816069997694,17.4438658247105,0.340118189939915));
#4619=CARTESIAN_POINT('Ctrl Pts',(-16.4884788314579,17.4509148043668,0.333782543503816));
#4620=CARTESIAN_POINT('Ctrl Pts',(-16.4910613133325,17.453563859673,0.331401563755307));
#4621=CARTESIAN_POINT('Ctrl Pts',(-16.4953016364263,17.4549824616121,0.330408237046352));
#4622=CARTESIAN_POINT('Ctrl Pts',(-16.5013422522667,17.4550535344102,0.330399096697526));
#4623=CARTESIAN_POINT('',(-16.478212216831,17.4322642972899,0.384774691478558));
#4624=CARTESIAN_POINT('Ctrl Pts',(-16.4782122168333,17.4322642972873,0.384774691478562));
#4625=CARTESIAN_POINT('Ctrl Pts',(-16.4782122168334,17.4322642972876,0.382713383800253));
#4626=CARTESIAN_POINT('Ctrl Pts',(-16.4782751994258,17.4322669085397,0.380635590046804));
#4627=CARTESIAN_POINT('Ctrl Pts',(-16.4784012675314,17.4322625119468,0.378569888474894));
#4628=CARTESIAN_POINT('Ctrl Pts',(-16.478212216832,17.4322642972903,0.384774691478567));
#4629=CARTESIAN_POINT('Ctrl Pts',(-16.4855786184008,17.4156765803343,0.384774691478567));
#4630=CARTESIAN_POINT('Ctrl Pts',(-16.4937533312947,17.4081091670134,0.38477469147856));
#4631=CARTESIAN_POINT('Ctrl Pts',(-16.5013422522667,17.4081091670134,0.38477469147856));
#4632=CARTESIAN_POINT('Ctrl Pts',(-16.4770303591435,17.7688591128818,0.384774691478558));
#4633=CARTESIAN_POINT('Ctrl Pts',(-16.4842950375254,17.7863492550764,0.384774691478558));
#4634=CARTESIAN_POINT('Ctrl Pts',(-16.4927563257961,17.7958774430397,0.384774691478558));
#4635=CARTESIAN_POINT('Ctrl Pts',(-16.5014951189686,17.795765863531,0.384774691478558));
#4636=CARTESIAN_POINT('Ctrl Pts',(-16.4770303591435,17.7688591128818,0.660984462047736));
#4637=CARTESIAN_POINT('Ctrl Pts',(-16.4842950375254,17.7863492550764,0.660984462047736));
#4638=CARTESIAN_POINT('Ctrl Pts',(-16.4927563257961,17.7958774430397,0.660984462047736));
#4639=CARTESIAN_POINT('Ctrl Pts',(-16.5014951189686,17.795765863531,0.660984462047736));
#4640=CARTESIAN_POINT('Ctrl Pts',(-16.4770303591435,17.7688591128818,0.937194232616914));
#4641=CARTESIAN_POINT('Ctrl Pts',(-16.4842950375254,17.7863492550764,0.937194232616914));
#4642=CARTESIAN_POINT('Ctrl Pts',(-16.4927563257961,17.7958774430397,0.937194232616914));
#4643=CARTESIAN_POINT('Ctrl Pts',(-16.5014951189686,17.795765863531,0.937194232616914));
#4644=CARTESIAN_POINT('Ctrl Pts',(-16.4770303591435,17.7688591128818,1.21340400318609));
#4645=CARTESIAN_POINT('Ctrl Pts',(-16.4842950375254,17.7863492550764,1.21340400318609));
#4646=CARTESIAN_POINT('Ctrl Pts',(-16.4927563257961,17.7958774430397,1.21340400318609));
#4647=CARTESIAN_POINT('Ctrl Pts',(-16.5014951189686,17.795765863531,1.21340400318609));
#4648=CARTESIAN_POINT('',(-16.4770303591432,17.768859112882,1.21340400318609));
#4649=CARTESIAN_POINT('Ctrl Pts',(-16.4770303591435,17.7688591128819,1.21340400318609));
#4650=CARTESIAN_POINT('Ctrl Pts',(-16.484252677858,17.7862472716757,1.21340400318609));
#4651=CARTESIAN_POINT('Ctrl Pts',(-16.4926576925022,17.7957660563727,1.21340400318609));
#4652=CARTESIAN_POINT('Ctrl Pts',(-16.5013422821728,17.7957668324517,1.21340400318609));
#4653=CARTESIAN_POINT('Ctrl Pts',(-16.4770303591438,17.7688591128827,0.384774691478558));
#4654=CARTESIAN_POINT('Ctrl Pts',(-16.4770303591438,17.7688591128827,0.431641823995101));
#4655=CARTESIAN_POINT('Ctrl Pts',(-16.4770303591438,17.7688591128827,0.478508956511643));
#4656=CARTESIAN_POINT('Ctrl Pts',(-16.4770303591438,17.7688591128827,0.754718727080821));
#4657=CARTESIAN_POINT('Ctrl Pts',(-16.4770303591438,17.7688591128827,0.984061365133456));
#4658=CARTESIAN_POINT('Ctrl Pts',(-16.4770303591438,17.7688591128827,1.21340400318609));
#4659=CARTESIAN_POINT('Ctrl Pts',(-16.5246506890205,17.4326680740805,0.384774691478558));
#4660=CARTESIAN_POINT('Ctrl Pts',(-16.5176907440728,17.4168353653032,0.384774691478558));
#4661=CARTESIAN_POINT('Ctrl Pts',(-16.5014559319694,17.3995320648383,0.384774691478558));
#4662=CARTESIAN_POINT('Ctrl Pts',(-16.485189232718,17.4165534016337,0.384774691478558));
#4663=CARTESIAN_POINT('Ctrl Pts',(-16.4782122165753,17.4322642978685,0.384774691478558));
#4664=CARTESIAN_POINT('Ctrl Pts',(-16.5246506890205,17.4326680740805,0.660984462047736));
#4665=CARTESIAN_POINT('Ctrl Pts',(-16.5176907440728,17.4168353653032,0.660984462047736));
#4666=CARTESIAN_POINT('Ctrl Pts',(-16.5014559319694,17.3995320648383,0.660984462047736));
#4667=CARTESIAN_POINT('Ctrl Pts',(-16.485189232718,17.4165534016337,0.660984462047736));
#4668=CARTESIAN_POINT('Ctrl Pts',(-16.4782122165753,17.4322642978685,0.660984462047736));
#4669=CARTESIAN_POINT('Ctrl Pts',(-16.5246506890205,17.4326680740805,0.937194232616914));
#4670=CARTESIAN_POINT('Ctrl Pts',(-16.5176907440728,17.4168353653032,0.937194232616914));
#4671=CARTESIAN_POINT('Ctrl Pts',(-16.5014559319694,17.3995320648383,0.937194232616914));
#4672=CARTESIAN_POINT('Ctrl Pts',(-16.485189232718,17.4165534016337,0.937194232616914));
#4673=CARTESIAN_POINT('Ctrl Pts',(-16.4782122165753,17.4322642978685,0.937194232616914));
#4674=CARTESIAN_POINT('Ctrl Pts',(-16.5246506890205,17.4326680740805,1.21340400318609));
#4675=CARTESIAN_POINT('Ctrl Pts',(-16.5176907440728,17.4168353653032,1.21340400318609));
#4676=CARTESIAN_POINT('Ctrl Pts',(-16.5014559319694,17.3995320648383,1.21340400318609));
#4677=CARTESIAN_POINT('Ctrl Pts',(-16.485189232718,17.4165534016337,1.21340400318609));
#4678=CARTESIAN_POINT('Ctrl Pts',(-16.4782122165753,17.4322642978685,1.21340400318609));
#4679=CARTESIAN_POINT('',(-16.4782122163721,17.4322642977782,1.21340400318609));
#4680=CARTESIAN_POINT('Ctrl Pts',(-16.4782122168333,17.4322642972874,1.21340400318609));
#4681=CARTESIAN_POINT('Ctrl Pts',(-16.4782122168333,17.4322642972874,1.0752991179015));
#4682=CARTESIAN_POINT('Ctrl Pts',(-16.4782122168333,17.4322642972874,0.937194232616914));
#4683=CARTESIAN_POINT('Ctrl Pts',(-16.4782122168333,17.4322642972874,0.660984462047736));
#4684=CARTESIAN_POINT('Ctrl Pts',(-16.4782122168333,17.4322642972874,0.522879576763149));
#4685=CARTESIAN_POINT('Ctrl Pts',(-16.4782122168333,17.4322642972874,0.384774691478558));
#4686=CARTESIAN_POINT('',(-16.5246506890198,17.4326680740789,1.21340400318609));
#4687=CARTESIAN_POINT('Ctrl Pts',(-16.5246506890198,17.4326680740789,1.2134040031861));
#4688=CARTESIAN_POINT('Ctrl Pts',(-16.5172681300108,17.4158739891121,1.21340400318609));
#4689=CARTESIAN_POINT('Ctrl Pts',(-16.5093499922752,17.4082019190039,1.21340400318605));
#4690=CARTESIAN_POINT('Ctrl Pts',(-16.5014350545266,17.4081358129553,1.21340400318605));
#4691=CARTESIAN_POINT('Ctrl Pts',(-16.4935201167781,17.4080697069067,1.21340400318605));
#4692=CARTESIAN_POINT('Ctrl Pts',(-16.4856083790166,17.4156095649176,1.21340400318609));
#4693=CARTESIAN_POINT('Ctrl Pts',(-16.4782122165753,17.4322642978685,1.2134040031861));
#4694=CARTESIAN_POINT('Ctrl Pts',(-16.5246506890198,17.4326680740789,0.384774691478558));
#4695=CARTESIAN_POINT('Ctrl Pts',(-16.5246506890198,17.4326680740789,0.429117267478951));
#4696=CARTESIAN_POINT('Ctrl Pts',(-16.5246506890198,17.4326680740789,0.473459843479347));
#4697=CARTESIAN_POINT('Ctrl Pts',(-16.5246506890198,17.4326680740789,0.749669614048525));
#4698=CARTESIAN_POINT('Ctrl Pts',(-16.5246506890198,17.4326680740789,0.981536808617307));
#4699=CARTESIAN_POINT('Ctrl Pts',(-16.5246506890198,17.4326680740789,1.21340400318609));
#4700=CARTESIAN_POINT('Ctrl Pts',(-16.5013422522667,17.7957668394509,1.21340400274276));
#4701=CARTESIAN_POINT('Ctrl Pts',(-16.5019178529063,17.7957668394509,1.21340400274276));
#4702=CARTESIAN_POINT('Ctrl Pts',(-16.5030771807534,17.7956837551649,1.2134040027428));
#4703=CARTESIAN_POINT('Ctrl Pts',(-16.5065941245859,17.7949164766728,1.21340400274309));
#4704=CARTESIAN_POINT('Ctrl Pts',(-16.5119492559516,17.7917644427186,1.21340400274405));
#4705=CARTESIAN_POINT('Ctrl Pts',(-16.5178677085386,17.7843945174336,1.21340400274485));
#4706=CARTESIAN_POINT('Ctrl Pts',(-16.5219071583791,17.777113031849,1.21340400274525));
#4707=CARTESIAN_POINT('Ctrl Pts',(-16.5241673475254,17.7723521779263,1.21340400274545));
#4708=CARTESIAN_POINT('Ctrl Pts',(-16.5252790751245,17.7697731259239,1.21340400274554));
#4709=CARTESIAN_POINT('Ctrl Pts',(-16.5258295101371,17.7684348290432,1.21340400274558));
#4710=CARTESIAN_POINT('Ctrl Pts',(-16.5013422522667,17.795766839508,1.22062232916971));
#4711=CARTESIAN_POINT('Ctrl Pts',(-16.5019178340418,17.795766839508,1.22062232916971));
#4712=CARTESIAN_POINT('Ctrl Pts',(-16.5030771029443,17.7956836155964,1.22062188485467));
#4713=CARTESIAN_POINT('Ctrl Pts',(-16.5065937356742,17.7949155839547,1.22061726109876));
#4714=CARTESIAN_POINT('Ctrl Pts',(-16.5119476107751,17.7917626000589,1.22060369456912));
#4715=CARTESIAN_POINT('Ctrl Pts',(-16.5178671321314,17.784393804828,1.22059103810517));
#4716=CARTESIAN_POINT('Ctrl Pts',(-16.5219070896343,17.7771125750539,1.22058324230757));
#4717=CARTESIAN_POINT('Ctrl Pts',(-16.5241673990768,17.7723520523156,1.22057919173902));
#4718=CARTESIAN_POINT('Ctrl Pts',(-16.5252790947779,17.7697730372351,1.22057734973715));
#4719=CARTESIAN_POINT('Ctrl Pts',(-16.5258295101442,17.7684348290918,1.22057643572418));
#4720=CARTESIAN_POINT('Ctrl Pts',(-16.5013422522667,17.7929179248947,1.23633819076427));
#4721=CARTESIAN_POINT('Ctrl Pts',(-16.5019080921014,17.7929179248947,1.23633819076427));
#4722=CARTESIAN_POINT('Ctrl Pts',(-16.5030476467803,17.7928365931486,1.23633658052237));
#4723=CARTESIAN_POINT('Ctrl Pts',(-16.5065063056012,17.7920874201862,1.23632149268478));
#4724=CARTESIAN_POINT('Ctrl Pts',(-16.5117852661573,17.7889951736801,1.23626991147562));
#4725=CARTESIAN_POINT('Ctrl Pts',(-16.5176189083227,17.7817338029238,1.23622822373592));
#4726=CARTESIAN_POINT('Ctrl Pts',(-16.5215992380205,17.7745593237266,1.23620984447145));
#4727=CARTESIAN_POINT('Ctrl Pts',(-16.5238268598304,17.7698682960742,1.23620110262362));
#4728=CARTESIAN_POINT('Ctrl Pts',(-16.5249224234229,17.767326974704,1.23619745615715));
#4729=CARTESIAN_POINT('Ctrl Pts',(-16.5254649806095,17.7660083350405,1.23619568833023));
#4730=CARTESIAN_POINT('Ctrl Pts',(-16.5013422522666,17.7748282337771,1.26092717171685));
#4731=CARTESIAN_POINT('Ctrl Pts',(-16.5018481540409,17.7748282337771,1.26092717171685));
#4732=CARTESIAN_POINT('Ctrl Pts',(-16.5028674595598,17.7747566724162,1.26092615368809));
#4733=CARTESIAN_POINT('Ctrl Pts',(-16.5059638493258,17.7740965283922,1.26091754809461));
#4734=CARTESIAN_POINT('Ctrl Pts',(-16.5107370742574,17.7713574083132,1.2608783889296));
#4735=CARTESIAN_POINT('Ctrl Pts',(-16.516061864022,17.76481899814,1.26080867701856));
#4736=CARTESIAN_POINT('Ctrl Pts',(-16.5196876694155,17.7583318520346,1.26076406853851));
#4737=CARTESIAN_POINT('Ctrl Pts',(-16.5217154948731,17.7540865708629,1.26074031093145));
#4738=CARTESIAN_POINT('Ctrl Pts',(-16.5227120681536,17.751785823053,1.26072926811052));
#4739=CARTESIAN_POINT('Ctrl Pts',(-16.5232053733187,17.7505918008709,1.26072392048993));
#4740=CARTESIAN_POINT('Ctrl Pts',(-16.5013422522667,17.7546215352348,1.267813040986));
#4741=CARTESIAN_POINT('Ctrl Pts',(-16.5017828887134,17.7546215352348,1.267813040986));
#4742=CARTESIAN_POINT('Ctrl Pts',(-16.5026702546238,17.7545576289495,1.26781346068807));
#4743=CARTESIAN_POINT('Ctrl Pts',(-16.5053665710491,17.753973334916,1.26781460405136));
#4744=CARTESIAN_POINT('Ctrl Pts',(-16.5095224553447,17.7515560217463,1.26781978361103));
#4745=CARTESIAN_POINT('Ctrl Pts',(-16.5141989023378,17.7458042350345,1.26781916511046));
#4746=CARTESIAN_POINT('Ctrl Pts',(-16.5174040689644,17.7400903420448,1.26781189937302));
#4747=CARTESIAN_POINT('Ctrl Pts',(-16.5192010084308,17.7363504586176,1.2678056929179));
#4748=CARTESIAN_POINT('Ctrl Pts',(-16.5200849185487,17.7343220379581,1.26780245345796));
#4749=CARTESIAN_POINT('Ctrl Pts',(-16.5205229216845,17.7332697076121,1.26780050927723));
#4750=CARTESIAN_POINT('Ctrl Pts',(-16.5013422522667,17.7439112709764,1.2681782979103));
#4751=CARTESIAN_POINT('Ctrl Pts',(-16.5017488352477,17.7439112709764,1.2681782979103));
#4752=CARTESIAN_POINT('Ctrl Pts',(-16.5025679678961,17.7438526228124,1.26817829481406));
#4753=CARTESIAN_POINT('Ctrl Pts',(-16.505056694424,17.7433109906834,1.2681782663911));
#4754=CARTESIAN_POINT('Ctrl Pts',(-16.508893861353,17.7410670567701,1.26817814857866));
#4755=CARTESIAN_POINT('Ctrl Pts',(-16.5132038256933,17.7357171016435,1.2681778771003));
#4756=CARTESIAN_POINT('Ctrl Pts',(-16.5161560770878,17.730402813491,1.268177621252));
#4757=CARTESIAN_POINT('Ctrl Pts',(-16.5178107797265,17.7269231429706,1.26817745900379));
#4758=CARTESIAN_POINT('Ctrl Pts',(-16.518625128143,17.7250367303852,1.26817737298287));
#4759=CARTESIAN_POINT('Ctrl Pts',(-16.5190284760917,17.724057555477,1.26817732890156));
#4760=CARTESIAN_POINT('',(-16.5013422522667,17.7439123957408,1.26817825953989));
#4761=CARTESIAN_POINT('Ctrl Pts',(-16.5013422522667,17.7439123957408,1.2681782595399));
#4762=CARTESIAN_POINT('Ctrl Pts',(-16.5101241128609,17.7438228259881,1.26818131609865));
#4763=CARTESIAN_POINT('Ctrl Pts',(-16.5161323556659,17.7464894830081,1.2666977687011));
#4764=CARTESIAN_POINT('Ctrl Pts',(-16.5187795860891,17.7515717126138,1.26168006443044));
#4765=CARTESIAN_POINT('Ctrl Pts',(-16.5226630251571,17.7590272513651,1.25431918317664));
#4766=CARTESIAN_POINT('Ctrl Pts',(-16.5248409463247,17.7685865177912,1.23661855588673));
#4767=CARTESIAN_POINT('Ctrl Pts',(-16.5257057309131,17.7684538630556,1.2185874614275));
#4768=CARTESIAN_POINT('Ctrl Pts',(-16.5013422522667,17.7439123957418,1.26817825953825));
#4769=CARTESIAN_POINT('Ctrl Pts',(-16.5013422522667,17.7546223840506,1.26781275172788));
#4770=CARTESIAN_POINT('Ctrl Pts',(-16.5013422522666,17.7667458869576,1.26368124023711));
#4771=CARTESIAN_POINT('Ctrl Pts',(-16.5013422522666,17.7762467968691,1.25570602998354));
#4772=CARTESIAN_POINT('Ctrl Pts',(-16.5013422522666,17.7825809585418,1.25038903702289));
#4773=CARTESIAN_POINT('Ctrl Pts',(-16.5013422522666,17.7877494417182,1.24336361389358));
#4774=CARTESIAN_POINT('Ctrl Pts',(-16.5013422522667,17.7910459119598,1.23592193693028));
#4775=CARTESIAN_POINT('Ctrl Pts',(-16.5013422522667,17.7943423821339,1.22848026011934));
#4776=CARTESIAN_POINT('Ctrl Pts',(-16.5013422522667,17.7957668394497,1.22062232949146));
#4777=CARTESIAN_POINT('Ctrl Pts',(-16.5013422522667,17.7957668394509,1.2134040031861));
#4778=CARTESIAN_POINT('Ctrl Pts',(-16.4770303591435,17.7688591128819,1.21340400274557));
#4779=CARTESIAN_POINT('Ctrl Pts',(-16.4803146877911,17.7767663280456,1.21340400274532));
#4780=CARTESIAN_POINT('Ctrl Pts',(-16.4883973071608,17.7910989110208,1.21340400274464));
#4781=CARTESIAN_POINT('Ctrl Pts',(-16.4967723411287,17.7957668394509,1.21340400274275));
#4782=CARTESIAN_POINT('Ctrl Pts',(-16.5013422522667,17.7957668394509,1.21340400274275));
#4783=CARTESIAN_POINT('Ctrl Pts',(-16.4770303591328,17.768859112955,1.22416281148));
#4784=CARTESIAN_POINT('Ctrl Pts',(-16.4803182089056,17.7767727349908,1.22416881577147));
#4785=CARTESIAN_POINT('Ctrl Pts',(-16.4884015536531,17.7911057709431,1.22418136489769));
#4786=CARTESIAN_POINT('Ctrl Pts',(-16.4967673633314,17.7957668395366,1.22423132994449));
#4787=CARTESIAN_POINT('Ctrl Pts',(-16.5013422522667,17.7957668395366,1.22423132994449));
#4788=CARTESIAN_POINT('Ctrl Pts',(-16.4777660136266,17.7638149710406,1.24476443341512));
#4789=CARTESIAN_POINT('Ctrl Pts',(-16.4809516610704,17.7714820818574,1.24478243911693));
#4790=CARTESIAN_POINT('Ctrl Pts',(-16.4887977716523,17.7853940735129,1.24484453091367));
#4791=CARTESIAN_POINT('Ctrl Pts',(-16.4969336632692,17.789850746978,1.24496783914929));
#4792=CARTESIAN_POINT('Ctrl Pts',(-16.5013422522667,17.789850746978,1.2449678391493));
#4793=CARTESIAN_POINT('Ctrl Pts',(-16.4807125032278,17.7437921437523,1.2642909841039));
#4794=CARTESIAN_POINT('Ctrl Pts',(-16.4835232817249,17.7505039287564,1.26431966413098));
#4795=CARTESIAN_POINT('Ctrl Pts',(-16.4904711606886,17.7626542508652,1.26439832586673));
#4796=CARTESIAN_POINT('Ctrl Pts',(-16.4975387772024,17.7664609813817,1.26442621650273));
#4797=CARTESIAN_POINT('Ctrl Pts',(-16.5013422522667,17.7664609813817,1.26442621650273));
#4798=CARTESIAN_POINT('Ctrl Pts',(-16.4827953133484,17.7305259497242,1.2679260452365));
#4799=CARTESIAN_POINT('Ctrl Pts',(-16.4853412543337,17.7365997871145,1.26793051385121));
#4800=CARTESIAN_POINT('Ctrl Pts',(-16.4916083642272,17.7475905575226,1.26793250336207));
#4801=CARTESIAN_POINT('Ctrl Pts',(-16.497932708745,17.7510525190011,1.26793460355621));
#4802=CARTESIAN_POINT('Ctrl Pts',(-16.5013422522667,17.7510525190011,1.26793460355621));
#4803=CARTESIAN_POINT('Ctrl Pts',(-16.4837843724627,17.7243689461186,1.26817730332706));
#4804=CARTESIAN_POINT('Ctrl Pts',(-16.4861909343886,17.7301540017483,1.26817756476988));
#4805=CARTESIAN_POINT('Ctrl Pts',(-16.4921196183444,17.7406223671832,1.26817808083456));
#4806=CARTESIAN_POINT('Ctrl Pts',(-16.4981142075711,17.7439123957408,1.26817825953989));
#4807=CARTESIAN_POINT('Ctrl Pts',(-16.5013422522667,17.7439123957408,1.26817825953989));
#4808=CARTESIAN_POINT('',(-16.4771541485958,17.7688759508275,1.2185874614275));
#4809=CARTESIAN_POINT('Ctrl Pts',(-16.4770303591438,17.7688591128827,1.21340400318609));
#4810=CARTESIAN_POINT('Ctrl Pts',(-16.4770303591441,17.7688591128812,1.21513116695242));
#4811=CARTESIAN_POINT('Ctrl Pts',(-16.477072723149,17.7688560118115,1.21686960001144));
#4812=CARTESIAN_POINT('Ctrl Pts',(-16.4771571273795,17.7688563751901,1.21860264599765));
#4813=CARTESIAN_POINT('Ctrl Pts',(-16.4771541485958,17.7688759508275,1.21858746142749));
#4814=CARTESIAN_POINT('Ctrl Pts',(-16.4780940746867,17.7690034480812,1.23818366553531));
#4815=CARTESIAN_POINT('Ctrl Pts',(-16.4804881017451,17.7575840260668,1.25670541264148));
#4816=CARTESIAN_POINT('Ctrl Pts',(-16.4850690012478,17.7501479821885,1.26332271148414));
#4817=CARTESIAN_POINT('Ctrl Pts',(-16.4880736638173,17.7452705988943,1.26766307086827));
#4818=CARTESIAN_POINT('Ctrl Pts',(-16.4949375226938,17.7439777201716,1.26817603035031));
#4819=CARTESIAN_POINT('Ctrl Pts',(-16.5013422522667,17.7439123957408,1.2681782595399));
#4820=CARTESIAN_POINT('Ctrl Pts',(-16.5246506890198,17.4326680740789,1.21340400274549));
#4821=CARTESIAN_POINT('Ctrl Pts',(-16.517268130011,17.4158739891126,1.2134040027449));
#4822=CARTESIAN_POINT('Ctrl Pts',(-16.5014318545395,17.4005298488969,1.2134040027405));
#4823=CARTESIAN_POINT('Ctrl Pts',(-16.4856083790163,17.4156095649181,1.21340400274488));
#4824=CARTESIAN_POINT('Ctrl Pts',(-16.4782122165753,17.4322642978685,1.21340400274548));
#4825=CARTESIAN_POINT('Ctrl Pts',(-16.5246506890296,17.4326680740076,1.22375191649215));
#4826=CARTESIAN_POINT('Ctrl Pts',(-16.5172618776133,17.4158627761635,1.22376567171915));
#4827=CARTESIAN_POINT('Ctrl Pts',(-16.5014318621791,17.4005029336463,1.22386699147984));
#4828=CARTESIAN_POINT('Ctrl Pts',(-16.4856146381566,17.4155984599149,1.22376613828946));
#4829=CARTESIAN_POINT('Ctrl Pts',(-16.4782122165655,17.4322642977969,1.2237522526976));
#4830=CARTESIAN_POINT('Ctrl Pts',(-16.5240065332373,17.4373430627906,1.24344729518902));
#4831=CARTESIAN_POINT('Ctrl Pts',(-16.5168253828391,17.4210156492491,1.24348833452487));
#4832=CARTESIAN_POINT('Ctrl Pts',(-16.501428466297,17.4062100580756,1.24378910201458));
#4833=CARTESIAN_POINT('Ctrl Pts',(-16.4860459095757,17.4207585705993,1.24348984467737));
#4834=CARTESIAN_POINT('Ctrl Pts',(-16.4788514257134,17.4369504310606,1.24344820572931));
#4835=CARTESIAN_POINT('Ctrl Pts',(-16.5213762113229,17.4562281871983,1.26301183904236));
#4836=CARTESIAN_POINT('Ctrl Pts',(-16.5149801934778,17.4417903273082,1.26307691073808));
#4837=CARTESIAN_POINT('Ctrl Pts',(-16.5014154255222,17.4289181338291,1.26322250816159));
#4838=CARTESIAN_POINT('Ctrl Pts',(-16.4878708908865,17.441563863916,1.26307873318638));
#4839=CARTESIAN_POINT('Ctrl Pts',(-16.4814627954409,17.4558811297032,1.26301339336943));
#4840=CARTESIAN_POINT('Ctrl Pts',(-16.5194742106575,17.4691441779156,1.26734870134682));
#4841=CARTESIAN_POINT('Ctrl Pts',(-16.5136432813308,17.4560092049501,1.26736849062183));
#4842=CARTESIAN_POINT('Ctrl Pts',(-16.5014077240675,17.4443061586093,1.26737293956718));
#4843=CARTESIAN_POINT('Ctrl Pts',(-16.4891923749304,17.4558033364798,1.26736860881027));
#4844=CARTESIAN_POINT('Ctrl Pts',(-16.4833510662725,17.4688283041813,1.26734905195837));
#4845=CARTESIAN_POINT('Ctrl Pts',(-16.518549695008,17.4752515817256,1.26799277030189));
#4846=CARTESIAN_POINT('Ctrl Pts',(-16.5130190944636,17.4627182665545,1.26799652578859));
#4847=CARTESIAN_POINT('Ctrl Pts',(-16.5014044995457,17.4515523989635,1.26800081902141));
#4848=CARTESIAN_POINT('Ctrl Pts',(-16.4898088448547,17.4625218593457,1.26799659549653));
#4849=CARTESIAN_POINT('Ctrl Pts',(-16.48426845283,17.4749502572829,1.26799286072085));
#4850=CARTESIAN_POINT('',(-16.478342538184,17.4322475048263,1.2185874614275));
#4851=CARTESIAN_POINT('Ctrl Pts',(-16.4783449847044,17.4322651294546,1.21860174585698));
#4852=CARTESIAN_POINT('Ctrl Pts',(-16.4782565314465,17.4322666250008,1.21686949318125));
#4853=CARTESIAN_POINT('Ctrl Pts',(-16.4782122168336,17.4322642972887,1.21513117034355));
#4854=CARTESIAN_POINT('Ctrl Pts',(-16.4782122168333,17.4322642972874,1.21340400318609));
#4855=CARTESIAN_POINT('',(-16.5245203790823,17.4326489741866,1.2185874614275));
#4856=CARTESIAN_POINT('Ctrl Pts',(-16.5245203790823,17.4326489741866,1.2185874614275));
#4857=CARTESIAN_POINT('Ctrl Pts',(-16.5234994184709,17.4324997337052,1.23880249908496));
#4858=CARTESIAN_POINT('Ctrl Pts',(-16.5210269554335,17.4447578103324,1.25766535776184));
#4859=CARTESIAN_POINT('Ctrl Pts',(-16.5157427662647,17.4519034187686,1.26388305129904));
#4860=CARTESIAN_POINT('Ctrl Pts',(-16.5111219914242,17.4581519171904,1.26932013179419));
#4861=CARTESIAN_POINT('Ctrl Pts',(-16.5065270408461,17.4572537992334,1.26812649609761));
#4862=CARTESIAN_POINT('Ctrl Pts',(-16.4996642092736,17.4570134628993,1.2679793815767));
#4863=CARTESIAN_POINT('Ctrl Pts',(-16.4891881411688,17.4566465910363,1.26775481220998));
#4864=CARTESIAN_POINT('Ctrl Pts',(-16.4847730261787,17.4484295887979,1.26330734206588));
#4865=CARTESIAN_POINT('Ctrl Pts',(-16.4821215463806,17.4412348268072,1.2516451339177));
#4866=CARTESIAN_POINT('Ctrl Pts',(-16.4801537401303,17.4358952056552,1.24298997987814));
#4867=CARTESIAN_POINT('Ctrl Pts',(-16.4789538916563,17.4321689698761,1.23069121001158));
#4868=CARTESIAN_POINT('Ctrl Pts',(-16.478342538184,17.4322475048263,1.2185874614275));
#4869=CARTESIAN_POINT('Ctrl Pts',(-16.5246506890198,17.4326680740789,1.2134040031861));
#4870=CARTESIAN_POINT('Ctrl Pts',(-16.5246506890196,17.4326680740803,1.21513117921457));
#4871=CARTESIAN_POINT('Ctrl Pts',(-16.5246063672619,17.4326696185998,1.21686949718366));
#4872=CARTESIAN_POINT('Ctrl Pts',(-16.5245179070697,17.4326665614027,1.21860174933411));
#4873=CARTESIAN_POINT('Ctrl Pts',(-16.6680730925526,17.5770020281699,0.3785874614275));
#4874=CARTESIAN_POINT('Ctrl Pts',(-16.650359235865,17.4510010225647,0.3785874614275));
#4875=CARTESIAN_POINT('Ctrl Pts',(-16.5244646682753,17.4326408400107,0.3785874614275));
#4876=CARTESIAN_POINT('Ctrl Pts',(-16.6680730925526,17.5770020281699,1.2185874614275));
#4877=CARTESIAN_POINT('Ctrl Pts',(-16.650359235865,17.4510010225647,1.2185874614275));
#4878=CARTESIAN_POINT('Ctrl Pts',(-16.5244646682753,17.4326408400107,1.2185874614275));
#4879=CARTESIAN_POINT('',(-16.6680654554787,17.5769477681628,1.2185874614275));
#4880=CARTESIAN_POINT('Origin',(-16.4999695296162,17.6006401922841,1.2185874614275));
#4881=CARTESIAN_POINT('Ctrl Pts',(-16.6680468572573,17.5769504832423,1.2186022215942));
#4882=CARTESIAN_POINT('Ctrl Pts',(-16.6680451850073,17.5768641352675,1.21686955162749));
#4883=CARTESIAN_POINT('Ctrl Pts',(-16.6680475185998,17.5768208256281,1.21513117276401));
#4884=CARTESIAN_POINT('Ctrl Pts',(-16.6680475186011,17.5768208256278,1.21340400318608));
#4885=CARTESIAN_POINT('',(-16.6680730925525,17.5770020281699,0.3785874614275));
#4886=CARTESIAN_POINT('Ctrl Pts',(-16.6680475186011,17.5768208256278,0.384774691478567));
#4887=CARTESIAN_POINT('Ctrl Pts',(-16.6680475186008,17.5768208256278,0.38271338028401));
#4888=CARTESIAN_POINT('Ctrl Pts',(-16.6680451465829,17.5768823670561,0.380635358507894));
#4889=CARTESIAN_POINT('Ctrl Pts',(-16.6680503156665,17.5770053767092,0.378568791834332));
#4890=CARTESIAN_POINT('Origin',(-16.4999695296162,17.6006401922841,0.3785874614275));
#4891=CARTESIAN_POINT('Ctrl Pts',(-16.5763601874715,17.6006401922841,0.3785874614275));
#4892=CARTESIAN_POINT('Ctrl Pts',(-16.5763601874715,17.6770394439895,0.3785874614275));
#4893=CARTESIAN_POINT('Ctrl Pts',(-16.4999695296162,17.6770394439895,0.3785874614275));
#4894=CARTESIAN_POINT('Ctrl Pts',(-16.4235788717609,17.6770394439895,0.3785874614275));
#4895=CARTESIAN_POINT('Ctrl Pts',(-16.4235788717609,17.6006401922841,0.3785874614275));
#4896=CARTESIAN_POINT('Ctrl Pts',(-16.4235788717609,17.5242409405786,0.3785874614275));
#4897=CARTESIAN_POINT('Ctrl Pts',(-16.4999695296162,17.5242409405786,0.3785874614275));
#4898=CARTESIAN_POINT('Ctrl Pts',(-16.5763601874715,17.5242409405786,0.3785874614275));
#4899=CARTESIAN_POINT('Ctrl Pts',(-16.5763601874715,17.6006401922841,0.3785874614275));
#4900=CARTESIAN_POINT('Ctrl Pts',(-16.5763601874715,17.6006401922841,0.4335874614275));
#4901=CARTESIAN_POINT('Ctrl Pts',(-16.5763601874715,17.6770394439895,0.4335874614275));
#4902=CARTESIAN_POINT('Ctrl Pts',(-16.4999695296162,17.6770394439895,0.4335874614275));
#4903=CARTESIAN_POINT('Ctrl Pts',(-16.4235788717609,17.6770394439895,0.4335874614275));
#4904=CARTESIAN_POINT('Ctrl Pts',(-16.4235788717609,17.6006401922841,0.4335874614275));
#4905=CARTESIAN_POINT('Ctrl Pts',(-16.4235788717609,17.5242409405786,0.4335874614275));
#4906=CARTESIAN_POINT('Ctrl Pts',(-16.4999695296162,17.5242409405786,0.4335874614275));
#4907=CARTESIAN_POINT('Ctrl Pts',(-16.5763601874715,17.5242409405786,0.4335874614275));
#4908=CARTESIAN_POINT('Ctrl Pts',(-16.5763601874715,17.6006401922841,0.4335874614275));
#4909=CARTESIAN_POINT('Ctrl Pts',(-16.6230433672719,17.6006401922841,0.4335874614275));
#4910=CARTESIAN_POINT('Ctrl Pts',(-16.6230433672719,17.7237278755873,0.4335874614275));
#4911=CARTESIAN_POINT('Ctrl Pts',(-16.4999695296162,17.7237278755873,0.4335874614275));
#4912=CARTESIAN_POINT('Ctrl Pts',(-16.3768956919604,17.7237278755873,0.4335874614275));
#4913=CARTESIAN_POINT('Ctrl Pts',(-16.3768956919604,17.6006401922841,0.4335874614275));
#4914=CARTESIAN_POINT('Ctrl Pts',(-16.3768956919604,17.4775525089808,0.4335874614275));
#4915=CARTESIAN_POINT('Ctrl Pts',(-16.4999695296162,17.4775525089808,0.4335874614275));
#4916=CARTESIAN_POINT('Ctrl Pts',(-16.6230433672719,17.4775525089808,0.4335874614275));
#4917=CARTESIAN_POINT('Ctrl Pts',(-16.6230433672719,17.6006401922841,0.4335874614275));
#4918=CARTESIAN_POINT('Ctrl Pts',(-16.6697265470724,17.6006401922841,0.4335874614275));
#4919=CARTESIAN_POINT('Ctrl Pts',(-16.6697265470724,17.7704163071851,0.4335874614275));
#4920=CARTESIAN_POINT('Ctrl Pts',(-16.4999695296162,17.7704163071851,0.4335874614275));
#4921=CARTESIAN_POINT('Ctrl Pts',(-16.33021251216,17.7704163071851,0.4335874614275));
#4922=CARTESIAN_POINT('Ctrl Pts',(-16.33021251216,17.6006401922841,0.4335874614275));
#4923=CARTESIAN_POINT('Ctrl Pts',(-16.33021251216,17.430864077383,0.4335874614275));
#4924=CARTESIAN_POINT('Ctrl Pts',(-16.4999695296162,17.430864077383,0.4335874614275));
#4925=CARTESIAN_POINT('Ctrl Pts',(-16.6697265470724,17.430864077383,0.4335874614275));
#4926=CARTESIAN_POINT('Ctrl Pts',(-16.6697265470724,17.6006401922841,0.4335874614275));
#4927=CARTESIAN_POINT('Ctrl Pts',(-16.6697265470724,17.6006401922841,0.3785874614275));
#4928=CARTESIAN_POINT('Ctrl Pts',(-16.6697265470724,17.7704163071851,0.3785874614275));
#4929=CARTESIAN_POINT('Ctrl Pts',(-16.4999695296162,17.7704163071851,0.3785874614275));
#4930=CARTESIAN_POINT('Ctrl Pts',(-16.33021251216,17.7704163071851,0.3785874614275));
#4931=CARTESIAN_POINT('Ctrl Pts',(-16.33021251216,17.6006401922841,0.3785874614275));
#4932=CARTESIAN_POINT('Ctrl Pts',(-16.33021251216,17.430864077383,0.3785874614275));
#4933=CARTESIAN_POINT('Ctrl Pts',(-16.4999695296162,17.430864077383,0.3785874614275));
#4934=CARTESIAN_POINT('Ctrl Pts',(-16.6697265470724,17.430864077383,0.3785874614275));
#4935=CARTESIAN_POINT('Ctrl Pts',(-16.6697265470724,17.6006401922841,0.3785874614275));
#4936=CARTESIAN_POINT('Ctrl Pts',(-16.6697265470724,17.6006401922841,0.323587461427504));
#4937=CARTESIAN_POINT('Ctrl Pts',(-16.6697265470724,17.7704163071851,0.323587461427504));
#4938=CARTESIAN_POINT('Ctrl Pts',(-16.4999695296162,17.7704163071851,0.323587461427504));
#4939=CARTESIAN_POINT('Ctrl Pts',(-16.33021251216,17.7704163071851,0.323587461427504));
#4940=CARTESIAN_POINT('Ctrl Pts',(-16.33021251216,17.6006401922841,0.323587461427504));
#4941=CARTESIAN_POINT('Ctrl Pts',(-16.33021251216,17.430864077383,0.323587461427504));
#4942=CARTESIAN_POINT('Ctrl Pts',(-16.4999695296162,17.430864077383,0.323587461427504));
#4943=CARTESIAN_POINT('Ctrl Pts',(-16.6697265470724,17.430864077383,0.323587461427504));
#4944=CARTESIAN_POINT('Ctrl Pts',(-16.6697265470724,17.6006401922841,0.323587461427504));
#4945=CARTESIAN_POINT('Ctrl Pts',(-16.6230433672719,17.6006401922841,0.323587461427504));
#4946=CARTESIAN_POINT('Ctrl Pts',(-16.6230433672719,17.7237278755873,0.323587461427504));
#4947=CARTESIAN_POINT('Ctrl Pts',(-16.4999695296162,17.7237278755873,0.323587461427504));
#4948=CARTESIAN_POINT('Ctrl Pts',(-16.3768956919604,17.7237278755873,0.323587461427504));
#4949=CARTESIAN_POINT('Ctrl Pts',(-16.3768956919604,17.6006401922841,0.323587461427504));
#4950=CARTESIAN_POINT('Ctrl Pts',(-16.3768956919604,17.4775525089808,0.323587461427504));
#4951=CARTESIAN_POINT('Ctrl Pts',(-16.4999695296162,17.4775525089808,0.323587461427504));
#4952=CARTESIAN_POINT('Ctrl Pts',(-16.6230433672719,17.4775525089808,0.323587461427504));
#4953=CARTESIAN_POINT('Ctrl Pts',(-16.6230433672719,17.6006401922841,0.323587461427504));
#4954=CARTESIAN_POINT('Ctrl Pts',(-16.5763601874715,17.6006401922841,0.323587461427504));
#4955=CARTESIAN_POINT('Ctrl Pts',(-16.5763601874715,17.6770394439895,0.323587461427504));
#4956=CARTESIAN_POINT('Ctrl Pts',(-16.4999695296162,17.6770394439895,0.323587461427504));
#4957=CARTESIAN_POINT('Ctrl Pts',(-16.4235788717609,17.6770394439895,0.323587461427504));
#4958=CARTESIAN_POINT('Ctrl Pts',(-16.4235788717609,17.6006401922841,0.323587461427504));
#4959=CARTESIAN_POINT('Ctrl Pts',(-16.4235788717609,17.5242409405786,0.323587461427504));
#4960=CARTESIAN_POINT('Ctrl Pts',(-16.4999695296162,17.5242409405786,0.323587461427504));
#4961=CARTESIAN_POINT('Ctrl Pts',(-16.5763601874715,17.5242409405786,0.323587461427504));
#4962=CARTESIAN_POINT('Ctrl Pts',(-16.5763601874715,17.6006401922841,0.323587461427504));
#4963=CARTESIAN_POINT('Ctrl Pts',(-16.5763601874715,17.6006401922841,0.3785874614275));
#4964=CARTESIAN_POINT('Ctrl Pts',(-16.5763601874715,17.6770394439895,0.3785874614275));
#4965=CARTESIAN_POINT('Ctrl Pts',(-16.4999695296162,17.6770394439895,0.3785874614275));
#4966=CARTESIAN_POINT('Ctrl Pts',(-16.4235788717609,17.6770394439895,0.3785874614275));
#4967=CARTESIAN_POINT('Ctrl Pts',(-16.4235788717609,17.6006401922841,0.3785874614275));
#4968=CARTESIAN_POINT('Ctrl Pts',(-16.4235788717609,17.5242409405786,0.3785874614275));
#4969=CARTESIAN_POINT('Ctrl Pts',(-16.4999695296162,17.5242409405786,0.3785874614275));
#4970=CARTESIAN_POINT('Ctrl Pts',(-16.5763601874715,17.5242409405786,0.3785874614275));
#4971=CARTESIAN_POINT('Ctrl Pts',(-16.5763601874715,17.6006401922841,0.3785874614275));
#4972=CARTESIAN_POINT('',(-16.6452698521365,17.6006401922841,0.330221345687516));
#4973=CARTESIAN_POINT('Ctrl Pts',(-16.6680730925525,17.5770020281699,0.37858746142749));
#4974=CARTESIAN_POINT('Ctrl Pts',(-16.6682434888106,17.5782140792917,0.358022417599286));
#4975=CARTESIAN_POINT('Ctrl Pts',(-16.6565652311041,17.5802390863463,0.340222711519385));
#4976=CARTESIAN_POINT('Ctrl Pts',(-16.6495079723314,17.5867283682896,0.33381205434041));
#4977=CARTESIAN_POINT('Ctrl Pts',(-16.6462676968808,17.5897078624034,0.330868660063963));
#4978=CARTESIAN_POINT('Ctrl Pts',(-16.6452698521365,17.5946629878265,0.330221345687516));
#4979=CARTESIAN_POINT('Ctrl Pts',(-16.6452698521365,17.6006401922841,0.330221345687516));
#4980=CARTESIAN_POINT('',(-16.6230433672719,17.6006401922841,0.323587461427504));
#4981=CARTESIAN_POINT('Ctrl Pts',(-16.6230433672719,17.6006401922841,0.323587461427504));
#4982=CARTESIAN_POINT('Ctrl Pts',(-16.6301789164185,17.6006401922841,0.323587461427509));
#4983=CARTESIAN_POINT('Ctrl Pts',(-16.6380709765704,17.6006401922841,0.325629378682469));
#4984=CARTESIAN_POINT('Ctrl Pts',(-16.6452698521365,17.6006401922841,0.330221345687519));
#4985=CARTESIAN_POINT('',(-16.3768956919604,17.6006401922841,0.323587461427501));
#4986=CARTESIAN_POINT('Origin',(-16.4999695296162,17.6006401922841,0.323587461427501));
#4987=CARTESIAN_POINT('Origin',(-16.4999695296162,17.6006401922841,0.323587461427501));
#4988=CARTESIAN_POINT('Ctrl Pts',(-16.6452698521365,17.6006401922841,0.330221345687516));
#4989=CARTESIAN_POINT('Ctrl Pts',(-16.6452698521365,17.609761430352,0.330221345687515));
#4990=CARTESIAN_POINT('Ctrl Pts',(-16.6498537201169,17.615677041444,0.332963497804684));
#4991=CARTESIAN_POINT('Ctrl Pts',(-16.6557245957342,17.6185141998821,0.340530852789865));
#4992=CARTESIAN_POINT('Ctrl Pts',(-16.6620271552727,17.6215599738248,0.348654633372448));
#4993=CARTESIAN_POINT('Ctrl Pts',(-16.6681967159598,17.6233990067511,0.363667410854469));
#4994=CARTESIAN_POINT('Ctrl Pts',(-16.6680730925525,17.6242783563982,0.378587461427504));
#4995=CARTESIAN_POINT('',(-16.3318659666798,17.6242783563982,0.3785874614275));
#4996=CARTESIAN_POINT('Origin',(-16.4999695296162,17.6006401922841,0.3785874614275));
#4997=CARTESIAN_POINT('',(-16.3318659666798,17.5770020281699,0.3785874614275));
#4998=CARTESIAN_POINT('Ctrl Pts',(-16.3318659666798,17.6242783563982,0.378587461427497));
#4999=CARTESIAN_POINT('Ctrl Pts',(-16.3316951753207,17.6230634948709,0.357974733047811));
#5000=CARTESIAN_POINT('Ctrl Pts',(-16.3434235061692,17.6210549502122,0.340162047685851));
#5001=CARTESIAN_POINT('Ctrl Pts',(-16.3504801196441,17.6145067236621,0.333767568304811));
#5002=CARTESIAN_POINT('Ctrl Pts',(-16.3556298174644,17.6097280308639,0.329101075425761));
#5003=CARTESIAN_POINT('Ctrl Pts',(-16.3565109628331,17.5979193331774,0.328759440213087));
#5004=CARTESIAN_POINT('Ctrl Pts',(-16.3532702347546,17.590611013665,0.331389709027885));
#5005=CARTESIAN_POINT('Ctrl Pts',(-16.3490410739561,17.5810736326707,0.334822218479843));
#5006=CARTESIAN_POINT('Ctrl Pts',(-16.3367798338741,17.579909053594,0.346999824830394));
#5007=CARTESIAN_POINT('Ctrl Pts',(-16.3331250869379,17.5780519309936,0.365262345853399));
#5008=CARTESIAN_POINT('Ctrl Pts',(-16.3322516212442,17.5776080882574,0.369626994315396));
#5009=CARTESIAN_POINT('Ctrl Pts',(-16.3318288077836,17.577266344313,0.374102771821129));
#5010=CARTESIAN_POINT('Ctrl Pts',(-16.3318659666798,17.5770020281699,0.378587461427504));
#5011=CARTESIAN_POINT('Origin',(-16.4999695296162,17.6006401922841,0.3785874614275));
#5012=CARTESIAN_POINT('Ctrl Pts',(-16.3318659666798,17.6242783563982,0.3785874614275));
#5013=CARTESIAN_POINT('Ctrl Pts',(-16.3497707867996,17.7516377101559,0.3785874614275));
#5014=CARTESIAN_POINT('Ctrl Pts',(-16.4772070510239,17.7688831183602,0.3785874614275));
#5015=CARTESIAN_POINT('Ctrl Pts',(-16.3318659666798,17.6242783563982,1.2185874614275));
#5016=CARTESIAN_POINT('Ctrl Pts',(-16.3497707867996,17.7516377101559,1.2185874614275));
#5017=CARTESIAN_POINT('Ctrl Pts',(-16.4772070510239,17.7688831183602,1.2185874614275));
#5018=CARTESIAN_POINT('',(-16.3318736037536,17.6243326164053,1.2185874614275));
#5019=CARTESIAN_POINT('Origin',(-16.4999695296162,17.6006401922841,1.2185874614275));
#5020=CARTESIAN_POINT('',(-16.3318915406322,17.6244595589413,1.21340400318609));
#5021=CARTESIAN_POINT('Ctrl Pts',(-16.3318754736646,17.6243318706927,1.21859149371355));
#5022=CARTESIAN_POINT('Ctrl Pts',(-16.331886895889,17.6244170795453,1.2168651917697));
#5023=CARTESIAN_POINT('Ctrl Pts',(-16.3318915406315,17.6244595589403,1.21513117276327));
#5024=CARTESIAN_POINT('Ctrl Pts',(-16.3318915406313,17.6244595589404,1.21340400318609));
#5025=CARTESIAN_POINT('',(-16.3318915406318,17.6244595589408,0.384774691478558));
#5026=CARTESIAN_POINT('Ctrl Pts',(-16.3318915406313,17.6244595589404,1.21340400318609));
#5027=CARTESIAN_POINT('Ctrl Pts',(-16.3318915406313,17.6244595589404,1.1677847777499));
#5028=CARTESIAN_POINT('Ctrl Pts',(-16.3318915406313,17.6244595589404,1.12216555231372));
#5029=CARTESIAN_POINT('Ctrl Pts',(-16.3318915406313,17.6244595589404,1.05373883025312));
#5030=CARTESIAN_POINT('Ctrl Pts',(-16.3318915406313,17.6244595589404,1.03093133362871));
#5031=CARTESIAN_POINT('Ctrl Pts',(-16.3318915406313,17.6244595589404,0.985303644209203));
#5032=CARTESIAN_POINT('Ctrl Pts',(-16.3318915406313,17.6244595589404,0.962483451414116));
#5033=CARTESIAN_POINT('Ctrl Pts',(-16.3318915406313,17.6244595589404,0.894027104823877));
#5034=CARTESIAN_POINT('Ctrl Pts',(-16.3318915406313,17.6244595589404,0.848390951028726));
#5035=CARTESIAN_POINT('Ctrl Pts',(-16.3318915406313,17.6244595589404,0.779914597579438));
#5036=CARTESIAN_POINT('Ctrl Pts',(-16.3318915406313,17.6244595589404,0.757074397925297));
#5037=CARTESIAN_POINT('Ctrl Pts',(-16.3318915406313,17.6244595589404,0.702809106882732));
#5038=CARTESIAN_POINT('Ctrl Pts',(-16.3318915406313,17.6244595589404,0.671384015494308));
#5039=CARTESIAN_POINT('Ctrl Pts',(-16.3318915406313,17.6244595589404,0.586911809487475));
#5040=CARTESIAN_POINT('Ctrl Pts',(-16.3318915406313,17.6244595589404,0.533864694869067));
#5041=CARTESIAN_POINT('Ctrl Pts',(-16.3318915406313,17.6244595589404,0.448803283993293));
#5042=CARTESIAN_POINT('Ctrl Pts',(-16.3318915406313,17.6244595589404,0.416788987735924));
#5043=CARTESIAN_POINT('Ctrl Pts',(-16.3318915406313,17.6244595589404,0.384774691478558));
#5044=CARTESIAN_POINT('Ctrl Pts',(-16.3318915406313,17.6244595589404,0.384774691478557));
#5045=CARTESIAN_POINT('Ctrl Pts',(-16.3318915406316,17.6244595589403,0.382713380283955));
#5046=CARTESIAN_POINT('Ctrl Pts',(-16.3318939026061,17.6243980056692,0.380635358602567));
#5047=CARTESIAN_POINT('Ctrl Pts',(-16.3318887942882,17.6242750399961,0.378568786238931));
#5048=CARTESIAN_POINT('Ctrl Pts',(-16.3318915406324,17.5768208256273,1.21340400274552));
#5049=CARTESIAN_POINT('Ctrl Pts',(-16.3243254989994,17.5800530278973,1.21340400274527));
#5050=CARTESIAN_POINT('Ctrl Pts',(-16.3106293478541,17.5879783197758,1.21340400274458));
#5051=CARTESIAN_POINT('Ctrl Pts',(-16.3061624964379,17.5961679352879,1.21340400274276));
#5052=CARTESIAN_POINT('Ctrl Pts',(-16.3061624964379,17.6006401922841,1.21340400274276));
#5053=CARTESIAN_POINT('Ctrl Pts',(-16.3318915405602,17.576820825617,1.22396027274468));
#5054=CARTESIAN_POINT('Ctrl Pts',(-16.3243199206876,17.5800561141811,1.22396624112153));
#5055=CARTESIAN_POINT('Ctrl Pts',(-16.3106234888246,17.5879819770958,1.22397947108766));
#5056=CARTESIAN_POINT('Ctrl Pts',(-16.3061624963538,17.5961634787393,1.22402658954549));
#5057=CARTESIAN_POINT('Ctrl Pts',(-16.3061624963538,17.6006401922841,1.22402658954549));
#5058=CARTESIAN_POINT('Ctrl Pts',(-16.3367516764945,17.5775102540961,1.24411413291502));
#5059=CARTESIAN_POINT('Ctrl Pts',(-16.3294056107126,17.580649834033,1.24413196795532));
#5060=CARTESIAN_POINT('Ctrl Pts',(-16.3160949117768,17.5883544618056,1.24419242339207));
#5061=CARTESIAN_POINT('Ctrl Pts',(-16.3118229886078,17.5963189801288,1.24430948641558));
#5062=CARTESIAN_POINT('Ctrl Pts',(-16.3118229886078,17.6006401922841,1.24430948641558));
#5063=CARTESIAN_POINT('Ctrl Pts',(-16.356216248246,17.5802987391538,1.26367253094077));
#5064=CARTESIAN_POINT('Ctrl Pts',(-16.3497532034872,17.5830818031452,1.26370089385998));
#5065=CARTESIAN_POINT('Ctrl Pts',(-16.3380692564629,17.5899353056826,1.26377909489717));
#5066=CARTESIAN_POINT('Ctrl Pts',(-16.3344023647905,17.5968913173048,1.26380965063014));
#5067=CARTESIAN_POINT('Ctrl Pts',(-16.3344023647905,17.6006401922841,1.26380965063014));
#5068=CARTESIAN_POINT('Ctrl Pts',(-16.3693185391385,17.5822921178263,1.26766097850313));
#5069=CARTESIAN_POINT('Ctrl Pts',(-16.3634546912586,17.5848210774277,1.26766753157503));
#5070=CARTESIAN_POINT('Ctrl Pts',(-16.3528597773451,17.5910251907806,1.26767426815345));
#5071=CARTESIAN_POINT('Ctrl Pts',(-16.3495189477197,17.5972697264059,1.26767672411286));
#5072=CARTESIAN_POINT('Ctrl Pts',(-16.3495189477197,17.6006401922841,1.26767672411286));
#5073=CARTESIAN_POINT('Ctrl Pts',(-16.375455725449,17.5832500690071,1.26810735455877));
#5074=CARTESIAN_POINT('Ctrl Pts',(-16.3698657605561,17.5856445310096,1.26810815720893));
#5075=CARTESIAN_POINT('Ctrl Pts',(-16.3597654530945,17.5915212245539,1.26810974156817));
#5076=CARTESIAN_POINT('Ctrl Pts',(-16.3565870266389,17.5974456080191,1.26811029271315));
#5077=CARTESIAN_POINT('Ctrl Pts',(-16.3565870266389,17.6006401922841,1.26811029271315));
#5078=CARTESIAN_POINT('',(-16.3318736037536,17.5769477681628,1.2185874614275));
#5079=CARTESIAN_POINT('',(-16.3565870266389,17.6006401922841,1.26811029271315));
#5080=CARTESIAN_POINT('Ctrl Pts',(-16.3318736037536,17.5769477681628,1.21858746142749));
#5081=CARTESIAN_POINT('Ctrl Pts',(-16.3317299504782,17.5779672064289,1.23931077666559));
#5082=CARTESIAN_POINT('Ctrl Pts',(-16.3440160571702,17.5800522858271,1.25785129996264));
#5083=CARTESIAN_POINT('Ctrl Pts',(-16.3516982846468,17.5858589477393,1.26432111505288));
#5084=CARTESIAN_POINT('Ctrl Pts',(-16.355715187863,17.5888951503227,1.26770406890627));
#5085=CARTESIAN_POINT('Ctrl Pts',(-16.3565870266389,17.5946600349622,1.26811029271314));
#5086=CARTESIAN_POINT('Ctrl Pts',(-16.3565870266389,17.6006401922841,1.26811029271314));
#5087=CARTESIAN_POINT('',(-16.3318915406323,17.5768208256269,1.21340400318609));
#5088=CARTESIAN_POINT('Ctrl Pts',(-16.3318915406313,17.5768208256278,1.2134040031861));
#5089=CARTESIAN_POINT('Ctrl Pts',(-16.3318915406327,17.576820825628,1.21513117276406));
#5090=CARTESIAN_POINT('Ctrl Pts',(-16.3318938773112,17.5768641291783,1.21686955061446));
#5091=CARTESIAN_POINT('Ctrl Pts',(-16.3318921724025,17.5769504981784,1.21860221639053));
#5092=CARTESIAN_POINT('',(-16.3061624964379,17.6006401922841,1.2134040031861));
#5093=CARTESIAN_POINT('Ctrl Pts',(-16.3318915406324,17.5768208256273,1.21340400318609));
#5094=CARTESIAN_POINT('Ctrl Pts',(-16.3243254989992,17.5800530278974,1.21340400318609));
#5095=CARTESIAN_POINT('Ctrl Pts',(-16.3184557199369,17.5834495815596,1.21340400318602));
#5096=CARTESIAN_POINT('Ctrl Pts',(-16.3142811183759,17.5868946844606,1.21340400318602));
#5097=CARTESIAN_POINT('Ctrl Pts',(-16.3087149829613,17.5914881549953,1.21340400318601));
#5098=CARTESIAN_POINT('Ctrl Pts',(-16.3061624964379,17.5961679352877,1.21340400318609));
#5099=CARTESIAN_POINT('Ctrl Pts',(-16.3061624964379,17.6006401922841,1.21340400318609));
#5100=CARTESIAN_POINT('Ctrl Pts',(-16.3565870266389,17.6006401922841,1.26811029271315));
#5101=CARTESIAN_POINT('Ctrl Pts',(-16.3495189477197,17.6006401922841,1.26767672411286));
#5102=CARTESIAN_POINT('Ctrl Pts',(-16.3419606562551,17.6006401922841,1.2657431873715));
#5103=CARTESIAN_POINT('Ctrl Pts',(-16.3349558853538,17.6006401922841,1.26199068125588));
#5104=CARTESIAN_POINT('Ctrl Pts',(-16.3279511144526,17.6006401922841,1.25823817514027));
#5105=CARTESIAN_POINT('Ctrl Pts',(-16.3214998641147,17.6006401922841,1.25266669965039));
#5106=CARTESIAN_POINT('Ctrl Pts',(-16.3167234351513,17.6006401922841,1.24607855085725));
#5107=CARTESIAN_POINT('Ctrl Pts',(-16.3095587918059,17.6006401922841,1.23619632780502));
#5108=CARTESIAN_POINT('Ctrl Pts',(-16.3061624964483,17.6006401922841,1.2240265898841));
#5109=CARTESIAN_POINT('Ctrl Pts',(-16.3061624964379,17.6006401922841,1.2134040031861));
#5110=CARTESIAN_POINT('Ctrl Pts',(-16.3061624964379,17.6006401922841,1.21340400274276));
#5111=CARTESIAN_POINT('Ctrl Pts',(-16.3061624964379,17.6011992244086,1.21340400274276));
#5112=CARTESIAN_POINT('Ctrl Pts',(-16.3062408042848,17.6023251578969,1.21340400274279));
#5113=CARTESIAN_POINT('Ctrl Pts',(-16.3067228884391,17.6046006179433,1.21340400274297));
#5114=CARTESIAN_POINT('Ctrl Pts',(-16.3084448413072,17.6086226665081,1.21340400274356));
#5115=CARTESIAN_POINT('Ctrl Pts',(-16.3125133947609,17.6132468242872,1.21340400274434));
#5116=CARTESIAN_POINT('Ctrl Pts',(-16.3188250944462,17.6178159828906,1.21340400274491));
#5117=CARTESIAN_POINT('Ctrl Pts',(-16.3237182073739,17.6206268358182,1.2134040027452));
#5118=CARTESIAN_POINT('Ctrl Pts',(-16.3282012958955,17.6228338812346,1.2134040027454));
#5119=CARTESIAN_POINT('Ctrl Pts',(-16.3306305336936,17.6239208585625,1.21340400274549));
#5120=CARTESIAN_POINT('Ctrl Pts',(-16.3318915406324,17.6244595589409,1.21340400274553));
#5121=CARTESIAN_POINT('Ctrl Pts',(-16.3061624963818,17.6006401922841,1.22048572727791));
#5122=CARTESIAN_POINT('Ctrl Pts',(-16.3061624963818,17.6011992076485,1.22048572727791));
#5123=CARTESIAN_POINT('Ctrl Pts',(-16.3062409668683,17.602325085108,1.22048528484605));
#5124=CARTESIAN_POINT('Ctrl Pts',(-16.3067233687346,17.6046004110672,1.22048254481626));
#5125=CARTESIAN_POINT('Ctrl Pts',(-16.3084461617694,17.6086217920095,1.22047404495418));
#5126=CARTESIAN_POINT('Ctrl Pts',(-16.3125145741244,17.6132458163159,1.22046295912033));
#5127=CARTESIAN_POINT('Ctrl Pts',(-16.3188256167724,17.6178157143204,1.22045340923666));
#5128=CARTESIAN_POINT('Ctrl Pts',(-16.3237185343714,17.6206268325711,1.22044803238785));
#5129=CARTESIAN_POINT('Ctrl Pts',(-16.3282013921561,17.62283395317,1.22044414900963));
#5130=CARTESIAN_POINT('Ctrl Pts',(-16.3306306049093,17.6239208866292,1.22044238775151));
#5131=CARTESIAN_POINT('Ctrl Pts',(-16.3318915405842,17.6244595589477,1.2204415160783));
#5132=CARTESIAN_POINT('Ctrl Pts',(-16.308904288512,17.6006401922841,1.23587299810621));
#5133=CARTESIAN_POINT('Ctrl Pts',(-16.308904288512,17.601190114941,1.23587299810621));
#5134=CARTESIAN_POINT('Ctrl Pts',(-16.30898091928,17.6022975621333,1.23587146880136));
#5135=CARTESIAN_POINT('Ctrl Pts',(-16.3094524158471,17.604536811661,1.23586236508292));
#5136=CARTESIAN_POINT('Ctrl Pts',(-16.3111397738807,17.6084999547744,1.23583240731075));
#5137=CARTESIAN_POINT('Ctrl Pts',(-16.315145612925,17.6130619736198,1.23579145345941));
#5138=CARTESIAN_POINT('Ctrl Pts',(-16.3213671176631,17.617567766008,1.23576359353448));
#5139=CARTESIAN_POINT('Ctrl Pts',(-16.3261910000163,17.6203395472757,1.23575011006119));
#5140=CARTESIAN_POINT('Ctrl Pts',(-16.330610745918,17.622516051135,1.23574138413873));
#5141=CARTESIAN_POINT('Ctrl Pts',(-16.333005781868,17.6235879321227,1.23573761372047));
#5142=CARTESIAN_POINT('Ctrl Pts',(-16.3342489623963,17.6241192484224,1.23573579123025));
#5143=CARTESIAN_POINT('Ctrl Pts',(-16.326282406882,17.6006401922841,1.26017266416254));
#5144=CARTESIAN_POINT('Ctrl Pts',(-16.326282406882,17.6011341337018,1.26017266416254));
#5145=CARTESIAN_POINT('Ctrl Pts',(-16.3263500174028,17.6021290800223,1.26017170728474));
#5146=CARTESIAN_POINT('Ctrl Pts',(-16.3267677845319,17.6041435985778,1.26016571163255));
#5147=CARTESIAN_POINT('Ctrl Pts',(-16.328266060745,17.6077248569774,1.26014437865119));
#5148=CARTESIAN_POINT('Ctrl Pts',(-16.3318642070084,17.6118923798429,1.26009670728399));
#5149=CARTESIAN_POINT('Ctrl Pts',(-16.3374998696505,17.6160157588543,1.26004447734852));
#5150=CARTESIAN_POINT('Ctrl Pts',(-16.3418787366294,17.6185509717266,1.26001342088158));
#5151=CARTESIAN_POINT('Ctrl Pts',(-16.3458948568857,17.6205397574086,1.25999048088408));
#5152=CARTESIAN_POINT('Ctrl Pts',(-16.348071929067,17.6215187250952,1.25997975914859));
#5153=CARTESIAN_POINT('Ctrl Pts',(-16.3492021948829,17.6220037272936,1.25997458364825));
#5154=CARTESIAN_POINT('Ctrl Pts',(-16.3459849082601,17.6006401922841,1.26745993981271));
#5155=CARTESIAN_POINT('Ctrl Pts',(-16.3459849082601,17.6010723048887,1.26745993981271));
#5156=CARTESIAN_POINT('Ctrl Pts',(-16.3460456545171,17.6019422219567,1.26746043025428));
#5157=CARTESIAN_POINT('Ctrl Pts',(-16.3464158265459,17.6037045206732,1.26746084123964));
#5158=CARTESIAN_POINT('Ctrl Pts',(-16.3477431571763,17.6068373323564,1.26746255396188));
#5159=CARTESIAN_POINT('Ctrl Pts',(-16.3509223710484,17.6104959042214,1.26746435445188));
#5160=CARTESIAN_POINT('Ctrl Pts',(-16.3558997720136,17.6141430140958,1.26745788382008));
#5161=CARTESIAN_POINT('Ctrl Pts',(-16.3597711576197,17.616393407867,1.26745121660951));
#5162=CARTESIAN_POINT('Ctrl Pts',(-16.3633230811734,17.6181631045479,1.26744382656273));
#5163=CARTESIAN_POINT('Ctrl Pts',(-16.3652498902773,17.6190348971687,1.26744003428695));
#5164=CARTESIAN_POINT('Ctrl Pts',(-16.3662499459832,17.6194672423322,1.2674377904753));
#5165=CARTESIAN_POINT('Ctrl Pts',(-16.3565870266389,17.6006401922841,1.26811029271314));
#5166=CARTESIAN_POINT('Ctrl Pts',(-16.3565870266389,17.6010395153172,1.26811029271314));
#5167=CARTESIAN_POINT('Ctrl Pts',(-16.3566427177625,17.6018438035634,1.26811028337117));
#5168=CARTESIAN_POINT('Ctrl Pts',(-16.3569868967914,17.6034726367293,1.26811022553229));
#5169=CARTESIAN_POINT('Ctrl Pts',(-16.3582208425023,17.6063689244125,1.26811001931826));
#5170=CARTESIAN_POINT('Ctrl Pts',(-16.3611793287037,17.6097497961798,1.26810953010455));
#5171=CARTESIAN_POINT('Ctrl Pts',(-16.3658158974312,17.6131158967401,1.2681087946879));
#5172=CARTESIAN_POINT('Ctrl Pts',(-16.3694212518738,17.6151929701663,1.26810824135162));
#5173=CARTESIAN_POINT('Ctrl Pts',(-16.3727298908222,17.6168262344119,1.26810774923594));
#5174=CARTESIAN_POINT('Ctrl Pts',(-16.3745240646335,17.6176312385606,1.2681074883338));
#5175=CARTESIAN_POINT('Ctrl Pts',(-16.375455725449,17.618030315561,1.26810735455877));
#5176=CARTESIAN_POINT('Ctrl Pts',(-16.3565870266389,17.6006401922841,1.26811029271314));
#5177=CARTESIAN_POINT('Ctrl Pts',(-16.3565870266389,17.607479024201,1.26811029271314));
#5178=CARTESIAN_POINT('Ctrl Pts',(-16.3564528274873,17.6132229088933,1.2693088723467));
#5179=CARTESIAN_POINT('Ctrl Pts',(-16.348565484277,17.6173715510734,1.26145122778187));
#5180=CARTESIAN_POINT('Ctrl Pts',(-16.3409644917519,17.6213695764362,1.25387885569038));
#5181=CARTESIAN_POINT('Ctrl Pts',(-16.3317543629839,17.6234864219612,1.23578904665535));
#5182=CARTESIAN_POINT('Ctrl Pts',(-16.3318736037536,17.6243326164053,1.21858746142751));
#5183=CARTESIAN_POINT('Ctrl Pts',(-16.3061624964379,17.6006401922841,1.21340400318608));
#5184=CARTESIAN_POINT('Ctrl Pts',(-16.3061624964379,17.6011992244086,1.21340400318608));
#5185=CARTESIAN_POINT('Ctrl Pts',(-16.3062016503614,17.6017621911527,1.21340400318609));
#5186=CARTESIAN_POINT('Ctrl Pts',(-16.3062814878424,17.6023281070306,1.21340400318609));
#5187=CARTESIAN_POINT('Ctrl Pts',(-16.3063613253234,17.6028940229085,1.21340400318609));
#5188=CARTESIAN_POINT('Ctrl Pts',(-16.306481846362,17.6034628879201,1.21340400318609));
#5189=CARTESIAN_POINT('Ctrl Pts',(-16.3066441914766,17.6040336573833,1.2134040031861));
#5190=CARTESIAN_POINT('Ctrl Pts',(-16.306968881706,17.6051751963097,1.21340400318611));
#5191=CARTESIAN_POINT('Ctrl Pts',(-16.3074608682398,17.6063243530425,1.21340400318612));
#5192=CARTESIAN_POINT('Ctrl Pts',(-16.3081279053834,17.6074758040126,1.21340400318614));
#5193=CARTESIAN_POINT('Ctrl Pts',(-16.3094619796707,17.6097787059528,1.21340400318617));
#5194=CARTESIAN_POINT('Ctrl Pts',(-16.3114962563976,17.6120907848423,1.21340400318622));
#5195=CARTESIAN_POINT('Ctrl Pts',(-16.3142782485349,17.6143845306733,1.21340400318622));
#5196=CARTESIAN_POINT('Ctrl Pts',(-16.3156692446036,17.6155314035888,1.21340400318622));
#5197=CARTESIAN_POINT('Ctrl Pts',(-16.3172471695249,17.6166736932397,1.21340400318622));
#5198=CARTESIAN_POINT('Ctrl Pts',(-16.3190147545711,17.6178070086507,1.2134040031862));
#5199=CARTESIAN_POINT('Ctrl Pts',(-16.3207823396173,17.6189403240616,1.21340400318619));
#5200=CARTESIAN_POINT('Ctrl Pts',(-16.3227395847884,17.6200646652327,1.21340400318618));
#5201=CARTESIAN_POINT('Ctrl Pts',(-16.3248863626859,17.6211751274285,1.21340400318615));
#5202=CARTESIAN_POINT('Ctrl Pts',(-16.3259597516347,17.6217303585264,1.21340400318614));
#5203=CARTESIAN_POINT('Ctrl Pts',(-16.3270805237651,17.6222821198805,1.21340400318613));
#5204=CARTESIAN_POINT('Ctrl Pts',(-16.3282482192798,17.6228297448895,1.21340400318612));
#5205=CARTESIAN_POINT('Ctrl Pts',(-16.3294159147945,17.6233773698985,1.21340400318611));
#5206=CARTESIAN_POINT('Ctrl Pts',(-16.3306305336936,17.6239208585625,1.2134040031861));
#5207=CARTESIAN_POINT('Ctrl Pts',(-16.3318915406324,17.6244595589409,1.21340400318608));
#5208=CARTESIAN_POINT('Ctrl Pts',(-16.3318915406324,17.5768208256273,0.384774691478558));
#5209=CARTESIAN_POINT('Ctrl Pts',(-16.3152492926205,17.5839303704079,0.384774691478558));
#5210=CARTESIAN_POINT('Ctrl Pts',(-16.3061624964379,17.5921491288432,0.384774691478558));
#5211=CARTESIAN_POINT('Ctrl Pts',(-16.3061624964379,17.6006401922841,0.384774691478558));
#5212=CARTESIAN_POINT('Ctrl Pts',(-16.3318915406324,17.5768208256273,0.660984462047736));
#5213=CARTESIAN_POINT('Ctrl Pts',(-16.3152492926205,17.5839303704079,0.660984462047736));
#5214=CARTESIAN_POINT('Ctrl Pts',(-16.3061624964379,17.5921491288432,0.660984462047736));
#5215=CARTESIAN_POINT('Ctrl Pts',(-16.3061624964379,17.6006401922841,0.660984462047736));
#5216=CARTESIAN_POINT('Ctrl Pts',(-16.3318915406324,17.5768208256273,0.937194232616914));
#5217=CARTESIAN_POINT('Ctrl Pts',(-16.3152492926205,17.5839303704079,0.937194232616914));
#5218=CARTESIAN_POINT('Ctrl Pts',(-16.3061624964379,17.5921491288432,0.937194232616914));
#5219=CARTESIAN_POINT('Ctrl Pts',(-16.3061624964379,17.6006401922841,0.937194232616914));
#5220=CARTESIAN_POINT('Ctrl Pts',(-16.3318915406324,17.5768208256273,1.21340400318609));
#5221=CARTESIAN_POINT('Ctrl Pts',(-16.3152492926205,17.5839303704079,1.21340400318609));
#5222=CARTESIAN_POINT('Ctrl Pts',(-16.3061624964379,17.5921491288432,1.21340400318609));
#5223=CARTESIAN_POINT('Ctrl Pts',(-16.3061624964379,17.6006401922841,1.21340400318609));
#5224=CARTESIAN_POINT('',(-16.3318915406322,17.5768208256269,0.384774691478558));
#5225=CARTESIAN_POINT('Ctrl Pts',(-16.3318915406313,17.5768208256278,0.384774691478558));
#5226=CARTESIAN_POINT('Ctrl Pts',(-16.3318915406313,17.5768208256278,0.477264584299949));
#5227=CARTESIAN_POINT('Ctrl Pts',(-16.3318915406313,17.5768208256278,0.569754477121343));
#5228=CARTESIAN_POINT('Ctrl Pts',(-16.3318915406313,17.5768208256278,0.845964247690521));
#5229=CARTESIAN_POINT('Ctrl Pts',(-16.3318915406313,17.5768208256278,1.0296841254383));
#5230=CARTESIAN_POINT('Ctrl Pts',(-16.3318915406313,17.5768208256278,1.21340400318609));
#5231=CARTESIAN_POINT('',(-16.3061624964379,17.6006401922841,0.384774691478558));
#5232=CARTESIAN_POINT('Ctrl Pts',(-16.3061624964379,17.6006401922841,0.384774691478558));
#5233=CARTESIAN_POINT('Ctrl Pts',(-16.3061624964379,17.5921491288432,0.384774691478558));
#5234=CARTESIAN_POINT('Ctrl Pts',(-16.3152492926205,17.5839303704079,0.384774691478558));
#5235=CARTESIAN_POINT('Ctrl Pts',(-16.3318915406324,17.5768208256273,0.384774691478558));
#5236=CARTESIAN_POINT('Ctrl Pts',(-16.3061624964379,17.6006401922841,1.21340400318609));
#5237=CARTESIAN_POINT('Ctrl Pts',(-16.3061624964379,17.6006401922841,0.937194232616914));
#5238=CARTESIAN_POINT('Ctrl Pts',(-16.3061624964379,17.6006401922841,0.660984462047736));
#5239=CARTESIAN_POINT('Ctrl Pts',(-16.3061624964379,17.6006401922841,0.384774691478558));
#5240=CARTESIAN_POINT('Ctrl Pts',(-16.3061624964379,17.6006401922841,0.384774691478558));
#5241=CARTESIAN_POINT('Ctrl Pts',(-16.3061624964379,17.609131255725,0.384774691478558));
#5242=CARTESIAN_POINT('Ctrl Pts',(-16.3152492926205,17.6173500141602,0.384774691478558));
#5243=CARTESIAN_POINT('Ctrl Pts',(-16.3318915406324,17.6244595589409,0.384774691478558));
#5244=CARTESIAN_POINT('Ctrl Pts',(-16.3061624964379,17.6006401922841,0.660984462047736));
#5245=CARTESIAN_POINT('Ctrl Pts',(-16.3061624964379,17.609131255725,0.660984462047736));
#5246=CARTESIAN_POINT('Ctrl Pts',(-16.3152492926205,17.6173500141602,0.660984462047736));
#5247=CARTESIAN_POINT('Ctrl Pts',(-16.3318915406324,17.6244595589409,0.660984462047736));
#5248=CARTESIAN_POINT('Ctrl Pts',(-16.3061624964379,17.6006401922841,0.937194232616914));
#5249=CARTESIAN_POINT('Ctrl Pts',(-16.3061624964379,17.609131255725,0.937194232616914));
#5250=CARTESIAN_POINT('Ctrl Pts',(-16.3152492926205,17.6173500141602,0.937194232616914));
#5251=CARTESIAN_POINT('Ctrl Pts',(-16.3318915406324,17.6244595589409,0.937194232616914));
#5252=CARTESIAN_POINT('Ctrl Pts',(-16.3061624964379,17.6006401922841,1.21340400318609));
#5253=CARTESIAN_POINT('Ctrl Pts',(-16.3061624964379,17.609131255725,1.21340400318609));
#5254=CARTESIAN_POINT('Ctrl Pts',(-16.3152492926205,17.6173500141602,1.21340400318609));
#5255=CARTESIAN_POINT('Ctrl Pts',(-16.3318915406324,17.6244595589409,1.21340400318609));
#5256=CARTESIAN_POINT('Ctrl Pts',(-16.3318915406318,17.6244595589406,0.384774691478558));
#5257=CARTESIAN_POINT('Ctrl Pts',(-16.3152492926203,17.61735001416,0.384774691478558));
#5258=CARTESIAN_POINT('Ctrl Pts',(-16.3061624964379,17.6091312557249,0.384774691478558));
#5259=CARTESIAN_POINT('Ctrl Pts',(-16.3061624964379,17.6006401922841,0.384774691478558));
#5260=CARTESIAN_POINT('Ctrl Pts',(-16.6680475186005,17.5768208256275,0.384774691562704));
#5261=CARTESIAN_POINT('Ctrl Pts',(-16.6756135602333,17.5800530278975,0.384774691562752));
#5262=CARTESIAN_POINT('Ctrl Pts',(-16.6893097128479,17.587978319468,0.384774691562886));
#5263=CARTESIAN_POINT('Ctrl Pts',(-16.6937765627944,17.5961679352879,0.384774691563233));
#5264=CARTESIAN_POINT('Ctrl Pts',(-16.6937765627944,17.6006401922841,0.384774691563234));
#5265=CARTESIAN_POINT('Ctrl Pts',(-16.6680475186139,17.5768208256256,0.374489743506319));
#5266=CARTESIAN_POINT('Ctrl Pts',(-16.6756184878005,17.5800556727853,0.374483876361115));
#5267=CARTESIAN_POINT('Ctrl Pts',(-16.6893147860923,17.5879815790886,0.374470378104115));
#5268=CARTESIAN_POINT('Ctrl Pts',(-16.6937765628101,17.5961639892551,0.374425131207239));
#5269=CARTESIAN_POINT('Ctrl Pts',(-16.6937765628101,17.6006401922841,0.374425131207239));
#5270=CARTESIAN_POINT('Ctrl Pts',(-16.6634687324923,17.5774701057425,0.35493187568833));
#5271=CARTESIAN_POINT('Ctrl Pts',(-16.6708274650371,17.5806152616672,0.354914687237201));
#5272=CARTESIAN_POINT('Ctrl Pts',(-16.6841602243624,17.5883326785642,0.354858026388508));
#5273=CARTESIAN_POINT('Ctrl Pts',(-16.6884437125045,17.5963101902474,0.354743354367958));
#5274=CARTESIAN_POINT('Ctrl Pts',(-16.6884437125045,17.6006401922841,0.354743354367958));
#5275=CARTESIAN_POINT('Ctrl Pts',(-16.6449285033969,17.5801241908183,0.335373089874868));
#5276=CARTESIAN_POINT('Ctrl Pts',(-16.6514464527179,17.5829290516245,0.335344846414252));
#5277=CARTESIAN_POINT('Ctrl Pts',(-16.6632320163761,17.5898358454508,0.335264841961956));
#5278=CARTESIAN_POINT('Ctrl Pts',(-16.6669335355534,17.5968562041945,0.335228497020029));
#5279=CARTESIAN_POINT('Ctrl Pts',(-16.6669335355534,17.6006401922841,0.335228497020029));
#5280=CARTESIAN_POINT('Ctrl Pts',(-16.6321896508386,17.5820497498445,0.330931751405997));
#5281=CARTESIAN_POINT('Ctrl Pts',(-16.6381247709218,17.5846102008491,0.33092205763387));
#5282=CARTESIAN_POINT('Ctrl Pts',(-16.6488483825123,17.5908951088097,0.330908036753419));
#5283=CARTESIAN_POINT('Ctrl Pts',(-16.6522287135132,17.5972245377993,0.330904757157532));
#5284=CARTESIAN_POINT('Ctrl Pts',(-16.6522287135132,17.6006401922841,0.330904757157532));
#5285=CARTESIAN_POINT('Ctrl Pts',(-16.6261484249475,17.5829904559127,0.330228735984967));
#5286=CARTESIAN_POINT('Ctrl Pts',(-16.6318132368402,17.5854204446979,0.330226741800535));
#5287=CARTESIAN_POINT('Ctrl Pts',(-16.6420488324216,17.5913846570462,0.330222756331107));
#5288=CARTESIAN_POINT('Ctrl Pts',(-16.6452698521365,17.5973977667037,0.330221345687509));
#5289=CARTESIAN_POINT('Ctrl Pts',(-16.6452698521365,17.6006401922841,0.330221345687509));
#5290=CARTESIAN_POINT('Ctrl Pts',(-16.6452698521365,17.6006401922841,0.330221345687509));
#5291=CARTESIAN_POINT('Ctrl Pts',(-16.6522287135132,17.6006401922841,0.330904757157532));
#5292=CARTESIAN_POINT('Ctrl Pts',(-16.6595811245333,17.6006401922841,0.33306662708878));
#5293=CARTESIAN_POINT('Ctrl Pts',(-16.6663302124649,17.6006401922841,0.336935398818395));
#5294=CARTESIAN_POINT('Ctrl Pts',(-16.6730793003965,17.6006401922841,0.340804170548009));
#5295=CARTESIAN_POINT('Ctrl Pts',(-16.6792250652397,17.6006401922841,0.346379844075988));
#5296=CARTESIAN_POINT('Ctrl Pts',(-16.6837657801945,17.6006401922841,0.352874332487061));
#5297=CARTESIAN_POINT('Ctrl Pts',(-16.6905768526081,17.6006401922841,0.362616065077102));
#5298=CARTESIAN_POINT('Ctrl Pts',(-16.6937765627926,17.6006401922841,0.374425131142825));
#5299=CARTESIAN_POINT('Ctrl Pts',(-16.6937765627944,17.6006401922841,0.384774691478555));
#5300=CARTESIAN_POINT('Ctrl Pts',(-16.3318915406318,17.6244595589406,0.384774691562704));
#5301=CARTESIAN_POINT('Ctrl Pts',(-16.3142374434885,17.616917753644,0.384774691562816));
#5302=CARTESIAN_POINT('Ctrl Pts',(-16.2981475448052,17.6006401922839,0.384774691563677));
#5303=CARTESIAN_POINT('Ctrl Pts',(-16.3142374434888,17.5843626309239,0.384774691562819));
#5304=CARTESIAN_POINT('Ctrl Pts',(-16.3318915406324,17.5768208256273,0.384774691562708));
#5305=CARTESIAN_POINT('Ctrl Pts',(-16.3318915406184,17.6244595589425,0.374488245590595));
#5306=CARTESIAN_POINT('Ctrl Pts',(-16.314225937854,17.6169115769117,0.37447455405715));
#5307=CARTESIAN_POINT('Ctrl Pts',(-16.2981205848652,17.6006401922839,0.374371800951877));
#5308=CARTESIAN_POINT('Ctrl Pts',(-16.3142259378544,17.5843688076561,0.374474554057155));
#5309=CARTESIAN_POINT('Ctrl Pts',(-16.331891540619,17.5768208256254,0.374488245590599));
#5310=CARTESIAN_POINT('Ctrl Pts',(-16.3364718262693,17.623810066629,0.354927120983252));
#5311=CARTESIAN_POINT('Ctrl Pts',(-16.3193016102618,17.61647143959,0.35488700674219));
#5312=CARTESIAN_POINT('Ctrl Pts',(-16.3037632129368,17.6006401922839,0.354580144153552));
#5313=CARTESIAN_POINT('Ctrl Pts',(-16.3193016102621,17.5848089449779,0.354887006742192));
#5314=CARTESIAN_POINT('Ctrl Pts',(-16.3364718262698,17.5774703179389,0.354927120983253));
#5315=CARTESIAN_POINT('Ctrl Pts',(-16.3550171456842,17.6211552434233,0.335368200653026));
#5316=CARTESIAN_POINT('Ctrl Pts',(-16.3398092981138,17.6146108470493,0.335302296641086));
#5317=CARTESIAN_POINT('Ctrl Pts',(-16.326273016181,17.600640192284,0.335144686156084));
#5318=CARTESIAN_POINT('Ctrl Pts',(-16.3398092981142,17.5866695375186,0.335302296641087));
#5319=CARTESIAN_POINT('Ctrl Pts',(-16.3550171456847,17.5801251411446,0.335368200653026));
#5320=CARTESIAN_POINT('Ctrl Pts',(-16.3677580768402,17.6192293000759,0.330929275750779));
#5321=CARTESIAN_POINT('Ctrl Pts',(-16.3539103829205,17.6132553168331,0.330906695995749));
#5322=CARTESIAN_POINT('Ctrl Pts',(-16.3415974637239,17.600640192284,0.330899322441585));
#5323=CARTESIAN_POINT('Ctrl Pts',(-16.3539103829208,17.5880250677348,0.330906695995745));
#5324=CARTESIAN_POINT('Ctrl Pts',(-16.3677580768406,17.582051084492,0.330929275750776));
#5325=CARTESIAN_POINT('Ctrl Pts',(-16.3737998725093,17.6182884901189,0.330227662058263));
#5326=CARTESIAN_POINT('Ctrl Pts',(-16.3605829476019,17.6126189743082,0.330223027432295));
#5327=CARTESIAN_POINT('Ctrl Pts',(-16.3488313859663,17.600640192284,0.330217623844799));
#5328=CARTESIAN_POINT('Ctrl Pts',(-16.3605829476022,17.5886614102598,0.330223027432291));
#5329=CARTESIAN_POINT('Ctrl Pts',(-16.3737998725097,17.582991894449,0.33022766205826));
#5330=CARTESIAN_POINT('Ctrl Pts',(-16.3318887942882,17.577005344572,0.378568786238945));
#5331=CARTESIAN_POINT('Ctrl Pts',(-16.3318939026061,17.5768823788989,0.380635358602607));
#5332=CARTESIAN_POINT('Ctrl Pts',(-16.3318915406316,17.5768208256278,0.382713380284));
#5333=CARTESIAN_POINT('Ctrl Pts',(-16.3318915406313,17.5768208256278,0.38477469147856));
#5334=CARTESIAN_POINT('Ctrl Pts',(-16.6937765627944,17.6006401922841,0.384774691563237));
#5335=CARTESIAN_POINT('Ctrl Pts',(-16.6937765627944,17.6039943850312,0.384774691563237));
#5336=CARTESIAN_POINT('Ctrl Pts',(-16.6904604930952,17.6120974236291,0.384774691562944));
#5337=CARTESIAN_POINT('Ctrl Pts',(-16.6781355741106,17.6201499559142,0.384774691562765));
#5338=CARTESIAN_POINT('Ctrl Pts',(-16.6680475185999,17.6244595589409,0.384774691562701));
#5339=CARTESIAN_POINT('Ctrl Pts',(-16.6937765628101,17.6006401922841,0.37442513120724));
#5340=CARTESIAN_POINT('Ctrl Pts',(-16.6937765628101,17.6039973445558,0.37442513120724));
#5341=CARTESIAN_POINT('Ctrl Pts',(-16.6904606487189,17.6120985989407,0.374463591526378));
#5342=CARTESIAN_POINT('Ctrl Pts',(-16.6781421441957,17.6201464293964,0.374481920646042));
#5343=CARTESIAN_POINT('Ctrl Pts',(-16.6680475186134,17.6244595589428,0.374489743506315));
#5344=CARTESIAN_POINT('Ctrl Pts',(-16.6884437120935,17.6006401922841,0.354743353975641));
#5345=CARTESIAN_POINT('Ctrl Pts',(-16.6884437120935,17.6038876938116,0.354743353975641));
#5346=CARTESIAN_POINT('Ctrl Pts',(-16.6852749930979,17.6117706138323,0.35483664602248));
#5347=CARTESIAN_POINT('Ctrl Pts',(-16.6732803755211,17.6196167375023,0.354908957364938));
#5348=CARTESIAN_POINT('Ctrl Pts',(-16.6634687321279,17.6238102787353,0.354931875299777));
#5349=CARTESIAN_POINT('Ctrl Pts',(-16.6669335354036,17.6006401922841,0.335228496854495));
#5350=CARTESIAN_POINT('Ctrl Pts',(-16.6669335354036,17.6034781833513,0.335228496854495));
#5351=CARTESIAN_POINT('Ctrl Pts',(-16.6642010247047,17.610394607158,0.33525309252355));
#5352=CARTESIAN_POINT('Ctrl Pts',(-16.6536191023455,17.617416379272,0.335335431762329));
#5353=CARTESIAN_POINT('Ctrl Pts',(-16.6449285032507,17.6211561936802,0.335373089709818));
#5354=CARTESIAN_POINT('Ctrl Pts',(-16.6522287135132,17.6006401922841,0.330904757157541));
#5355=CARTESIAN_POINT('Ctrl Pts',(-16.6522287135132,17.6032019331477,0.330904757157541));
#5356=CARTESIAN_POINT('Ctrl Pts',(-16.649732277665,17.6094373606615,0.330907640659038));
#5357=CARTESIAN_POINT('Ctrl Pts',(-16.6401031442826,17.615816700051,0.330918826376485));
#5358=CARTESIAN_POINT('Ctrl Pts',(-16.6321896508381,17.6192306347238,0.330931751405988));
#5359=CARTESIAN_POINT('Ctrl Pts',(-16.6452698521365,17.6006401922841,0.330221345687519));
#5360=CARTESIAN_POINT('Ctrl Pts',(-16.6452698521365,17.6030720114693,0.33022134568752));
#5361=CARTESIAN_POINT('Ctrl Pts',(-16.6428910149711,17.6089946611605,0.330222365519692));
#5362=CARTESIAN_POINT('Ctrl Pts',(-16.6337015074708,17.6150499436086,0.330226077072384));
#5363=CARTESIAN_POINT('Ctrl Pts',(-16.6261484249471,17.6182899286556,0.33022873598496));
#5364=CARTESIAN_POINT('Ctrl Pts',(-16.6680475155778,17.6244595602319,1.21340400274553));
#5365=CARTESIAN_POINT('Ctrl Pts',(-16.6857016144947,17.6169177547277,1.21340400274494));
#5366=CARTESIAN_POINT('Ctrl Pts',(-16.7017912703833,17.6006401926348,1.21340400274044));
#5367=CARTESIAN_POINT('Ctrl Pts',(-16.6857016155616,17.5843626305917,1.21340400274494));
#5368=CARTESIAN_POINT('Ctrl Pts',(-16.6680475172017,17.5768208250299,1.21340400274553));
#5369=CARTESIAN_POINT('Ctrl Pts',(-16.66804751565,17.6244595602421,1.22396180047856));
#5370=CARTESIAN_POINT('Ctrl Pts',(-16.6857146394183,17.6169105472116,1.2239757277574));
#5371=CARTESIAN_POINT('Ctrl Pts',(-16.7018220165697,17.6006401926348,1.22408118597244));
#5372=CARTESIAN_POINT('Ctrl Pts',(-16.6857146404848,17.5843698381079,1.22397572775917));
#5373=CARTESIAN_POINT('Ctrl Pts',(-16.6680475172739,17.5768208250197,1.22396180047985));
#5374=CARTESIAN_POINT('Ctrl Pts',(-16.663185739883,17.6237698959345,1.24411905021576));
#5375=CARTESIAN_POINT('Ctrl Pts',(-16.6803263919632,17.6164442842475,1.24416067435176));
#5376=CARTESIAN_POINT('Ctrl Pts',(-16.6958294272848,17.600640192621,1.24447612895761));
#5377=CARTESIAN_POINT('Ctrl Pts',(-16.6803263929992,17.5848361010504,1.24416067435765));
#5378=CARTESIAN_POINT('Ctrl Pts',(-16.66318574146,17.577510489307,1.24411905021924));
#5379=CARTESIAN_POINT('Ctrl Pts',(-16.6437159523768,17.6209806500523,1.26367730514909));
#5380=CARTESIAN_POINT('Ctrl Pts',(-16.6587956638204,17.6144871222244,1.26374348566317));
#5381=CARTESIAN_POINT('Ctrl Pts',(-16.6722066169132,17.6006401925681,1.26388409675727));
#5382=CARTESIAN_POINT('Ctrl Pts',(-16.6587956647284,17.5867932629916,1.26374348567018));
#5383=CARTESIAN_POINT('Ctrl Pts',(-16.6437159537636,17.5802997351128,1.2636773051551));
#5384=CARTESIAN_POINT('Ctrl Pts',(-16.6306116910381,17.6189869000907,1.26766311473581));
#5385=CARTESIAN_POINT('Ctrl Pts',(-16.6442930696426,17.6130864112856,1.26767836271871));
#5386=CARTESIAN_POINT('Ctrl Pts',(-16.6564587633276,17.6006401925375,1.26767488540376));
#5387=CARTESIAN_POINT('Ctrl Pts',(-16.6442930704659,17.5881939738682,1.26767836271869));
#5388=CARTESIAN_POINT('Ctrl Pts',(-16.630611692297,17.5822934850195,1.26766311473672));
#5389=CARTESIAN_POINT('Ctrl Pts',(-16.6244740058228,17.6180288608602,1.26810803171069));
#5390=CARTESIAN_POINT('Ctrl Pts',(-16.6375162809288,17.6124422486738,1.26810989227543));
#5391=CARTESIAN_POINT('Ctrl Pts',(-16.6491121563123,17.6006401925249,1.26811198999534));
#5392=CARTESIAN_POINT('Ctrl Pts',(-16.6375162817135,17.5888381364494,1.26810989227556));
#5393=CARTESIAN_POINT('Ctrl Pts',(-16.6244740070224,17.5832515242218,1.26810803171086));
#5394=CARTESIAN_POINT('Ctrl Pts',(-16.6680654554787,17.6243326164053,1.2185874614275));
#5395=CARTESIAN_POINT('Ctrl Pts',(-16.6682095920298,17.6233097485636,1.23938049366534));
#5396=CARTESIAN_POINT('Ctrl Pts',(-16.6558569423198,17.6212496923566,1.25793248313847));
#5397=CARTESIAN_POINT('Ctrl Pts',(-16.6481633126832,17.6153625267025,1.26438622246495));
#5398=CARTESIAN_POINT('Ctrl Pts',(-16.6425458182309,17.6110640197606,1.26909841249437));
#5399=CARTESIAN_POINT('Ctrl Pts',(-16.6425985731375,17.600725562079,1.26866200377373));
#5400=CARTESIAN_POINT('Ctrl Pts',(-16.6436963855617,17.5935412223276,1.26780987578442));
#5401=CARTESIAN_POINT('Ctrl Pts',(-16.6444527274453,17.5885915451876,1.26722279909052));
#5402=CARTESIAN_POINT('Ctrl Pts',(-16.6491044651533,17.5845194552492,1.26544367767962));
#5403=CARTESIAN_POINT('Ctrl Pts',(-16.656401855424,17.5816627341235,1.25563314989396));
#5404=CARTESIAN_POINT('Ctrl Pts',(-16.6630004343989,17.5790795777817,1.24676209599967));
#5405=CARTESIAN_POINT('Ctrl Pts',(-16.6681598951593,17.577617961195,1.23221125988338));
#5406=CARTESIAN_POINT('Ctrl Pts',(-16.6680654554787,17.5769477681628,1.21858746142751));
#5407=CARTESIAN_POINT('Ctrl Pts',(-16.4235788717609,17.6006401922841,1.2185874614275));
#5408=CARTESIAN_POINT('Ctrl Pts',(-16.4235788717609,17.6770394439895,1.2185874614275));
#5409=CARTESIAN_POINT('Ctrl Pts',(-16.4999695296162,17.6770394439895,1.2185874614275));
#5410=CARTESIAN_POINT('Ctrl Pts',(-16.5763601874714,17.6770394439895,1.2185874614275));
#5411=CARTESIAN_POINT('Ctrl Pts',(-16.5763601874714,17.6006401922841,1.2185874614275));
#5412=CARTESIAN_POINT('Ctrl Pts',(-16.5763601874714,17.5242409405786,1.2185874614275));
#5413=CARTESIAN_POINT('Ctrl Pts',(-16.4999695296162,17.5242409405786,1.2185874614275));
#5414=CARTESIAN_POINT('Ctrl Pts',(-16.4235788717609,17.5242409405786,1.2185874614275));
#5415=CARTESIAN_POINT('Ctrl Pts',(-16.4235788717609,17.6006401922841,1.2185874614275));
#5416=CARTESIAN_POINT('Ctrl Pts',(-16.4235788717609,17.6006401922841,1.1635874614275));
#5417=CARTESIAN_POINT('Ctrl Pts',(-16.4235788717609,17.6770394439895,1.1635874614275));
#5418=CARTESIAN_POINT('Ctrl Pts',(-16.4999695296162,17.6770394439895,1.1635874614275));
#5419=CARTESIAN_POINT('Ctrl Pts',(-16.5763601874714,17.6770394439895,1.1635874614275));
#5420=CARTESIAN_POINT('Ctrl Pts',(-16.5763601874714,17.6006401922841,1.1635874614275));
#5421=CARTESIAN_POINT('Ctrl Pts',(-16.5763601874714,17.5242409405786,1.1635874614275));
#5422=CARTESIAN_POINT('Ctrl Pts',(-16.4999695296162,17.5242409405786,1.1635874614275));
#5423=CARTESIAN_POINT('Ctrl Pts',(-16.4235788717609,17.5242409405786,1.1635874614275));
#5424=CARTESIAN_POINT('Ctrl Pts',(-16.4235788717609,17.6006401922841,1.1635874614275));
#5425=CARTESIAN_POINT('Ctrl Pts',(-16.3768956919604,17.6006401922841,1.1635874614275));
#5426=CARTESIAN_POINT('Ctrl Pts',(-16.3768956919604,17.7237278755873,1.1635874614275));
#5427=CARTESIAN_POINT('Ctrl Pts',(-16.4999695296162,17.7237278755873,1.1635874614275));
#5428=CARTESIAN_POINT('Ctrl Pts',(-16.6230433672719,17.7237278755873,1.1635874614275));
#5429=CARTESIAN_POINT('Ctrl Pts',(-16.6230433672719,17.6006401922841,1.1635874614275));
#5430=CARTESIAN_POINT('Ctrl Pts',(-16.6230433672719,17.4775525089808,1.1635874614275));
#5431=CARTESIAN_POINT('Ctrl Pts',(-16.4999695296162,17.4775525089808,1.1635874614275));
#5432=CARTESIAN_POINT('Ctrl Pts',(-16.3768956919604,17.4775525089808,1.1635874614275));
#5433=CARTESIAN_POINT('Ctrl Pts',(-16.3768956919604,17.6006401922841,1.1635874614275));
#5434=CARTESIAN_POINT('Ctrl Pts',(-16.33021251216,17.6006401922841,1.1635874614275));
#5435=CARTESIAN_POINT('Ctrl Pts',(-16.33021251216,17.7704163071851,1.1635874614275));
#5436=CARTESIAN_POINT('Ctrl Pts',(-16.4999695296162,17.7704163071851,1.1635874614275));
#5437=CARTESIAN_POINT('Ctrl Pts',(-16.6697265470724,17.7704163071851,1.1635874614275));
#5438=CARTESIAN_POINT('Ctrl Pts',(-16.6697265470724,17.6006401922841,1.1635874614275));
#5439=CARTESIAN_POINT('Ctrl Pts',(-16.6697265470724,17.430864077383,1.1635874614275));
#5440=CARTESIAN_POINT('Ctrl Pts',(-16.4999695296162,17.430864077383,1.1635874614275));
#5441=CARTESIAN_POINT('Ctrl Pts',(-16.33021251216,17.430864077383,1.1635874614275));
#5442=CARTESIAN_POINT('Ctrl Pts',(-16.33021251216,17.6006401922841,1.1635874614275));
#5443=CARTESIAN_POINT('Ctrl Pts',(-16.33021251216,17.6006401922841,1.2185874614275));
#5444=CARTESIAN_POINT('Ctrl Pts',(-16.33021251216,17.7704163071851,1.2185874614275));
#5445=CARTESIAN_POINT('Ctrl Pts',(-16.4999695296162,17.7704163071851,1.2185874614275));
#5446=CARTESIAN_POINT('Ctrl Pts',(-16.6697265470724,17.7704163071851,1.2185874614275));
#5447=CARTESIAN_POINT('Ctrl Pts',(-16.6697265470724,17.6006401922841,1.2185874614275));
#5448=CARTESIAN_POINT('Ctrl Pts',(-16.6697265470724,17.430864077383,1.2185874614275));
#5449=CARTESIAN_POINT('Ctrl Pts',(-16.4999695296162,17.430864077383,1.2185874614275));
#5450=CARTESIAN_POINT('Ctrl Pts',(-16.33021251216,17.430864077383,1.2185874614275));
#5451=CARTESIAN_POINT('Ctrl Pts',(-16.33021251216,17.6006401922841,1.2185874614275));
#5452=CARTESIAN_POINT('Ctrl Pts',(-16.33021251216,17.6006401922841,1.2735874614275));
#5453=CARTESIAN_POINT('Ctrl Pts',(-16.33021251216,17.7704163071851,1.2735874614275));
#5454=CARTESIAN_POINT('Ctrl Pts',(-16.4999695296162,17.7704163071851,1.2735874614275));
#5455=CARTESIAN_POINT('Ctrl Pts',(-16.6697265470724,17.7704163071851,1.2735874614275));
#5456=CARTESIAN_POINT('Ctrl Pts',(-16.6697265470724,17.6006401922841,1.2735874614275));
#5457=CARTESIAN_POINT('Ctrl Pts',(-16.6697265470724,17.430864077383,1.2735874614275));
#5458=CARTESIAN_POINT('Ctrl Pts',(-16.4999695296162,17.430864077383,1.2735874614275));
#5459=CARTESIAN_POINT('Ctrl Pts',(-16.33021251216,17.430864077383,1.2735874614275));
#5460=CARTESIAN_POINT('Ctrl Pts',(-16.33021251216,17.6006401922841,1.2735874614275));
#5461=CARTESIAN_POINT('Ctrl Pts',(-16.3768956919604,17.6006401922841,1.2735874614275));
#5462=CARTESIAN_POINT('Ctrl Pts',(-16.3768956919604,17.7237278755873,1.2735874614275));
#5463=CARTESIAN_POINT('Ctrl Pts',(-16.4999695296162,17.7237278755873,1.2735874614275));
#5464=CARTESIAN_POINT('Ctrl Pts',(-16.6230433672719,17.7237278755873,1.2735874614275));
#5465=CARTESIAN_POINT('Ctrl Pts',(-16.6230433672719,17.6006401922841,1.2735874614275));
#5466=CARTESIAN_POINT('Ctrl Pts',(-16.6230433672719,17.4775525089808,1.2735874614275));
#5467=CARTESIAN_POINT('Ctrl Pts',(-16.4999695296162,17.4775525089808,1.2735874614275));
#5468=CARTESIAN_POINT('Ctrl Pts',(-16.3768956919604,17.4775525089808,1.2735874614275));
#5469=CARTESIAN_POINT('Ctrl Pts',(-16.3768956919604,17.6006401922841,1.2735874614275));
#5470=CARTESIAN_POINT('Ctrl Pts',(-16.4235788717609,17.6006401922841,1.2735874614275));
#5471=CARTESIAN_POINT('Ctrl Pts',(-16.4235788717609,17.6770394439895,1.2735874614275));
#5472=CARTESIAN_POINT('Ctrl Pts',(-16.4999695296162,17.6770394439895,1.2735874614275));
#5473=CARTESIAN_POINT('Ctrl Pts',(-16.5763601874714,17.6770394439895,1.2735874614275));
#5474=CARTESIAN_POINT('Ctrl Pts',(-16.5763601874714,17.6006401922841,1.2735874614275));
#5475=CARTESIAN_POINT('Ctrl Pts',(-16.5763601874714,17.5242409405786,1.2735874614275));
#5476=CARTESIAN_POINT('Ctrl Pts',(-16.4999695296162,17.5242409405786,1.2735874614275));
#5477=CARTESIAN_POINT('Ctrl Pts',(-16.4235788717609,17.5242409405786,1.2735874614275));
#5478=CARTESIAN_POINT('Ctrl Pts',(-16.4235788717609,17.6006401922841,1.2735874614275));
#5479=CARTESIAN_POINT('Ctrl Pts',(-16.4235788717609,17.6006401922841,1.2185874614275));
#5480=CARTESIAN_POINT('Ctrl Pts',(-16.4235788717609,17.6770394439895,1.2185874614275));
#5481=CARTESIAN_POINT('Ctrl Pts',(-16.4999695296162,17.6770394439895,1.2185874614275));
#5482=CARTESIAN_POINT('Ctrl Pts',(-16.5763601874714,17.6770394439895,1.2185874614275));
#5483=CARTESIAN_POINT('Ctrl Pts',(-16.5763601874714,17.6006401922841,1.2185874614275));
#5484=CARTESIAN_POINT('Ctrl Pts',(-16.5763601874714,17.5242409405786,1.2185874614275));
#5485=CARTESIAN_POINT('Ctrl Pts',(-16.4999695296162,17.5242409405786,1.2185874614275));
#5486=CARTESIAN_POINT('Ctrl Pts',(-16.4235788717609,17.5242409405786,1.2185874614275));
#5487=CARTESIAN_POINT('Ctrl Pts',(-16.4235788717609,17.6006401922841,1.2185874614275));
#5488=CARTESIAN_POINT('Origin',(-16.4999695296162,17.6006401922841,1.2185874614275));
#5489=CARTESIAN_POINT('',(-16.3768956919604,17.6006401922841,1.2735874614275));
#5490=CARTESIAN_POINT('Ctrl Pts',(-16.3768956919604,17.6006401922841,1.2735874614275));
#5491=CARTESIAN_POINT('Ctrl Pts',(-16.3703884163841,17.6006401922841,1.2735874614275));
#5492=CARTESIAN_POINT('Ctrl Pts',(-16.3632603989207,17.6006401922841,1.27190891217205));
#5493=CARTESIAN_POINT('Ctrl Pts',(-16.3565870266389,17.6006401922841,1.26811029271314));
#5494=CARTESIAN_POINT('Origin',(-16.4999695296162,17.6006401922841,1.2735874614275));
#5495=CARTESIAN_POINT('Ctrl Pts',(-16.4783982538741,17.4322403569158,0.3785874614275));
#5496=CARTESIAN_POINT('Ctrl Pts',(-16.3499027836746,17.4487037631813,0.3785874614275));
#5497=CARTESIAN_POINT('Ctrl Pts',(-16.3318659666798,17.5770020281699,0.3785874614275));
#5498=CARTESIAN_POINT('Ctrl Pts',(-16.4783982538741,17.4322403569158,1.2185874614275));
#5499=CARTESIAN_POINT('Ctrl Pts',(-16.3499027836746,17.4487037631813,1.2185874614275));
#5500=CARTESIAN_POINT('Ctrl Pts',(-16.3318659666798,17.5770020281699,1.2185874614275));
#5501=CARTESIAN_POINT('Origin',(-16.4999695296162,17.6006401922841,0.323587461427501));
#5502=CARTESIAN_POINT('Origin',(-16.4999695296162,17.6006401922841,1.2735874614275));
#5503=CARTESIAN_POINT('Origin',(-17.84,17.23,0.694491961998629));
#5504=CARTESIAN_POINT('',(-18.48,17.23,0.814491961998629));
#5505=CARTESIAN_POINT('Origin',(-18.48,17.23,0.694491961998629));
#5506=CARTESIAN_POINT('',(-17.21,17.23,0.81449196199863));
#5507=CARTESIAN_POINT('Origin',(-17.21,17.23,0.694491961998629));
#5508=CARTESIAN_POINT('Origin',(-18.48,17.23,0.694491961998629));
#5509=CARTESIAN_POINT('Origin',(-17.21,17.23,0.694491961998629));
#5510=UNCERTAINTY_MEASURE_WITH_UNIT(LENGTH_MEASURE(0.001),#5512,
'DISTANCE_ACCURACY_VALUE',
'Maximum model space distance between geometric entities at asserted c
onnectivities');
#5511=(
GEOMETRIC_REPRESENTATION_CONTEXT(3)
GLOBAL_UNCERTAINTY_ASSIGNED_CONTEXT((#5510))
GLOBAL_UNIT_ASSIGNED_CONTEXT((#5512,#5514,#5513))
REPRESENTATION_CONTEXT('','3D')
);
#5512=(
LENGTH_UNIT()
NAMED_UNIT(*)
SI_UNIT(.CENTI.,.METRE.)
);
#5513=(
NAMED_UNIT(*)
SI_UNIT($,.STERADIAN.)
SOLID_ANGLE_UNIT()
);
#5514=(
NAMED_UNIT(*)
PLANE_ANGLE_UNIT()
SI_UNIT($,.RADIAN.)
);
#5515=SHAPE_DEFINITION_REPRESENTATION(#5516,#5517);
#5516=PRODUCT_DEFINITION_SHAPE('',$,#5519);
#5517=SHAPE_REPRESENTATION('',(#2095),#5511);
#5518=PRODUCT_DEFINITION_CONTEXT('3D Mechanical Parts',#5522,'design');
#5519=PRODUCT_DEFINITION('Tilt-Pico-Case-v2-4-3dp-parts x1',
'Tilt-Pico-Case-v2-4-3dp-parts x1',#5520,#5518);
#5520=PRODUCT_DEFINITION_FORMATION('',$,#5524);
#5521=APPLICATION_PROTOCOL_DEFINITION('international standard',
'automotive_design',2009,#5522);
#5522=APPLICATION_CONTEXT(
'Core Data for Automotive Mechanical Design Process');
#5523=PRODUCT_CONTEXT('3D Mechanical Parts',#5522,'mechanical');
#5524=PRODUCT('Tilt-Pico-Case-v2-4-3dp-parts x1',
'Tilt-Pico-Case-v2-4-3dp-parts x1',$,(#5523));
#5525=PRESENTATION_STYLE_ASSIGNMENT((#5527));
#5526=PRESENTATION_STYLE_ASSIGNMENT((#5528));
#5527=SURFACE_STYLE_USAGE(.BOTH.,#5529);
#5528=SURFACE_STYLE_USAGE(.BOTH.,#5530);
#5529=SURFACE_SIDE_STYLE($,(#5531));
#5530=SURFACE_SIDE_STYLE($,(#5532));
#5531=SURFACE_STYLE_FILL_AREA(#5533);
#5532=SURFACE_STYLE_FILL_AREA(#5534);
#5533=FILL_AREA_STYLE($,(#5535));
#5534=FILL_AREA_STYLE($,(#5536));
#5535=FILL_AREA_STYLE_COLOUR($,#5537);
#5536=FILL_AREA_STYLE_COLOUR($,#5538);
#5537=COLOUR_RGB('__RGBA_0.322_0.702_0.937',0.32156862745098,0.701960784313725,
0.937254901960784);
#5538=COLOUR_RGB('__RGBA_0.596078_0.627451_0.643137',0.596078431372549,
0.627450980392157,0.643137254901961);
ENDSEC;
END-ISO-10303-21;
